ISO-10303-21;
HEADER;
/* Generated by software containing ST-Developer
 * from STEP Tools, Inc. (www.steptools.com) 
 */
/* OPTION: using custom renumber hook */

FILE_DESCRIPTION(
/* description */ ('STEP AP242',
'CAx-IF Rec.Pracs.---Representation and Presentation of Product Manufa
cturing Information (PMI)---4.0---2014-10-13',
'CAx-IF Rec.Pracs.---3D Tessellated Geometry---0.4---2014-09-14','2;1'),

/* implementation_level */ '2;1');

FILE_NAME(
/* name */ '68646b843fa5493f30125bd8',
/* time_stamp */ '2025-07-01T23:13:08Z',
/* author */ (''),
/* organization */ (''),
/* preprocessor_version */ 'ST-DEVELOPER v20',
/* originating_system */ 'ONSHAPE BY PTC INC, 1.200',
/* authorisation */ '  ');

FILE_SCHEMA (('AP242_MANAGED_MODEL_BASED_3D_ENGINEERING_MIM_LF { 1 0 10303 442 1 1 4 }'));
ENDSEC;

DATA;
#10=SHAPE_REPRESENTATION_RELATIONSHIP('','',#3891,#11);
#11=ADVANCED_BREP_SHAPE_REPRESENTATION('',(#3889),#6797);
#12=TOROIDAL_SURFACE('',#4072,0.004,0.001);
#13=TOROIDAL_SURFACE('',#4079,0.004,0.001);
#14=TOROIDAL_SURFACE('',#4081,0.004,0.001);
#15=TOROIDAL_SURFACE('',#4087,0.004,0.001);
#16=B_SPLINE_SURFACE_WITH_KNOTS('',3,1,((#5416,#5417),(#5418,#5419),(#5420,
#5421),(#5422,#5423)),.SURF_OF_LINEAR_EXTRUSION.,.F.,.F.,.F.,(4,4),(2,2),
(0.,1.),(0.,1.),.PIECEWISE_BEZIER_KNOTS.);
#17=B_SPLINE_SURFACE_WITH_KNOTS('',3,1,((#5436,#5437),(#5438,#5439),(#5440,
#5441),(#5442,#5443)),.SURF_OF_LINEAR_EXTRUSION.,.F.,.F.,.F.,(4,4),(2,2),
(0.,1.),(0.,1.),.PIECEWISE_BEZIER_KNOTS.);
#18=B_SPLINE_SURFACE_WITH_KNOTS('',3,1,((#5453,#5454),(#5455,#5456),(#5457,
#5458),(#5459,#5460)),.SURF_OF_LINEAR_EXTRUSION.,.F.,.F.,.F.,(4,4),(2,2),
(0.,1.),(0.,1.),.PIECEWISE_BEZIER_KNOTS.);
#19=B_SPLINE_SURFACE_WITH_KNOTS('',3,1,((#5470,#5471),(#5472,#5473),(#5474,
#5475),(#5476,#5477)),.SURF_OF_LINEAR_EXTRUSION.,.F.,.F.,.F.,(4,4),(2,2),
(0.,1.),(0.,1.),.PIECEWISE_BEZIER_KNOTS.);
#20=B_SPLINE_SURFACE_WITH_KNOTS('',3,1,((#5493,#5494),(#5495,#5496),(#5497,
#5498),(#5499,#5500)),.SURF_OF_LINEAR_EXTRUSION.,.F.,.F.,.F.,(4,4),(2,2),
(0.,1.),(0.,1.),.PIECEWISE_BEZIER_KNOTS.);
#21=B_SPLINE_SURFACE_WITH_KNOTS('',3,1,((#5510,#5511),(#5512,#5513),(#5514,
#5515),(#5516,#5517)),.SURF_OF_LINEAR_EXTRUSION.,.F.,.F.,.F.,(4,4),(2,2),
(0.,1.),(0.,1.),.PIECEWISE_BEZIER_KNOTS.);
#22=B_SPLINE_SURFACE_WITH_KNOTS('',3,1,((#5533,#5534),(#5535,#5536),(#5537,
#5538),(#5539,#5540)),.SURF_OF_LINEAR_EXTRUSION.,.F.,.F.,.F.,(4,4),(2,2),
(0.,1.),(0.,1.),.PIECEWISE_BEZIER_KNOTS.);
#23=B_SPLINE_SURFACE_WITH_KNOTS('',3,1,((#5548,#5549),(#5550,#5551),(#5552,
#5553),(#5554,#5555)),.SURF_OF_LINEAR_EXTRUSION.,.F.,.F.,.F.,(4,4),(2,2),
(0.,1.),(0.,1.),.PIECEWISE_BEZIER_KNOTS.);
#24=B_SPLINE_SURFACE_WITH_KNOTS('',3,1,((#5593,#5594),(#5595,#5596),(#5597,
#5598),(#5599,#5600)),.SURF_OF_LINEAR_EXTRUSION.,.F.,.F.,.F.,(4,4),(2,2),
(0.,1.),(0.,1.),.PIECEWISE_BEZIER_KNOTS.);
#25=B_SPLINE_SURFACE_WITH_KNOTS('',3,1,((#5606,#5607),(#5608,#5609),(#5610,
#5611),(#5612,#5613)),.SURF_OF_LINEAR_EXTRUSION.,.F.,.F.,.F.,(4,4),(2,2),
(0.,1.),(0.,1.),.PIECEWISE_BEZIER_KNOTS.);
#26=B_SPLINE_SURFACE_WITH_KNOTS('',3,1,((#5619,#5620),(#5621,#5622),(#5623,
#5624),(#5625,#5626)),.SURF_OF_LINEAR_EXTRUSION.,.F.,.F.,.F.,(4,4),(2,2),
(0.,1.),(0.,1.),.PIECEWISE_BEZIER_KNOTS.);
#27=B_SPLINE_SURFACE_WITH_KNOTS('',3,1,((#5632,#5633),(#5634,#5635),(#5636,
#5637),(#5638,#5639)),.SURF_OF_LINEAR_EXTRUSION.,.F.,.F.,.F.,(4,4),(2,2),
(0.,1.),(0.,1.),.PIECEWISE_BEZIER_KNOTS.);
#28=B_SPLINE_SURFACE_WITH_KNOTS('',3,1,((#5643,#5644),(#5645,#5646),(#5647,
#5648),(#5649,#5650)),.SURF_OF_LINEAR_EXTRUSION.,.F.,.F.,.F.,(4,4),(2,2),
(0.,1.),(0.,1.),.PIECEWISE_BEZIER_KNOTS.);
#29=B_SPLINE_SURFACE_WITH_KNOTS('',3,1,((#5673,#5674),(#5675,#5676),(#5677,
#5678),(#5679,#5680)),.SURF_OF_LINEAR_EXTRUSION.,.F.,.F.,.F.,(4,4),(2,2),
(0.,1.),(0.,1.),.PIECEWISE_BEZIER_KNOTS.);
#30=B_SPLINE_SURFACE_WITH_KNOTS('',3,1,((#5690,#5691),(#5692,#5693),(#5694,
#5695),(#5696,#5697)),.SURF_OF_LINEAR_EXTRUSION.,.F.,.F.,.F.,(4,4),(2,2),
(0.,1.),(0.,1.),.PIECEWISE_BEZIER_KNOTS.);
#31=B_SPLINE_SURFACE_WITH_KNOTS('',3,1,((#5707,#5708),(#5709,#5710),(#5711,
#5712),(#5713,#5714)),.SURF_OF_LINEAR_EXTRUSION.,.F.,.F.,.F.,(4,4),(2,2),
(0.,1.),(0.,1.),.PIECEWISE_BEZIER_KNOTS.);
#32=B_SPLINE_SURFACE_WITH_KNOTS('',3,1,((#5724,#5725),(#5726,#5727),(#5728,
#5729),(#5730,#5731)),.SURF_OF_LINEAR_EXTRUSION.,.F.,.F.,.F.,(4,4),(2,2),
(0.,1.),(0.,1.),.PIECEWISE_BEZIER_KNOTS.);
#33=B_SPLINE_SURFACE_WITH_KNOTS('',3,1,((#5755,#5756),(#5757,#5758),(#5759,
#5760),(#5761,#5762)),.SURF_OF_LINEAR_EXTRUSION.,.F.,.F.,.F.,(4,4),(2,2),
(0.,1.),(0.,1.),.PIECEWISE_BEZIER_KNOTS.);
#34=B_SPLINE_SURFACE_WITH_KNOTS('',3,1,((#5768,#5769),(#5770,#5771),(#5772,
#5773),(#5774,#5775)),.SURF_OF_LINEAR_EXTRUSION.,.F.,.F.,.F.,(4,4),(2,2),
(0.,1.),(0.,1.),.PIECEWISE_BEZIER_KNOTS.);
#35=B_SPLINE_SURFACE_WITH_KNOTS('',3,1,((#5781,#5782),(#5783,#5784),(#5785,
#5786),(#5787,#5788)),.SURF_OF_LINEAR_EXTRUSION.,.F.,.F.,.F.,(4,4),(2,2),
(0.,1.),(0.,1.),.PIECEWISE_BEZIER_KNOTS.);
#36=B_SPLINE_SURFACE_WITH_KNOTS('',3,1,((#5798,#5799),(#5800,#5801),(#5802,
#5803),(#5804,#5805)),.SURF_OF_LINEAR_EXTRUSION.,.F.,.F.,.F.,(4,4),(2,2),
(0.,1.),(0.,1.),.PIECEWISE_BEZIER_KNOTS.);
#37=B_SPLINE_SURFACE_WITH_KNOTS('',3,1,((#5811,#5812),(#5813,#5814),(#5815,
#5816),(#5817,#5818)),.SURF_OF_LINEAR_EXTRUSION.,.F.,.F.,.F.,(4,4),(2,2),
(0.,1.),(0.,1.),.PIECEWISE_BEZIER_KNOTS.);
#38=B_SPLINE_SURFACE_WITH_KNOTS('',3,1,((#5832,#5833),(#5834,#5835),(#5836,
#5837),(#5838,#5839)),.SURF_OF_LINEAR_EXTRUSION.,.F.,.F.,.F.,(4,4),(2,2),
(0.,1.),(0.,1.),.PIECEWISE_BEZIER_KNOTS.);
#39=B_SPLINE_SURFACE_WITH_KNOTS('',3,1,((#5845,#5846),(#5847,#5848),(#5849,
#5850),(#5851,#5852)),.SURF_OF_LINEAR_EXTRUSION.,.F.,.F.,.F.,(4,4),(2,2),
(0.,1.),(0.,1.),.PIECEWISE_BEZIER_KNOTS.);
#40=B_SPLINE_SURFACE_WITH_KNOTS('',3,1,((#5858,#5859),(#5860,#5861),(#5862,
#5863),(#5864,#5865)),.SURF_OF_LINEAR_EXTRUSION.,.F.,.F.,.F.,(4,4),(2,2),
(0.,1.),(0.,1.),.PIECEWISE_BEZIER_KNOTS.);
#41=B_SPLINE_SURFACE_WITH_KNOTS('',3,1,((#5871,#5872),(#5873,#5874),(#5875,
#5876),(#5877,#5878)),.SURF_OF_LINEAR_EXTRUSION.,.F.,.F.,.F.,(4,4),(2,2),
(0.,1.),(0.,1.),.PIECEWISE_BEZIER_KNOTS.);
#42=B_SPLINE_SURFACE_WITH_KNOTS('',3,1,((#5884,#5885),(#5886,#5887),(#5888,
#5889),(#5890,#5891)),.SURF_OF_LINEAR_EXTRUSION.,.F.,.F.,.F.,(4,4),(2,2),
(0.,1.),(0.,1.),.PIECEWISE_BEZIER_KNOTS.);
#43=B_SPLINE_SURFACE_WITH_KNOTS('',3,1,((#5897,#5898),(#5899,#5900),(#5901,
#5902),(#5903,#5904)),.SURF_OF_LINEAR_EXTRUSION.,.F.,.F.,.F.,(4,4),(2,2),
(0.,1.),(0.,1.),.PIECEWISE_BEZIER_KNOTS.);
#44=B_SPLINE_SURFACE_WITH_KNOTS('',3,1,((#5912,#5913),(#5914,#5915),(#5916,
#5917),(#5918,#5919)),.SURF_OF_LINEAR_EXTRUSION.,.F.,.F.,.F.,(4,4),(2,2),
(0.,1.),(0.,1.),.PIECEWISE_BEZIER_KNOTS.);
#45=B_SPLINE_SURFACE_WITH_KNOTS('',3,1,((#5927,#5928),(#5929,#5930),(#5931,
#5932),(#5933,#5934)),.SURF_OF_LINEAR_EXTRUSION.,.F.,.F.,.F.,(4,4),(2,2),
(0.,1.),(0.,1.),.PIECEWISE_BEZIER_KNOTS.);
#46=B_SPLINE_SURFACE_WITH_KNOTS('',3,1,((#5947,#5948),(#5949,#5950),(#5951,
#5952),(#5953,#5954)),.SURF_OF_LINEAR_EXTRUSION.,.F.,.F.,.F.,(4,4),(2,2),
(0.,1.),(0.,1.),.PIECEWISE_BEZIER_KNOTS.);
#47=B_SPLINE_SURFACE_WITH_KNOTS('',3,1,((#5964,#5965),(#5966,#5967),(#5968,
#5969),(#5970,#5971)),.SURF_OF_LINEAR_EXTRUSION.,.F.,.F.,.F.,(4,4),(2,2),
(0.,1.),(0.,1.),.PIECEWISE_BEZIER_KNOTS.);
#48=B_SPLINE_SURFACE_WITH_KNOTS('',3,1,((#5981,#5982),(#5983,#5984),(#5985,
#5986),(#5987,#5988)),.SURF_OF_LINEAR_EXTRUSION.,.F.,.F.,.F.,(4,4),(2,2),
(0.,1.),(0.,1.),.PIECEWISE_BEZIER_KNOTS.);
#49=B_SPLINE_SURFACE_WITH_KNOTS('',3,1,((#5998,#5999),(#6000,#6001),(#6002,
#6003),(#6004,#6005)),.SURF_OF_LINEAR_EXTRUSION.,.F.,.F.,.F.,(4,4),(2,2),
(0.,1.),(0.,1.),.PIECEWISE_BEZIER_KNOTS.);
#50=B_SPLINE_SURFACE_WITH_KNOTS('',3,1,((#6015,#6016),(#6017,#6018),(#6019,
#6020),(#6021,#6022)),.SURF_OF_LINEAR_EXTRUSION.,.F.,.F.,.F.,(4,4),(2,2),
(0.,1.),(0.,1.),.PIECEWISE_BEZIER_KNOTS.);
#51=B_SPLINE_SURFACE_WITH_KNOTS('',3,1,((#6038,#6039),(#6040,#6041),(#6042,
#6043),(#6044,#6045)),.SURF_OF_LINEAR_EXTRUSION.,.F.,.F.,.F.,(4,4),(2,2),
(0.,1.),(0.,1.),.PIECEWISE_BEZIER_KNOTS.);
#52=B_SPLINE_SURFACE_WITH_KNOTS('',3,1,((#6057,#6058),(#6059,#6060),(#6061,
#6062),(#6063,#6064)),.SURF_OF_LINEAR_EXTRUSION.,.F.,.F.,.F.,(4,4),(2,2),
(0.,1.),(0.,1.),.PIECEWISE_BEZIER_KNOTS.);
#53=B_SPLINE_SURFACE_WITH_KNOTS('',3,1,((#6070,#6071),(#6072,#6073),(#6074,
#6075),(#6076,#6077)),.SURF_OF_LINEAR_EXTRUSION.,.F.,.F.,.F.,(4,4),(2,2),
(0.,1.),(0.,1.),.PIECEWISE_BEZIER_KNOTS.);
#54=B_SPLINE_SURFACE_WITH_KNOTS('',3,1,((#6083,#6084),(#6085,#6086),(#6087,
#6088),(#6089,#6090)),.SURF_OF_LINEAR_EXTRUSION.,.F.,.F.,.F.,(4,4),(2,2),
(0.,1.),(0.,1.),.PIECEWISE_BEZIER_KNOTS.);
#55=B_SPLINE_SURFACE_WITH_KNOTS('',3,1,((#6096,#6097),(#6098,#6099),(#6100,
#6101),(#6102,#6103)),.SURF_OF_LINEAR_EXTRUSION.,.F.,.F.,.F.,(4,4),(2,2),
(0.,1.),(0.,1.),.PIECEWISE_BEZIER_KNOTS.);
#56=B_SPLINE_SURFACE_WITH_KNOTS('',3,1,((#6109,#6110),(#6111,#6112),(#6113,
#6114),(#6115,#6116)),.SURF_OF_LINEAR_EXTRUSION.,.F.,.F.,.F.,(4,4),(2,2),
(0.,1.),(0.,1.),.PIECEWISE_BEZIER_KNOTS.);
#57=B_SPLINE_SURFACE_WITH_KNOTS('',3,1,((#6152,#6153),(#6154,#6155),(#6156,
#6157),(#6158,#6159)),.SURF_OF_LINEAR_EXTRUSION.,.F.,.F.,.F.,(4,4),(2,2),
(0.,1.),(0.,1.),.PIECEWISE_BEZIER_KNOTS.);
#58=B_SPLINE_SURFACE_WITH_KNOTS('',3,1,((#6182,#6183),(#6184,#6185),(#6186,
#6187),(#6188,#6189)),.SURF_OF_LINEAR_EXTRUSION.,.F.,.F.,.F.,(4,4),(2,2),
(0.,1.),(0.,1.),.PIECEWISE_BEZIER_KNOTS.);
#59=B_SPLINE_SURFACE_WITH_KNOTS('',3,1,((#6199,#6200),(#6201,#6202),(#6203,
#6204),(#6205,#6206)),.SURF_OF_LINEAR_EXTRUSION.,.F.,.F.,.F.,(4,4),(2,2),
(0.,1.),(0.,1.),.PIECEWISE_BEZIER_KNOTS.);
#60=B_SPLINE_SURFACE_WITH_KNOTS('',3,1,((#6216,#6217),(#6218,#6219),(#6220,
#6221),(#6222,#6223)),.SURF_OF_LINEAR_EXTRUSION.,.F.,.F.,.F.,(4,4),(2,2),
(0.,1.),(0.,1.),.PIECEWISE_BEZIER_KNOTS.);
#61=B_SPLINE_SURFACE_WITH_KNOTS('',3,1,((#6233,#6234),(#6235,#6236),(#6237,
#6238),(#6239,#6240)),.SURF_OF_LINEAR_EXTRUSION.,.F.,.F.,.F.,(4,4),(2,2),
(0.,1.),(0.,1.),.PIECEWISE_BEZIER_KNOTS.);
#62=B_SPLINE_SURFACE_WITH_KNOTS('',3,1,((#6264,#6265),(#6266,#6267),(#6268,
#6269),(#6270,#6271)),.SURF_OF_LINEAR_EXTRUSION.,.F.,.F.,.F.,(4,4),(2,2),
(0.,1.),(0.,1.),.PIECEWISE_BEZIER_KNOTS.);
#63=B_SPLINE_SURFACE_WITH_KNOTS('',3,1,((#6277,#6278),(#6279,#6280),(#6281,
#6282),(#6283,#6284)),.SURF_OF_LINEAR_EXTRUSION.,.F.,.F.,.F.,(4,4),(2,2),
(0.,1.),(0.,1.),.PIECEWISE_BEZIER_KNOTS.);
#64=B_SPLINE_SURFACE_WITH_KNOTS('',3,1,((#6290,#6291),(#6292,#6293),(#6294,
#6295),(#6296,#6297)),.SURF_OF_LINEAR_EXTRUSION.,.F.,.F.,.F.,(4,4),(2,2),
(0.,1.),(0.,1.),.PIECEWISE_BEZIER_KNOTS.);
#65=B_SPLINE_SURFACE_WITH_KNOTS('',3,1,((#6307,#6308),(#6309,#6310),(#6311,
#6312),(#6313,#6314)),.SURF_OF_LINEAR_EXTRUSION.,.F.,.F.,.F.,(4,4),(2,2),
(0.,1.),(0.,1.),.PIECEWISE_BEZIER_KNOTS.);
#66=B_SPLINE_SURFACE_WITH_KNOTS('',3,1,((#6320,#6321),(#6322,#6323),(#6324,
#6325),(#6326,#6327)),.SURF_OF_LINEAR_EXTRUSION.,.F.,.F.,.F.,(4,4),(2,2),
(0.,1.),(0.,1.),.PIECEWISE_BEZIER_KNOTS.);
#67=B_SPLINE_SURFACE_WITH_KNOTS('',3,1,((#6341,#6342),(#6343,#6344),(#6345,
#6346),(#6347,#6348)),.SURF_OF_LINEAR_EXTRUSION.,.F.,.F.,.F.,(4,4),(2,2),
(0.,1.),(0.,1.),.PIECEWISE_BEZIER_KNOTS.);
#68=B_SPLINE_SURFACE_WITH_KNOTS('',3,1,((#6354,#6355),(#6356,#6357),(#6358,
#6359),(#6360,#6361)),.SURF_OF_LINEAR_EXTRUSION.,.F.,.F.,.F.,(4,4),(2,2),
(0.,1.),(0.,1.),.PIECEWISE_BEZIER_KNOTS.);
#69=B_SPLINE_SURFACE_WITH_KNOTS('',3,1,((#6367,#6368),(#6369,#6370),(#6371,
#6372),(#6373,#6374)),.SURF_OF_LINEAR_EXTRUSION.,.F.,.F.,.F.,(4,4),(2,2),
(0.,1.),(0.,1.),.PIECEWISE_BEZIER_KNOTS.);
#70=B_SPLINE_SURFACE_WITH_KNOTS('',3,1,((#6380,#6381),(#6382,#6383),(#6384,
#6385),(#6386,#6387)),.SURF_OF_LINEAR_EXTRUSION.,.F.,.F.,.F.,(4,4),(2,2),
(0.,1.),(0.,1.),.PIECEWISE_BEZIER_KNOTS.);
#71=B_SPLINE_SURFACE_WITH_KNOTS('',3,1,((#6393,#6394),(#6395,#6396),(#6397,
#6398),(#6399,#6400)),.SURF_OF_LINEAR_EXTRUSION.,.F.,.F.,.F.,(4,4),(2,2),
(0.,1.),(0.,1.),.PIECEWISE_BEZIER_KNOTS.);
#72=B_SPLINE_SURFACE_WITH_KNOTS('',3,1,((#6406,#6407),(#6408,#6409),(#6410,
#6411),(#6412,#6413)),.SURF_OF_LINEAR_EXTRUSION.,.F.,.F.,.F.,(4,4),(2,2),
(0.,1.),(0.,1.),.PIECEWISE_BEZIER_KNOTS.);
#73=B_SPLINE_SURFACE_WITH_KNOTS('',3,1,((#6421,#6422),(#6423,#6424),(#6425,
#6426),(#6427,#6428)),.SURF_OF_LINEAR_EXTRUSION.,.F.,.F.,.F.,(4,4),(2,2),
(0.,1.),(0.,1.),.PIECEWISE_BEZIER_KNOTS.);
#74=B_SPLINE_SURFACE_WITH_KNOTS('',3,1,((#6468,#6469),(#6470,#6471),(#6472,
#6473),(#6474,#6475)),.SURF_OF_LINEAR_EXTRUSION.,.F.,.F.,.F.,(4,4),(2,2),
(0.,1.),(0.,1.),.PIECEWISE_BEZIER_KNOTS.);
#75=B_SPLINE_SURFACE_WITH_KNOTS('',3,1,((#6485,#6486),(#6487,#6488),(#6489,
#6490),(#6491,#6492)),.SURF_OF_LINEAR_EXTRUSION.,.F.,.F.,.F.,(4,4),(2,2),
(0.,1.),(0.,1.),.PIECEWISE_BEZIER_KNOTS.);
#76=B_SPLINE_SURFACE_WITH_KNOTS('',3,1,((#6502,#6503),(#6504,#6505),(#6506,
#6507),(#6508,#6509)),.SURF_OF_LINEAR_EXTRUSION.,.F.,.F.,.F.,(4,4),(2,2),
(0.,1.),(0.,1.),.PIECEWISE_BEZIER_KNOTS.);
#77=B_SPLINE_SURFACE_WITH_KNOTS('',3,1,((#6519,#6520),(#6521,#6522),(#6523,
#6524),(#6525,#6526)),.SURF_OF_LINEAR_EXTRUSION.,.F.,.F.,.F.,(4,4),(2,2),
(0.,1.),(0.,1.),.PIECEWISE_BEZIER_KNOTS.);
#78=B_SPLINE_SURFACE_WITH_KNOTS('',3,1,((#6550,#6551),(#6552,#6553),(#6554,
#6555),(#6556,#6557)),.SURF_OF_LINEAR_EXTRUSION.,.F.,.F.,.F.,(4,4),(2,2),
(0.,1.),(0.,1.),.PIECEWISE_BEZIER_KNOTS.);
#79=B_SPLINE_SURFACE_WITH_KNOTS('',3,1,((#6563,#6564),(#6565,#6566),(#6567,
#6568),(#6569,#6570)),.SURF_OF_LINEAR_EXTRUSION.,.F.,.F.,.F.,(4,4),(2,2),
(0.,1.),(0.,1.),.PIECEWISE_BEZIER_KNOTS.);
#80=B_SPLINE_SURFACE_WITH_KNOTS('',3,1,((#6576,#6577),(#6578,#6579),(#6580,
#6581),(#6582,#6583)),.SURF_OF_LINEAR_EXTRUSION.,.F.,.F.,.F.,(4,4),(2,2),
(0.,1.),(0.,1.),.PIECEWISE_BEZIER_KNOTS.);
#81=B_SPLINE_SURFACE_WITH_KNOTS('',3,1,((#6593,#6594),(#6595,#6596),(#6597,
#6598),(#6599,#6600)),.SURF_OF_LINEAR_EXTRUSION.,.F.,.F.,.F.,(4,4),(2,2),
(0.,1.),(0.,1.),.PIECEWISE_BEZIER_KNOTS.);
#82=B_SPLINE_SURFACE_WITH_KNOTS('',3,1,((#6606,#6607),(#6608,#6609),(#6610,
#6611),(#6612,#6613)),.SURF_OF_LINEAR_EXTRUSION.,.F.,.F.,.F.,(4,4),(2,2),
(0.,1.),(0.,1.),.PIECEWISE_BEZIER_KNOTS.);
#83=B_SPLINE_SURFACE_WITH_KNOTS('',3,1,((#6627,#6628),(#6629,#6630),(#6631,
#6632),(#6633,#6634)),.SURF_OF_LINEAR_EXTRUSION.,.F.,.F.,.F.,(4,4),(2,2),
(0.,1.),(0.,1.),.PIECEWISE_BEZIER_KNOTS.);
#84=B_SPLINE_SURFACE_WITH_KNOTS('',3,1,((#6640,#6641),(#6642,#6643),(#6644,
#6645),(#6646,#6647)),.SURF_OF_LINEAR_EXTRUSION.,.F.,.F.,.F.,(4,4),(2,2),
(0.,1.),(0.,1.),.PIECEWISE_BEZIER_KNOTS.);
#85=B_SPLINE_SURFACE_WITH_KNOTS('',3,1,((#6653,#6654),(#6655,#6656),(#6657,
#6658),(#6659,#6660)),.SURF_OF_LINEAR_EXTRUSION.,.F.,.F.,.F.,(4,4),(2,2),
(0.,1.),(0.,1.),.PIECEWISE_BEZIER_KNOTS.);
#86=B_SPLINE_SURFACE_WITH_KNOTS('',3,1,((#6666,#6667),(#6668,#6669),(#6670,
#6671),(#6672,#6673)),.SURF_OF_LINEAR_EXTRUSION.,.F.,.F.,.F.,(4,4),(2,2),
(0.,1.),(0.,1.),.PIECEWISE_BEZIER_KNOTS.);
#87=B_SPLINE_SURFACE_WITH_KNOTS('',3,1,((#6679,#6680),(#6681,#6682),(#6683,
#6684),(#6685,#6686)),.SURF_OF_LINEAR_EXTRUSION.,.F.,.F.,.F.,(4,4),(2,2),
(0.,1.),(0.,1.),.PIECEWISE_BEZIER_KNOTS.);
#88=B_SPLINE_SURFACE_WITH_KNOTS('',3,1,((#6692,#6693),(#6694,#6695),(#6696,
#6697),(#6698,#6699)),.SURF_OF_LINEAR_EXTRUSION.,.F.,.F.,.F.,(4,4),(2,2),
(0.,1.),(0.,1.),.PIECEWISE_BEZIER_KNOTS.);
#89=B_SPLINE_SURFACE_WITH_KNOTS('',3,1,((#6707,#6708),(#6709,#6710),(#6711,
#6712),(#6713,#6714)),.SURF_OF_LINEAR_EXTRUSION.,.F.,.F.,.F.,(4,4),(2,2),
(0.,1.),(0.,1.),.PIECEWISE_BEZIER_KNOTS.);
#90=CYLINDRICAL_SURFACE('',#3938,0.001);
#91=CYLINDRICAL_SURFACE('',#3941,0.001);
#92=CYLINDRICAL_SURFACE('',#3943,0.001525);
#93=CYLINDRICAL_SURFACE('',#3949,0.001);
#94=CYLINDRICAL_SURFACE('',#3951,0.001525);
#95=CYLINDRICAL_SURFACE('',#3957,0.001);
#96=CYLINDRICAL_SURFACE('',#3959,0.001525);
#97=CYLINDRICAL_SURFACE('',#3965,0.001);
#98=CYLINDRICAL_SURFACE('',#3967,0.001525);
#99=CYLINDRICAL_SURFACE('',#3971,0.005);
#100=CYLINDRICAL_SURFACE('',#3973,0.005);
#101=CYLINDRICAL_SURFACE('',#3975,0.005);
#102=CYLINDRICAL_SURFACE('',#3977,0.005);
#103=CYLINDRICAL_SURFACE('',#3980,0.00135);
#104=CYLINDRICAL_SURFACE('',#3982,0.00135);
#105=CYLINDRICAL_SURFACE('',#3984,0.00135);
#106=CYLINDRICAL_SURFACE('',#3986,0.00135);
#107=CYLINDRICAL_SURFACE('',#3987,0.002);
#108=CYLINDRICAL_SURFACE('',#3988,0.002);
#109=CYLINDRICAL_SURFACE('',#3989,0.002);
#110=CYLINDRICAL_SURFACE('',#3990,0.002);
#111=CYLINDRICAL_SURFACE('',#3991,0.000431485497320673);
#112=CYLINDRICAL_SURFACE('',#4001,0.00303927909654601);
#113=CYLINDRICAL_SURFACE('',#4016,0.00092485325894025);
#114=CYLINDRICAL_SURFACE('',#4024,0.0082132194448151);
#115=CYLINDRICAL_SURFACE('',#4075,0.001);
#116=CYLINDRICAL_SURFACE('',#4077,0.001);
#117=CYLINDRICAL_SURFACE('',#4083,0.001);
#118=CYLINDRICAL_SURFACE('',#4085,0.001);
#119=B_SPLINE_CURVE_WITH_KNOTS('',2,(#4857,#4858,#4859),.UNSPECIFIED.,.F.,
 .F.,(3,3),(0.,1.),.PIECEWISE_BEZIER_KNOTS.);
#120=B_SPLINE_CURVE_WITH_KNOTS('',2,(#4861,#4862,#4863),.UNSPECIFIED.,.F.,
 .F.,(3,3),(0.,1.),.PIECEWISE_BEZIER_KNOTS.);
#121=B_SPLINE_CURVE_WITH_KNOTS('',2,(#4865,#4866,#4867),.UNSPECIFIED.,.F.,
 .F.,(3,3),(0.,1.),.PIECEWISE_BEZIER_KNOTS.);
#122=B_SPLINE_CURVE_WITH_KNOTS('',2,(#4869,#4870,#4871),.UNSPECIFIED.,.F.,
 .F.,(3,3),(0.,1.),.PIECEWISE_BEZIER_KNOTS.);
#123=B_SPLINE_CURVE_WITH_KNOTS('',2,(#4873,#4874,#4875),.UNSPECIFIED.,.F.,
 .F.,(3,3),(0.,1.),.PIECEWISE_BEZIER_KNOTS.);
#124=B_SPLINE_CURVE_WITH_KNOTS('',2,(#4877,#4878,#4879),.UNSPECIFIED.,.F.,
 .F.,(3,3),(0.,1.),.PIECEWISE_BEZIER_KNOTS.);
#125=B_SPLINE_CURVE_WITH_KNOTS('',2,(#4885,#4886,#4887),.UNSPECIFIED.,.F.,
 .F.,(3,3),(0.,1.),.PIECEWISE_BEZIER_KNOTS.);
#126=B_SPLINE_CURVE_WITH_KNOTS('',2,(#4889,#4890,#4891),.UNSPECIFIED.,.F.,
 .F.,(3,3),(0.,1.),.PIECEWISE_BEZIER_KNOTS.);
#127=B_SPLINE_CURVE_WITH_KNOTS('',2,(#4895,#4896,#4897),.UNSPECIFIED.,.F.,
 .F.,(3,3),(0.,1.),.PIECEWISE_BEZIER_KNOTS.);
#128=B_SPLINE_CURVE_WITH_KNOTS('',2,(#4899,#4900,#4901),.UNSPECIFIED.,.F.,
 .F.,(3,3),(0.,1.),.PIECEWISE_BEZIER_KNOTS.);
#129=B_SPLINE_CURVE_WITH_KNOTS('',2,(#4903,#4904,#4905),.UNSPECIFIED.,.F.,
 .F.,(3,3),(0.,1.),.PIECEWISE_BEZIER_KNOTS.);
#130=B_SPLINE_CURVE_WITH_KNOTS('',2,(#4915,#4916,#4917),.UNSPECIFIED.,.F.,
 .F.,(3,3),(0.,1.),.PIECEWISE_BEZIER_KNOTS.);
#131=B_SPLINE_CURVE_WITH_KNOTS('',2,(#4919,#4920,#4921),.UNSPECIFIED.,.F.,
 .F.,(3,3),(0.,1.),.PIECEWISE_BEZIER_KNOTS.);
#132=B_SPLINE_CURVE_WITH_KNOTS('',2,(#4923,#4924,#4925),.UNSPECIFIED.,.F.,
 .F.,(3,3),(0.,1.),.PIECEWISE_BEZIER_KNOTS.);
#133=B_SPLINE_CURVE_WITH_KNOTS('',2,(#4927,#4928,#4929),.UNSPECIFIED.,.F.,
 .F.,(3,3),(0.,1.),.PIECEWISE_BEZIER_KNOTS.);
#134=B_SPLINE_CURVE_WITH_KNOTS('',2,(#4931,#4932,#4933),.UNSPECIFIED.,.F.,
 .F.,(3,3),(0.,1.),.PIECEWISE_BEZIER_KNOTS.);
#135=B_SPLINE_CURVE_WITH_KNOTS('',2,(#4935,#4936,#4937),.UNSPECIFIED.,.F.,
 .F.,(3,3),(0.,1.),.PIECEWISE_BEZIER_KNOTS.);
#136=B_SPLINE_CURVE_WITH_KNOTS('',2,(#4943,#4944,#4945),.UNSPECIFIED.,.F.,
 .F.,(3,3),(0.,1.),.PIECEWISE_BEZIER_KNOTS.);
#137=B_SPLINE_CURVE_WITH_KNOTS('',2,(#4947,#4948,#4949),.UNSPECIFIED.,.F.,
 .F.,(3,3),(0.,1.),.PIECEWISE_BEZIER_KNOTS.);
#138=B_SPLINE_CURVE_WITH_KNOTS('',2,(#4953,#4954,#4955),.UNSPECIFIED.,.F.,
 .F.,(3,3),(0.,1.),.PIECEWISE_BEZIER_KNOTS.);
#139=B_SPLINE_CURVE_WITH_KNOTS('',2,(#4957,#4958,#4959),.UNSPECIFIED.,.F.,
 .F.,(3,3),(0.,1.),.PIECEWISE_BEZIER_KNOTS.);
#140=B_SPLINE_CURVE_WITH_KNOTS('',2,(#4961,#4962,#4963),.UNSPECIFIED.,.F.,
 .F.,(3,3),(0.,1.),.PIECEWISE_BEZIER_KNOTS.);
#141=B_SPLINE_CURVE_WITH_KNOTS('',2,(#4973,#4974,#4975),.UNSPECIFIED.,.F.,
 .F.,(3,3),(0.,1.),.PIECEWISE_BEZIER_KNOTS.);
#142=B_SPLINE_CURVE_WITH_KNOTS('',2,(#4977,#4978,#4979),.UNSPECIFIED.,.F.,
 .F.,(3,3),(0.,1.),.PIECEWISE_BEZIER_KNOTS.);
#143=B_SPLINE_CURVE_WITH_KNOTS('',2,(#4981,#4982,#4983),.UNSPECIFIED.,.F.,
 .F.,(3,3),(0.,1.),.PIECEWISE_BEZIER_KNOTS.);
#144=B_SPLINE_CURVE_WITH_KNOTS('',2,(#4985,#4986,#4987),.UNSPECIFIED.,.F.,
 .F.,(3,3),(0.,1.),.PIECEWISE_BEZIER_KNOTS.);
#145=B_SPLINE_CURVE_WITH_KNOTS('',2,(#4989,#4990,#4991),.UNSPECIFIED.,.F.,
 .F.,(3,3),(0.,1.),.PIECEWISE_BEZIER_KNOTS.);
#146=B_SPLINE_CURVE_WITH_KNOTS('',2,(#4993,#4994,#4995),.UNSPECIFIED.,.F.,
 .F.,(3,3),(0.,1.),.PIECEWISE_BEZIER_KNOTS.);
#147=B_SPLINE_CURVE_WITH_KNOTS('',2,(#5001,#5002,#5003),.UNSPECIFIED.,.F.,
 .F.,(3,3),(0.,1.),.PIECEWISE_BEZIER_KNOTS.);
#148=B_SPLINE_CURVE_WITH_KNOTS('',2,(#5005,#5006,#5007),.UNSPECIFIED.,.F.,
 .F.,(3,3),(0.,1.),.PIECEWISE_BEZIER_KNOTS.);
#149=B_SPLINE_CURVE_WITH_KNOTS('',2,(#5011,#5012,#5013),.UNSPECIFIED.,.F.,
 .F.,(3,3),(0.,1.),.PIECEWISE_BEZIER_KNOTS.);
#150=B_SPLINE_CURVE_WITH_KNOTS('',2,(#5015,#5016,#5017),.UNSPECIFIED.,.F.,
 .F.,(3,3),(0.,1.),.PIECEWISE_BEZIER_KNOTS.);
#151=B_SPLINE_CURVE_WITH_KNOTS('',2,(#5019,#5020,#5021),.UNSPECIFIED.,.F.,
 .F.,(3,3),(0.,1.),.PIECEWISE_BEZIER_KNOTS.);
#152=B_SPLINE_CURVE_WITH_KNOTS('',2,(#5034,#5035,#5036),.UNSPECIFIED.,.F.,
 .F.,(3,3),(0.,1.),.PIECEWISE_BEZIER_KNOTS.);
#153=B_SPLINE_CURVE_WITH_KNOTS('',2,(#5039,#5040,#5041),.UNSPECIFIED.,.F.,
 .F.,(3,3),(0.,1.),.PIECEWISE_BEZIER_KNOTS.);
#154=B_SPLINE_CURVE_WITH_KNOTS('',2,(#5043,#5044,#5045),.UNSPECIFIED.,.F.,
 .F.,(3,3),(0.,1.),.PIECEWISE_BEZIER_KNOTS.);
#155=B_SPLINE_CURVE_WITH_KNOTS('',2,(#5047,#5048,#5049),.UNSPECIFIED.,.F.,
 .F.,(3,3),(0.,1.),.PIECEWISE_BEZIER_KNOTS.);
#156=B_SPLINE_CURVE_WITH_KNOTS('',2,(#5051,#5052,#5053),.UNSPECIFIED.,.F.,
 .F.,(3,3),(0.,1.),.PIECEWISE_BEZIER_KNOTS.);
#157=B_SPLINE_CURVE_WITH_KNOTS('',2,(#5071,#5072,#5073),.UNSPECIFIED.,.F.,
 .F.,(3,3),(0.,1.),.PIECEWISE_BEZIER_KNOTS.);
#158=B_SPLINE_CURVE_WITH_KNOTS('',2,(#5074,#5075,#5076),.UNSPECIFIED.,.F.,
 .F.,(3,3),(0.,1.),.PIECEWISE_BEZIER_KNOTS.);
#159=B_SPLINE_CURVE_WITH_KNOTS('',2,(#5095,#5096,#5097),.UNSPECIFIED.,.F.,
 .F.,(3,3),(0.,1.),.PIECEWISE_BEZIER_KNOTS.);
#160=B_SPLINE_CURVE_WITH_KNOTS('',2,(#5099,#5100,#5101),.UNSPECIFIED.,.F.,
 .F.,(3,3),(0.,1.),.PIECEWISE_BEZIER_KNOTS.);
#161=B_SPLINE_CURVE_WITH_KNOTS('',2,(#5103,#5104,#5105),.UNSPECIFIED.,.F.,
 .F.,(3,3),(0.,1.),.PIECEWISE_BEZIER_KNOTS.);
#162=B_SPLINE_CURVE_WITH_KNOTS('',2,(#5107,#5108,#5109),.UNSPECIFIED.,.F.,
 .F.,(3,3),(0.,1.),.PIECEWISE_BEZIER_KNOTS.);
#163=B_SPLINE_CURVE_WITH_KNOTS('',2,(#5111,#5112,#5113),.UNSPECIFIED.,.F.,
 .F.,(3,3),(0.,1.),.PIECEWISE_BEZIER_KNOTS.);
#164=B_SPLINE_CURVE_WITH_KNOTS('',2,(#5424,#5425,#5426),.UNSPECIFIED.,.F.,
 .F.,(3,3),(0.,1.),.PIECEWISE_BEZIER_KNOTS.);
#165=B_SPLINE_CURVE_WITH_KNOTS('',2,(#5431,#5432,#5433),.UNSPECIFIED.,.F.,
 .F.,(3,3),(0.,1.),.PIECEWISE_BEZIER_KNOTS.);
#166=B_SPLINE_CURVE_WITH_KNOTS('',2,(#5444,#5445,#5446),.UNSPECIFIED.,.F.,
 .F.,(3,3),(0.,1.),.PIECEWISE_BEZIER_KNOTS.);
#167=B_SPLINE_CURVE_WITH_KNOTS('',2,(#5450,#5451,#5452),.UNSPECIFIED.,.F.,
 .F.,(3,3),(0.,1.),.PIECEWISE_BEZIER_KNOTS.);
#168=B_SPLINE_CURVE_WITH_KNOTS('',2,(#5461,#5462,#5463),.UNSPECIFIED.,.F.,
 .F.,(3,3),(0.,1.),.PIECEWISE_BEZIER_KNOTS.);
#169=B_SPLINE_CURVE_WITH_KNOTS('',2,(#5467,#5468,#5469),.UNSPECIFIED.,.F.,
 .F.,(3,3),(0.,1.),.PIECEWISE_BEZIER_KNOTS.);
#170=B_SPLINE_CURVE_WITH_KNOTS('',2,(#5478,#5479,#5480),.UNSPECIFIED.,.F.,
 .F.,(3,3),(0.,1.),.PIECEWISE_BEZIER_KNOTS.);
#171=B_SPLINE_CURVE_WITH_KNOTS('',2,(#5484,#5485,#5486),.UNSPECIFIED.,.F.,
 .F.,(3,3),(0.,1.),.PIECEWISE_BEZIER_KNOTS.);
#172=B_SPLINE_CURVE_WITH_KNOTS('',2,(#5501,#5502,#5503),.UNSPECIFIED.,.F.,
 .F.,(3,3),(0.,1.),.PIECEWISE_BEZIER_KNOTS.);
#173=B_SPLINE_CURVE_WITH_KNOTS('',2,(#5507,#5508,#5509),.UNSPECIFIED.,.F.,
 .F.,(3,3),(0.,1.),.PIECEWISE_BEZIER_KNOTS.);
#174=B_SPLINE_CURVE_WITH_KNOTS('',2,(#5518,#5519,#5520),.UNSPECIFIED.,.F.,
 .F.,(3,3),(0.,1.),.PIECEWISE_BEZIER_KNOTS.);
#175=B_SPLINE_CURVE_WITH_KNOTS('',2,(#5524,#5525,#5526),.UNSPECIFIED.,.F.,
 .F.,(3,3),(0.,1.),.PIECEWISE_BEZIER_KNOTS.);
#176=B_SPLINE_CURVE_WITH_KNOTS('',2,(#5543,#5544,#5545),.UNSPECIFIED.,.F.,
 .F.,(3,3),(0.,1.),.PIECEWISE_BEZIER_KNOTS.);
#177=B_SPLINE_CURVE_WITH_KNOTS('',2,(#5558,#5559,#5560),.UNSPECIFIED.,.F.,
 .F.,(3,3),(0.,1.),.PIECEWISE_BEZIER_KNOTS.);
#178=B_SPLINE_CURVE_WITH_KNOTS('',2,(#5603,#5604,#5605),.UNSPECIFIED.,.F.,
 .F.,(3,3),(0.,1.),.PIECEWISE_BEZIER_KNOTS.);
#179=B_SPLINE_CURVE_WITH_KNOTS('',2,(#5616,#5617,#5618),.UNSPECIFIED.,.F.,
 .F.,(3,3),(0.,1.),.PIECEWISE_BEZIER_KNOTS.);
#180=B_SPLINE_CURVE_WITH_KNOTS('',2,(#5629,#5630,#5631),.UNSPECIFIED.,.F.,
 .F.,(3,3),(0.,1.),.PIECEWISE_BEZIER_KNOTS.);
#181=B_SPLINE_CURVE_WITH_KNOTS('',2,(#5640,#5641,#5642),.UNSPECIFIED.,.F.,
 .F.,(3,3),(0.,1.),.PIECEWISE_BEZIER_KNOTS.);
#182=B_SPLINE_CURVE_WITH_KNOTS('',2,(#5651,#5652,#5653),.UNSPECIFIED.,.F.,
 .F.,(3,3),(0.,1.),.PIECEWISE_BEZIER_KNOTS.);
#183=B_SPLINE_CURVE_WITH_KNOTS('',2,(#5654,#5655,#5656),.UNSPECIFIED.,.F.,
 .F.,(3,3),(0.,1.),.PIECEWISE_BEZIER_KNOTS.);
#184=B_SPLINE_CURVE_WITH_KNOTS('',2,(#5681,#5682,#5683),.UNSPECIFIED.,.F.,
 .F.,(3,3),(0.,1.),.PIECEWISE_BEZIER_KNOTS.);
#185=B_SPLINE_CURVE_WITH_KNOTS('',2,(#5687,#5688,#5689),.UNSPECIFIED.,.F.,
 .F.,(3,3),(0.,1.),.PIECEWISE_BEZIER_KNOTS.);
#186=B_SPLINE_CURVE_WITH_KNOTS('',2,(#5698,#5699,#5700),.UNSPECIFIED.,.F.,
 .F.,(3,3),(0.,1.),.PIECEWISE_BEZIER_KNOTS.);
#187=B_SPLINE_CURVE_WITH_KNOTS('',2,(#5704,#5705,#5706),.UNSPECIFIED.,.F.,
 .F.,(3,3),(0.,1.),.PIECEWISE_BEZIER_KNOTS.);
#188=B_SPLINE_CURVE_WITH_KNOTS('',2,(#5715,#5716,#5717),.UNSPECIFIED.,.F.,
 .F.,(3,3),(0.,1.),.PIECEWISE_BEZIER_KNOTS.);
#189=B_SPLINE_CURVE_WITH_KNOTS('',2,(#5721,#5722,#5723),.UNSPECIFIED.,.F.,
 .F.,(3,3),(0.,1.),.PIECEWISE_BEZIER_KNOTS.);
#190=B_SPLINE_CURVE_WITH_KNOTS('',2,(#5732,#5733,#5734),.UNSPECIFIED.,.F.,
 .F.,(3,3),(0.,1.),.PIECEWISE_BEZIER_KNOTS.);
#191=B_SPLINE_CURVE_WITH_KNOTS('',2,(#5738,#5739,#5740),.UNSPECIFIED.,.F.,
 .F.,(3,3),(0.,1.),.PIECEWISE_BEZIER_KNOTS.);
#192=B_SPLINE_CURVE_WITH_KNOTS('',2,(#5765,#5766,#5767),.UNSPECIFIED.,.F.,
 .F.,(3,3),(0.,1.),.PIECEWISE_BEZIER_KNOTS.);
#193=B_SPLINE_CURVE_WITH_KNOTS('',2,(#5778,#5779,#5780),.UNSPECIFIED.,.F.,
 .F.,(3,3),(0.,1.),.PIECEWISE_BEZIER_KNOTS.);
#194=B_SPLINE_CURVE_WITH_KNOTS('',2,(#5791,#5792,#5793),.UNSPECIFIED.,.F.,
 .F.,(3,3),(0.,1.),.PIECEWISE_BEZIER_KNOTS.);
#195=B_SPLINE_CURVE_WITH_KNOTS('',2,(#5808,#5809,#5810),.UNSPECIFIED.,.F.,
 .F.,(3,3),(0.,1.),.PIECEWISE_BEZIER_KNOTS.);
#196=B_SPLINE_CURVE_WITH_KNOTS('',2,(#5821,#5822,#5823),.UNSPECIFIED.,.F.,
 .F.,(3,3),(0.,1.),.PIECEWISE_BEZIER_KNOTS.);
#197=B_SPLINE_CURVE_WITH_KNOTS('',2,(#5842,#5843,#5844),.UNSPECIFIED.,.F.,
 .F.,(3,3),(0.,1.),.PIECEWISE_BEZIER_KNOTS.);
#198=B_SPLINE_CURVE_WITH_KNOTS('',2,(#5855,#5856,#5857),.UNSPECIFIED.,.F.,
 .F.,(3,3),(0.,1.),.PIECEWISE_BEZIER_KNOTS.);
#199=B_SPLINE_CURVE_WITH_KNOTS('',2,(#5868,#5869,#5870),.UNSPECIFIED.,.F.,
 .F.,(3,3),(0.,1.),.PIECEWISE_BEZIER_KNOTS.);
#200=B_SPLINE_CURVE_WITH_KNOTS('',2,(#5881,#5882,#5883),.UNSPECIFIED.,.F.,
 .F.,(3,3),(0.,1.),.PIECEWISE_BEZIER_KNOTS.);
#201=B_SPLINE_CURVE_WITH_KNOTS('',2,(#5894,#5895,#5896),.UNSPECIFIED.,.F.,
 .F.,(3,3),(0.,1.),.PIECEWISE_BEZIER_KNOTS.);
#202=B_SPLINE_CURVE_WITH_KNOTS('',2,(#5907,#5908,#5909),.UNSPECIFIED.,.F.,
 .F.,(3,3),(0.,1.),.PIECEWISE_BEZIER_KNOTS.);
#203=B_SPLINE_CURVE_WITH_KNOTS('',2,(#5920,#5921,#5922),.UNSPECIFIED.,.F.,
 .F.,(3,3),(0.,1.),.PIECEWISE_BEZIER_KNOTS.);
#204=B_SPLINE_CURVE_WITH_KNOTS('',2,(#5923,#5924,#5925),.UNSPECIFIED.,.F.,
 .F.,(3,3),(0.,1.),.PIECEWISE_BEZIER_KNOTS.);
#205=B_SPLINE_CURVE_WITH_KNOTS('',2,(#5935,#5936,#5937),.UNSPECIFIED.,.F.,
 .F.,(3,3),(0.,1.),.PIECEWISE_BEZIER_KNOTS.);
#206=B_SPLINE_CURVE_WITH_KNOTS('',2,(#5942,#5943,#5944),.UNSPECIFIED.,.F.,
 .F.,(3,3),(0.,1.),.PIECEWISE_BEZIER_KNOTS.);
#207=B_SPLINE_CURVE_WITH_KNOTS('',2,(#5955,#5956,#5957),.UNSPECIFIED.,.F.,
 .F.,(3,3),(0.,1.),.PIECEWISE_BEZIER_KNOTS.);
#208=B_SPLINE_CURVE_WITH_KNOTS('',2,(#5961,#5962,#5963),.UNSPECIFIED.,.F.,
 .F.,(3,3),(0.,1.),.PIECEWISE_BEZIER_KNOTS.);
#209=B_SPLINE_CURVE_WITH_KNOTS('',2,(#5972,#5973,#5974),.UNSPECIFIED.,.F.,
 .F.,(3,3),(0.,1.),.PIECEWISE_BEZIER_KNOTS.);
#210=B_SPLINE_CURVE_WITH_KNOTS('',2,(#5978,#5979,#5980),.UNSPECIFIED.,.F.,
 .F.,(3,3),(0.,1.),.PIECEWISE_BEZIER_KNOTS.);
#211=B_SPLINE_CURVE_WITH_KNOTS('',2,(#5989,#5990,#5991),.UNSPECIFIED.,.F.,
 .F.,(3,3),(0.,1.),.PIECEWISE_BEZIER_KNOTS.);
#212=B_SPLINE_CURVE_WITH_KNOTS('',2,(#5995,#5996,#5997),.UNSPECIFIED.,.F.,
 .F.,(3,3),(0.,1.),.PIECEWISE_BEZIER_KNOTS.);
#213=B_SPLINE_CURVE_WITH_KNOTS('',2,(#6006,#6007,#6008),.UNSPECIFIED.,.F.,
 .F.,(3,3),(0.,1.),.PIECEWISE_BEZIER_KNOTS.);
#214=B_SPLINE_CURVE_WITH_KNOTS('',2,(#6012,#6013,#6014),.UNSPECIFIED.,.F.,
 .F.,(3,3),(0.,1.),.PIECEWISE_BEZIER_KNOTS.);
#215=B_SPLINE_CURVE_WITH_KNOTS('',2,(#6023,#6024,#6025),.UNSPECIFIED.,.F.,
 .F.,(3,3),(0.,1.),.PIECEWISE_BEZIER_KNOTS.);
#216=B_SPLINE_CURVE_WITH_KNOTS('',2,(#6029,#6030,#6031),.UNSPECIFIED.,.F.,
 .F.,(3,3),(0.,1.),.PIECEWISE_BEZIER_KNOTS.);
#217=B_SPLINE_CURVE_WITH_KNOTS('',2,(#6048,#6049,#6050),.UNSPECIFIED.,.F.,
 .F.,(3,3),(0.,1.),.PIECEWISE_BEZIER_KNOTS.);
#218=B_SPLINE_CURVE_WITH_KNOTS('',2,(#6067,#6068,#6069),.UNSPECIFIED.,.F.,
 .F.,(3,3),(0.,1.),.PIECEWISE_BEZIER_KNOTS.);
#219=B_SPLINE_CURVE_WITH_KNOTS('',2,(#6080,#6081,#6082),.UNSPECIFIED.,.F.,
 .F.,(3,3),(0.,1.),.PIECEWISE_BEZIER_KNOTS.);
#220=B_SPLINE_CURVE_WITH_KNOTS('',2,(#6093,#6094,#6095),.UNSPECIFIED.,.F.,
 .F.,(3,3),(0.,1.),.PIECEWISE_BEZIER_KNOTS.);
#221=B_SPLINE_CURVE_WITH_KNOTS('',2,(#6106,#6107,#6108),.UNSPECIFIED.,.F.,
 .F.,(3,3),(0.,1.),.PIECEWISE_BEZIER_KNOTS.);
#222=B_SPLINE_CURVE_WITH_KNOTS('',2,(#6119,#6120,#6121),.UNSPECIFIED.,.F.,
 .F.,(3,3),(0.,1.),.PIECEWISE_BEZIER_KNOTS.);
#223=B_SPLINE_CURVE_WITH_KNOTS('',2,(#6160,#6161,#6162),.UNSPECIFIED.,.F.,
 .F.,(3,3),(0.,1.),.PIECEWISE_BEZIER_KNOTS.);
#224=B_SPLINE_CURVE_WITH_KNOTS('',2,(#6163,#6164,#6165),.UNSPECIFIED.,.F.,
 .F.,(3,3),(0.,1.),.PIECEWISE_BEZIER_KNOTS.);
#225=B_SPLINE_CURVE_WITH_KNOTS('',2,(#6190,#6191,#6192),.UNSPECIFIED.,.F.,
 .F.,(3,3),(0.,1.),.PIECEWISE_BEZIER_KNOTS.);
#226=B_SPLINE_CURVE_WITH_KNOTS('',2,(#6196,#6197,#6198),.UNSPECIFIED.,.F.,
 .F.,(3,3),(0.,1.),.PIECEWISE_BEZIER_KNOTS.);
#227=B_SPLINE_CURVE_WITH_KNOTS('',2,(#6207,#6208,#6209),.UNSPECIFIED.,.F.,
 .F.,(3,3),(0.,1.),.PIECEWISE_BEZIER_KNOTS.);
#228=B_SPLINE_CURVE_WITH_KNOTS('',2,(#6213,#6214,#6215),.UNSPECIFIED.,.F.,
 .F.,(3,3),(0.,1.),.PIECEWISE_BEZIER_KNOTS.);
#229=B_SPLINE_CURVE_WITH_KNOTS('',2,(#6224,#6225,#6226),.UNSPECIFIED.,.F.,
 .F.,(3,3),(0.,1.),.PIECEWISE_BEZIER_KNOTS.);
#230=B_SPLINE_CURVE_WITH_KNOTS('',2,(#6230,#6231,#6232),.UNSPECIFIED.,.F.,
 .F.,(3,3),(0.,1.),.PIECEWISE_BEZIER_KNOTS.);
#231=B_SPLINE_CURVE_WITH_KNOTS('',2,(#6241,#6242,#6243),.UNSPECIFIED.,.F.,
 .F.,(3,3),(0.,1.),.PIECEWISE_BEZIER_KNOTS.);
#232=B_SPLINE_CURVE_WITH_KNOTS('',2,(#6247,#6248,#6249),.UNSPECIFIED.,.F.,
 .F.,(3,3),(0.,1.),.PIECEWISE_BEZIER_KNOTS.);
#233=B_SPLINE_CURVE_WITH_KNOTS('',2,(#6274,#6275,#6276),.UNSPECIFIED.,.F.,
 .F.,(3,3),(0.,1.),.PIECEWISE_BEZIER_KNOTS.);
#234=B_SPLINE_CURVE_WITH_KNOTS('',2,(#6287,#6288,#6289),.UNSPECIFIED.,.F.,
 .F.,(3,3),(0.,1.),.PIECEWISE_BEZIER_KNOTS.);
#235=B_SPLINE_CURVE_WITH_KNOTS('',2,(#6300,#6301,#6302),.UNSPECIFIED.,.F.,
 .F.,(3,3),(0.,1.),.PIECEWISE_BEZIER_KNOTS.);
#236=B_SPLINE_CURVE_WITH_KNOTS('',2,(#6317,#6318,#6319),.UNSPECIFIED.,.F.,
 .F.,(3,3),(0.,1.),.PIECEWISE_BEZIER_KNOTS.);
#237=B_SPLINE_CURVE_WITH_KNOTS('',2,(#6330,#6331,#6332),.UNSPECIFIED.,.F.,
 .F.,(3,3),(0.,1.),.PIECEWISE_BEZIER_KNOTS.);
#238=B_SPLINE_CURVE_WITH_KNOTS('',2,(#6351,#6352,#6353),.UNSPECIFIED.,.F.,
 .F.,(3,3),(0.,1.),.PIECEWISE_BEZIER_KNOTS.);
#239=B_SPLINE_CURVE_WITH_KNOTS('',2,(#6364,#6365,#6366),.UNSPECIFIED.,.F.,
 .F.,(3,3),(0.,1.),.PIECEWISE_BEZIER_KNOTS.);
#240=B_SPLINE_CURVE_WITH_KNOTS('',2,(#6377,#6378,#6379),.UNSPECIFIED.,.F.,
 .F.,(3,3),(0.,1.),.PIECEWISE_BEZIER_KNOTS.);
#241=B_SPLINE_CURVE_WITH_KNOTS('',2,(#6390,#6391,#6392),.UNSPECIFIED.,.F.,
 .F.,(3,3),(0.,1.),.PIECEWISE_BEZIER_KNOTS.);
#242=B_SPLINE_CURVE_WITH_KNOTS('',2,(#6403,#6404,#6405),.UNSPECIFIED.,.F.,
 .F.,(3,3),(0.,1.),.PIECEWISE_BEZIER_KNOTS.);
#243=B_SPLINE_CURVE_WITH_KNOTS('',2,(#6416,#6417,#6418),.UNSPECIFIED.,.F.,
 .F.,(3,3),(0.,1.),.PIECEWISE_BEZIER_KNOTS.);
#244=B_SPLINE_CURVE_WITH_KNOTS('',2,(#6429,#6430,#6431),.UNSPECIFIED.,.F.,
 .F.,(3,3),(0.,1.),.PIECEWISE_BEZIER_KNOTS.);
#245=B_SPLINE_CURVE_WITH_KNOTS('',2,(#6432,#6433,#6434),.UNSPECIFIED.,.F.,
 .F.,(3,3),(0.,1.),.PIECEWISE_BEZIER_KNOTS.);
#246=B_SPLINE_CURVE_WITH_KNOTS('',2,(#6476,#6477,#6478),.UNSPECIFIED.,.F.,
 .F.,(3,3),(0.,1.),.PIECEWISE_BEZIER_KNOTS.);
#247=B_SPLINE_CURVE_WITH_KNOTS('',2,(#6482,#6483,#6484),.UNSPECIFIED.,.F.,
 .F.,(3,3),(0.,1.),.PIECEWISE_BEZIER_KNOTS.);
#248=B_SPLINE_CURVE_WITH_KNOTS('',2,(#6493,#6494,#6495),.UNSPECIFIED.,.F.,
 .F.,(3,3),(0.,1.),.PIECEWISE_BEZIER_KNOTS.);
#249=B_SPLINE_CURVE_WITH_KNOTS('',2,(#6499,#6500,#6501),.UNSPECIFIED.,.F.,
 .F.,(3,3),(0.,1.),.PIECEWISE_BEZIER_KNOTS.);
#250=B_SPLINE_CURVE_WITH_KNOTS('',2,(#6510,#6511,#6512),.UNSPECIFIED.,.F.,
 .F.,(3,3),(0.,1.),.PIECEWISE_BEZIER_KNOTS.);
#251=B_SPLINE_CURVE_WITH_KNOTS('',2,(#6516,#6517,#6518),.UNSPECIFIED.,.F.,
 .F.,(3,3),(0.,1.),.PIECEWISE_BEZIER_KNOTS.);
#252=B_SPLINE_CURVE_WITH_KNOTS('',2,(#6527,#6528,#6529),.UNSPECIFIED.,.F.,
 .F.,(3,3),(0.,1.),.PIECEWISE_BEZIER_KNOTS.);
#253=B_SPLINE_CURVE_WITH_KNOTS('',2,(#6533,#6534,#6535),.UNSPECIFIED.,.F.,
 .F.,(3,3),(0.,1.),.PIECEWISE_BEZIER_KNOTS.);
#254=B_SPLINE_CURVE_WITH_KNOTS('',2,(#6560,#6561,#6562),.UNSPECIFIED.,.F.,
 .F.,(3,3),(0.,1.),.PIECEWISE_BEZIER_KNOTS.);
#255=B_SPLINE_CURVE_WITH_KNOTS('',2,(#6573,#6574,#6575),.UNSPECIFIED.,.F.,
 .F.,(3,3),(0.,1.),.PIECEWISE_BEZIER_KNOTS.);
#256=B_SPLINE_CURVE_WITH_KNOTS('',2,(#6586,#6587,#6588),.UNSPECIFIED.,.F.,
 .F.,(3,3),(0.,1.),.PIECEWISE_BEZIER_KNOTS.);
#257=B_SPLINE_CURVE_WITH_KNOTS('',2,(#6603,#6604,#6605),.UNSPECIFIED.,.F.,
 .F.,(3,3),(0.,1.),.PIECEWISE_BEZIER_KNOTS.);
#258=B_SPLINE_CURVE_WITH_KNOTS('',2,(#6616,#6617,#6618),.UNSPECIFIED.,.F.,
 .F.,(3,3),(0.,1.),.PIECEWISE_BEZIER_KNOTS.);
#259=B_SPLINE_CURVE_WITH_KNOTS('',2,(#6637,#6638,#6639),.UNSPECIFIED.,.F.,
 .F.,(3,3),(0.,1.),.PIECEWISE_BEZIER_KNOTS.);
#260=B_SPLINE_CURVE_WITH_KNOTS('',2,(#6650,#6651,#6652),.UNSPECIFIED.,.F.,
 .F.,(3,3),(0.,1.),.PIECEWISE_BEZIER_KNOTS.);
#261=B_SPLINE_CURVE_WITH_KNOTS('',2,(#6663,#6664,#6665),.UNSPECIFIED.,.F.,
 .F.,(3,3),(0.,1.),.PIECEWISE_BEZIER_KNOTS.);
#262=B_SPLINE_CURVE_WITH_KNOTS('',2,(#6676,#6677,#6678),.UNSPECIFIED.,.F.,
 .F.,(3,3),(0.,1.),.PIECEWISE_BEZIER_KNOTS.);
#263=B_SPLINE_CURVE_WITH_KNOTS('',2,(#6689,#6690,#6691),.UNSPECIFIED.,.F.,
 .F.,(3,3),(0.,1.),.PIECEWISE_BEZIER_KNOTS.);
#264=B_SPLINE_CURVE_WITH_KNOTS('',2,(#6702,#6703,#6704),.UNSPECIFIED.,.F.,
 .F.,(3,3),(0.,1.),.PIECEWISE_BEZIER_KNOTS.);
#265=B_SPLINE_CURVE_WITH_KNOTS('',2,(#6715,#6716,#6717),.UNSPECIFIED.,.F.,
 .F.,(3,3),(0.,1.),.PIECEWISE_BEZIER_KNOTS.);
#266=B_SPLINE_CURVE_WITH_KNOTS('',2,(#6718,#6719,#6720),.UNSPECIFIED.,.F.,
 .F.,(3,3),(0.,1.),.PIECEWISE_BEZIER_KNOTS.);
#267=CIRCLE('',#3894,0.004);
#268=CIRCLE('',#3895,0.004);
#269=CIRCLE('',#3896,0.004);
#270=CIRCLE('',#3897,0.004);
#271=CIRCLE('',#3898,0.001525);
#272=CIRCLE('',#3899,0.001525);
#273=CIRCLE('',#3900,0.001525);
#274=CIRCLE('',#3901,0.001525);
#275=CIRCLE('',#3902,0.00303927909654601);
#276=CIRCLE('',#3903,0.0082132194448151);
#277=CIRCLE('',#3904,0.00092485325894025);
#278=CIRCLE('',#3906,0.00135);
#279=CIRCLE('',#3907,0.00135);
#280=CIRCLE('',#3908,0.00135);
#281=CIRCLE('',#3909,0.00135);
#282=CIRCLE('',#3911,0.00135);
#283=CIRCLE('',#3912,0.00135);
#284=CIRCLE('',#3913,0.00135);
#285=CIRCLE('',#3914,0.00135);
#286=CIRCLE('',#3922,0.002);
#287=CIRCLE('',#3923,0.002);
#288=CIRCLE('',#3924,0.002);
#289=CIRCLE('',#3925,0.002);
#290=CIRCLE('',#3926,0.005);
#291=CIRCLE('',#3927,0.005);
#292=CIRCLE('',#3928,0.005);
#293=CIRCLE('',#3929,0.005);
#294=CIRCLE('',#3931,0.002);
#295=CIRCLE('',#3932,0.001);
#296=CIRCLE('',#3933,0.001);
#297=CIRCLE('',#3934,0.001);
#298=CIRCLE('',#3935,0.001);
#299=CIRCLE('',#3936,0.001);
#300=CIRCLE('',#3939,0.001);
#301=CIRCLE('',#3942,0.001);
#302=CIRCLE('',#3944,0.001525);
#303=CIRCLE('',#3950,0.001);
#304=CIRCLE('',#3952,0.001525);
#305=CIRCLE('',#3954,0.002);
#306=CIRCLE('',#3958,0.001);
#307=CIRCLE('',#3960,0.001525);
#308=CIRCLE('',#3962,0.002);
#309=CIRCLE('',#3966,0.001);
#310=CIRCLE('',#3968,0.001525);
#311=CIRCLE('',#3970,0.002);
#312=CIRCLE('',#3972,0.005);
#313=CIRCLE('',#3974,0.005);
#314=CIRCLE('',#3976,0.005);
#315=CIRCLE('',#3978,0.005);
#316=CIRCLE('',#3992,0.000431485497320673);
#317=CIRCLE('',#3993,0.000431485497320673);
#318=CIRCLE('',#4002,0.00303927909654601);
#319=CIRCLE('',#4017,0.00092485325894025);
#320=CIRCLE('',#4025,0.0082132194448151);
#321=CIRCLE('',#4073,0.001);
#322=CIRCLE('',#4074,0.001);
#323=CIRCLE('',#4076,0.001);
#324=CIRCLE('',#4078,0.001);
#325=CIRCLE('',#4080,0.001);
#326=CIRCLE('',#4082,0.001);
#327=CIRCLE('',#4084,0.001);
#328=CIRCLE('',#4086,0.001);
#329=ORIENTED_EDGE('',*,*,#1457,.T.);
#330=ORIENTED_EDGE('',*,*,#1458,.T.);
#331=ORIENTED_EDGE('',*,*,#1459,.T.);
#332=ORIENTED_EDGE('',*,*,#1460,.T.);
#333=ORIENTED_EDGE('',*,*,#1461,.T.);
#334=ORIENTED_EDGE('',*,*,#1462,.T.);
#335=ORIENTED_EDGE('',*,*,#1463,.T.);
#336=ORIENTED_EDGE('',*,*,#1464,.T.);
#337=ORIENTED_EDGE('',*,*,#1465,.T.);
#338=ORIENTED_EDGE('',*,*,#1466,.T.);
#339=ORIENTED_EDGE('',*,*,#1467,.T.);
#340=ORIENTED_EDGE('',*,*,#1468,.T.);
#341=ORIENTED_EDGE('',*,*,#1469,.T.);
#342=ORIENTED_EDGE('',*,*,#1470,.T.);
#343=ORIENTED_EDGE('',*,*,#1471,.T.);
#344=ORIENTED_EDGE('',*,*,#1472,.T.);
#345=ORIENTED_EDGE('',*,*,#1473,.T.);
#346=ORIENTED_EDGE('',*,*,#1474,.T.);
#347=ORIENTED_EDGE('',*,*,#1475,.T.);
#348=ORIENTED_EDGE('',*,*,#1476,.T.);
#349=ORIENTED_EDGE('',*,*,#1477,.T.);
#350=ORIENTED_EDGE('',*,*,#1478,.T.);
#351=ORIENTED_EDGE('',*,*,#1479,.T.);
#352=ORIENTED_EDGE('',*,*,#1480,.T.);
#353=ORIENTED_EDGE('',*,*,#1481,.T.);
#354=ORIENTED_EDGE('',*,*,#1482,.T.);
#355=ORIENTED_EDGE('',*,*,#1483,.T.);
#356=ORIENTED_EDGE('',*,*,#1484,.T.);
#357=ORIENTED_EDGE('',*,*,#1485,.T.);
#358=ORIENTED_EDGE('',*,*,#1486,.T.);
#359=ORIENTED_EDGE('',*,*,#1487,.T.);
#360=ORIENTED_EDGE('',*,*,#1488,.T.);
#361=ORIENTED_EDGE('',*,*,#1489,.T.);
#362=ORIENTED_EDGE('',*,*,#1490,.T.);
#363=ORIENTED_EDGE('',*,*,#1491,.T.);
#364=ORIENTED_EDGE('',*,*,#1492,.T.);
#365=ORIENTED_EDGE('',*,*,#1493,.T.);
#366=ORIENTED_EDGE('',*,*,#1494,.T.);
#367=ORIENTED_EDGE('',*,*,#1495,.T.);
#368=ORIENTED_EDGE('',*,*,#1496,.T.);
#369=ORIENTED_EDGE('',*,*,#1497,.T.);
#370=ORIENTED_EDGE('',*,*,#1498,.T.);
#371=ORIENTED_EDGE('',*,*,#1499,.T.);
#372=ORIENTED_EDGE('',*,*,#1500,.T.);
#373=ORIENTED_EDGE('',*,*,#1501,.T.);
#374=ORIENTED_EDGE('',*,*,#1502,.T.);
#375=ORIENTED_EDGE('',*,*,#1503,.T.);
#376=ORIENTED_EDGE('',*,*,#1504,.T.);
#377=ORIENTED_EDGE('',*,*,#1505,.T.);
#378=ORIENTED_EDGE('',*,*,#1506,.T.);
#379=ORIENTED_EDGE('',*,*,#1507,.T.);
#380=ORIENTED_EDGE('',*,*,#1508,.T.);
#381=ORIENTED_EDGE('',*,*,#1509,.T.);
#382=ORIENTED_EDGE('',*,*,#1510,.T.);
#383=ORIENTED_EDGE('',*,*,#1511,.T.);
#384=ORIENTED_EDGE('',*,*,#1512,.T.);
#385=ORIENTED_EDGE('',*,*,#1513,.T.);
#386=ORIENTED_EDGE('',*,*,#1514,.T.);
#387=ORIENTED_EDGE('',*,*,#1515,.T.);
#388=ORIENTED_EDGE('',*,*,#1516,.T.);
#389=ORIENTED_EDGE('',*,*,#1517,.T.);
#390=ORIENTED_EDGE('',*,*,#1518,.T.);
#391=ORIENTED_EDGE('',*,*,#1519,.T.);
#392=ORIENTED_EDGE('',*,*,#1520,.T.);
#393=ORIENTED_EDGE('',*,*,#1521,.T.);
#394=ORIENTED_EDGE('',*,*,#1522,.T.);
#395=ORIENTED_EDGE('',*,*,#1523,.T.);
#396=ORIENTED_EDGE('',*,*,#1524,.T.);
#397=ORIENTED_EDGE('',*,*,#1525,.T.);
#398=ORIENTED_EDGE('',*,*,#1526,.T.);
#399=ORIENTED_EDGE('',*,*,#1527,.T.);
#400=ORIENTED_EDGE('',*,*,#1528,.T.);
#401=ORIENTED_EDGE('',*,*,#1529,.T.);
#402=ORIENTED_EDGE('',*,*,#1530,.T.);
#403=ORIENTED_EDGE('',*,*,#1531,.T.);
#404=ORIENTED_EDGE('',*,*,#1532,.T.);
#405=ORIENTED_EDGE('',*,*,#1533,.T.);
#406=ORIENTED_EDGE('',*,*,#1534,.T.);
#407=ORIENTED_EDGE('',*,*,#1535,.T.);
#408=ORIENTED_EDGE('',*,*,#1536,.T.);
#409=ORIENTED_EDGE('',*,*,#1537,.T.);
#410=ORIENTED_EDGE('',*,*,#1538,.T.);
#411=ORIENTED_EDGE('',*,*,#1539,.T.);
#412=ORIENTED_EDGE('',*,*,#1540,.T.);
#413=ORIENTED_EDGE('',*,*,#1541,.T.);
#414=ORIENTED_EDGE('',*,*,#1542,.T.);
#415=ORIENTED_EDGE('',*,*,#1543,.T.);
#416=ORIENTED_EDGE('',*,*,#1544,.T.);
#417=ORIENTED_EDGE('',*,*,#1545,.T.);
#418=ORIENTED_EDGE('',*,*,#1546,.T.);
#419=ORIENTED_EDGE('',*,*,#1547,.T.);
#420=ORIENTED_EDGE('',*,*,#1548,.T.);
#421=ORIENTED_EDGE('',*,*,#1549,.T.);
#422=ORIENTED_EDGE('',*,*,#1550,.T.);
#423=ORIENTED_EDGE('',*,*,#1551,.T.);
#424=ORIENTED_EDGE('',*,*,#1552,.T.);
#425=ORIENTED_EDGE('',*,*,#1553,.T.);
#426=ORIENTED_EDGE('',*,*,#1554,.T.);
#427=ORIENTED_EDGE('',*,*,#1555,.T.);
#428=ORIENTED_EDGE('',*,*,#1556,.T.);
#429=ORIENTED_EDGE('',*,*,#1557,.T.);
#430=ORIENTED_EDGE('',*,*,#1558,.T.);
#431=ORIENTED_EDGE('',*,*,#1559,.T.);
#432=ORIENTED_EDGE('',*,*,#1560,.T.);
#433=ORIENTED_EDGE('',*,*,#1561,.T.);
#434=ORIENTED_EDGE('',*,*,#1562,.T.);
#435=ORIENTED_EDGE('',*,*,#1563,.T.);
#436=ORIENTED_EDGE('',*,*,#1564,.T.);
#437=ORIENTED_EDGE('',*,*,#1565,.T.);
#438=ORIENTED_EDGE('',*,*,#1566,.T.);
#439=ORIENTED_EDGE('',*,*,#1567,.T.);
#440=ORIENTED_EDGE('',*,*,#1568,.T.);
#441=ORIENTED_EDGE('',*,*,#1569,.T.);
#442=ORIENTED_EDGE('',*,*,#1570,.T.);
#443=ORIENTED_EDGE('',*,*,#1571,.T.);
#444=ORIENTED_EDGE('',*,*,#1572,.F.);
#445=ORIENTED_EDGE('',*,*,#1573,.F.);
#446=ORIENTED_EDGE('',*,*,#1574,.T.);
#447=ORIENTED_EDGE('',*,*,#1575,.F.);
#448=ORIENTED_EDGE('',*,*,#1576,.T.);
#449=ORIENTED_EDGE('',*,*,#1577,.F.);
#450=ORIENTED_EDGE('',*,*,#1578,.T.);
#451=ORIENTED_EDGE('',*,*,#1579,.F.);
#452=ORIENTED_EDGE('',*,*,#1580,.T.);
#453=ORIENTED_EDGE('',*,*,#1581,.F.);
#454=ORIENTED_EDGE('',*,*,#1582,.T.);
#455=ORIENTED_EDGE('',*,*,#1583,.T.);
#456=ORIENTED_EDGE('',*,*,#1584,.T.);
#457=ORIENTED_EDGE('',*,*,#1585,.F.);
#458=ORIENTED_EDGE('',*,*,#1586,.F.);
#459=ORIENTED_EDGE('',*,*,#1587,.T.);
#460=ORIENTED_EDGE('',*,*,#1588,.F.);
#461=ORIENTED_EDGE('',*,*,#1589,.T.);
#462=ORIENTED_EDGE('',*,*,#1590,.F.);
#463=ORIENTED_EDGE('',*,*,#1591,.T.);
#464=ORIENTED_EDGE('',*,*,#1592,.F.);
#465=ORIENTED_EDGE('',*,*,#1593,.T.);
#466=ORIENTED_EDGE('',*,*,#1594,.F.);
#467=ORIENTED_EDGE('',*,*,#1595,.F.);
#468=ORIENTED_EDGE('',*,*,#1596,.T.);
#469=ORIENTED_EDGE('',*,*,#1597,.T.);
#470=ORIENTED_EDGE('',*,*,#1598,.T.);
#471=ORIENTED_EDGE('',*,*,#1599,.T.);
#472=ORIENTED_EDGE('',*,*,#1600,.F.);
#473=ORIENTED_EDGE('',*,*,#1601,.T.);
#474=ORIENTED_EDGE('',*,*,#1602,.T.);
#475=ORIENTED_EDGE('',*,*,#1603,.T.);
#476=ORIENTED_EDGE('',*,*,#1604,.T.);
#477=ORIENTED_EDGE('',*,*,#1605,.F.);
#478=ORIENTED_EDGE('',*,*,#1606,.T.);
#479=ORIENTED_EDGE('',*,*,#1607,.T.);
#480=ORIENTED_EDGE('',*,*,#1608,.T.);
#481=ORIENTED_EDGE('',*,*,#1609,.T.);
#482=ORIENTED_EDGE('',*,*,#1610,.F.);
#483=ORIENTED_EDGE('',*,*,#1611,.T.);
#484=ORIENTED_EDGE('',*,*,#1612,.T.);
#485=ORIENTED_EDGE('',*,*,#1613,.T.);
#486=ORIENTED_EDGE('',*,*,#1614,.T.);
#487=ORIENTED_EDGE('',*,*,#1615,.T.);
#488=ORIENTED_EDGE('',*,*,#1616,.T.);
#489=ORIENTED_EDGE('',*,*,#1617,.T.);
#490=ORIENTED_EDGE('',*,*,#1618,.T.);
#491=ORIENTED_EDGE('',*,*,#1619,.T.);
#492=ORIENTED_EDGE('',*,*,#1620,.F.);
#493=ORIENTED_EDGE('',*,*,#1621,.T.);
#494=ORIENTED_EDGE('',*,*,#1622,.T.);
#495=ORIENTED_EDGE('',*,*,#1623,.T.);
#496=ORIENTED_EDGE('',*,*,#1624,.T.);
#497=ORIENTED_EDGE('',*,*,#1625,.T.);
#498=ORIENTED_EDGE('',*,*,#1626,.T.);
#499=ORIENTED_EDGE('',*,*,#1627,.F.);
#500=ORIENTED_EDGE('',*,*,#1628,.T.);
#501=ORIENTED_EDGE('',*,*,#1629,.F.);
#502=ORIENTED_EDGE('',*,*,#1630,.F.);
#503=ORIENTED_EDGE('',*,*,#1631,.F.);
#504=ORIENTED_EDGE('',*,*,#1632,.T.);
#505=ORIENTED_EDGE('',*,*,#1625,.F.);
#506=ORIENTED_EDGE('',*,*,#1633,.T.);
#507=ORIENTED_EDGE('',*,*,#1595,.T.);
#508=ORIENTED_EDGE('',*,*,#1634,.T.);
#509=ORIENTED_EDGE('',*,*,#1605,.T.);
#510=ORIENTED_EDGE('',*,*,#1635,.T.);
#511=ORIENTED_EDGE('',*,*,#1583,.F.);
#512=ORIENTED_EDGE('',*,*,#1636,.T.);
#513=ORIENTED_EDGE('',*,*,#1572,.T.);
#514=ORIENTED_EDGE('',*,*,#1637,.T.);
#515=ORIENTED_EDGE('',*,*,#1624,.F.);
#516=ORIENTED_EDGE('',*,*,#1638,.T.);
#517=ORIENTED_EDGE('',*,*,#1616,.F.);
#518=ORIENTED_EDGE('',*,*,#1639,.T.);
#519=ORIENTED_EDGE('',*,*,#1620,.T.);
#520=ORIENTED_EDGE('',*,*,#1640,.T.);
#521=ORIENTED_EDGE('',*,*,#1585,.T.);
#522=ORIENTED_EDGE('',*,*,#1641,.T.);
#523=ORIENTED_EDGE('',*,*,#1603,.F.);
#524=ORIENTED_EDGE('',*,*,#1642,.T.);
#525=ORIENTED_EDGE('',*,*,#1643,.F.);
#526=ORIENTED_EDGE('',*,*,#1644,.T.);
#527=ORIENTED_EDGE('',*,*,#1645,.F.);
#528=ORIENTED_EDGE('',*,*,#1646,.F.);
#529=ORIENTED_EDGE('',*,*,#1609,.F.);
#530=ORIENTED_EDGE('',*,*,#1647,.T.);
#531=ORIENTED_EDGE('',*,*,#1648,.F.);
#532=ORIENTED_EDGE('',*,*,#1649,.F.);
#533=ORIENTED_EDGE('',*,*,#1599,.F.);
#534=ORIENTED_EDGE('',*,*,#1650,.T.);
#535=ORIENTED_EDGE('',*,*,#1651,.T.);
#536=ORIENTED_EDGE('',*,*,#1652,.F.);
#537=ORIENTED_EDGE('',*,*,#1629,.T.);
#538=ORIENTED_EDGE('',*,*,#1653,.T.);
#539=ORIENTED_EDGE('',*,*,#1654,.F.);
#540=ORIENTED_EDGE('',*,*,#1655,.F.);
#541=ORIENTED_EDGE('',*,*,#1646,.T.);
#542=ORIENTED_EDGE('',*,*,#1656,.F.);
#543=ORIENTED_EDGE('',*,*,#1657,.F.);
#544=ORIENTED_EDGE('',*,*,#1610,.T.);
#545=ORIENTED_EDGE('',*,*,#1645,.T.);
#546=ORIENTED_EDGE('',*,*,#1658,.F.);
#547=ORIENTED_EDGE('',*,*,#1659,.F.);
#548=ORIENTED_EDGE('',*,*,#1656,.T.);
#549=ORIENTED_EDGE('',*,*,#1644,.F.);
#550=ORIENTED_EDGE('',*,*,#1660,.F.);
#551=ORIENTED_EDGE('',*,*,#1661,.T.);
#552=ORIENTED_EDGE('',*,*,#1658,.T.);
#553=ORIENTED_EDGE('',*,*,#1643,.T.);
#554=ORIENTED_EDGE('',*,*,#1662,.F.);
#555=ORIENTED_EDGE('',*,*,#1663,.F.);
#556=ORIENTED_EDGE('',*,*,#1660,.T.);
#557=ORIENTED_EDGE('',*,*,#1664,.T.);
#558=ORIENTED_EDGE('',*,*,#1519,.F.);
#559=ORIENTED_EDGE('',*,*,#1642,.F.);
#560=ORIENTED_EDGE('',*,*,#1612,.F.);
#561=ORIENTED_EDGE('',*,*,#1665,.T.);
#562=ORIENTED_EDGE('',*,*,#1662,.T.);
#563=ORIENTED_EDGE('',*,*,#1664,.F.);
#564=ORIENTED_EDGE('',*,*,#1611,.F.);
#565=ORIENTED_EDGE('',*,*,#1657,.T.);
#566=ORIENTED_EDGE('',*,*,#1659,.T.);
#567=ORIENTED_EDGE('',*,*,#1661,.F.);
#568=ORIENTED_EDGE('',*,*,#1663,.T.);
#569=ORIENTED_EDGE('',*,*,#1665,.F.);
#570=ORIENTED_EDGE('',*,*,#1650,.F.);
#571=ORIENTED_EDGE('',*,*,#1598,.F.);
#572=ORIENTED_EDGE('',*,*,#1666,.T.);
#573=ORIENTED_EDGE('',*,*,#1667,.T.);
#574=ORIENTED_EDGE('',*,*,#1652,.T.);
#575=ORIENTED_EDGE('',*,*,#1668,.F.);
#576=ORIENTED_EDGE('',*,*,#1669,.F.);
#577=ORIENTED_EDGE('',*,*,#1630,.T.);
#578=ORIENTED_EDGE('',*,*,#1651,.F.);
#579=ORIENTED_EDGE('',*,*,#1667,.F.);
#580=ORIENTED_EDGE('',*,*,#1670,.T.);
#581=ORIENTED_EDGE('',*,*,#1668,.T.);
#582=ORIENTED_EDGE('',*,*,#1671,.T.);
#583=ORIENTED_EDGE('',*,*,#1521,.F.);
#584=ORIENTED_EDGE('',*,*,#1597,.F.);
#585=ORIENTED_EDGE('',*,*,#1672,.T.);
#586=ORIENTED_EDGE('',*,*,#1631,.T.);
#587=ORIENTED_EDGE('',*,*,#1669,.T.);
#588=ORIENTED_EDGE('',*,*,#1670,.F.);
#589=ORIENTED_EDGE('',*,*,#1666,.F.);
#590=ORIENTED_EDGE('',*,*,#1671,.F.);
#591=ORIENTED_EDGE('',*,*,#1647,.F.);
#592=ORIENTED_EDGE('',*,*,#1608,.F.);
#593=ORIENTED_EDGE('',*,*,#1673,.T.);
#594=ORIENTED_EDGE('',*,*,#1674,.T.);
#595=ORIENTED_EDGE('',*,*,#1649,.T.);
#596=ORIENTED_EDGE('',*,*,#1675,.F.);
#597=ORIENTED_EDGE('',*,*,#1676,.F.);
#598=ORIENTED_EDGE('',*,*,#1600,.T.);
#599=ORIENTED_EDGE('',*,*,#1648,.T.);
#600=ORIENTED_EDGE('',*,*,#1674,.F.);
#601=ORIENTED_EDGE('',*,*,#1677,.F.);
#602=ORIENTED_EDGE('',*,*,#1675,.T.);
#603=ORIENTED_EDGE('',*,*,#1678,.T.);
#604=ORIENTED_EDGE('',*,*,#1522,.F.);
#605=ORIENTED_EDGE('',*,*,#1607,.F.);
#606=ORIENTED_EDGE('',*,*,#1679,.T.);
#607=ORIENTED_EDGE('',*,*,#1601,.F.);
#608=ORIENTED_EDGE('',*,*,#1676,.T.);
#609=ORIENTED_EDGE('',*,*,#1677,.T.);
#610=ORIENTED_EDGE('',*,*,#1673,.F.);
#611=ORIENTED_EDGE('',*,*,#1678,.F.);
#612=ORIENTED_EDGE('',*,*,#1653,.F.);
#613=ORIENTED_EDGE('',*,*,#1628,.F.);
#614=ORIENTED_EDGE('',*,*,#1680,.T.);
#615=ORIENTED_EDGE('',*,*,#1681,.T.);
#616=ORIENTED_EDGE('',*,*,#1682,.F.);
#617=ORIENTED_EDGE('',*,*,#1683,.F.);
#618=ORIENTED_EDGE('',*,*,#1586,.T.);
#619=ORIENTED_EDGE('',*,*,#1655,.T.);
#620=ORIENTED_EDGE('',*,*,#1654,.T.);
#621=ORIENTED_EDGE('',*,*,#1681,.F.);
#622=ORIENTED_EDGE('',*,*,#1684,.F.);
#623=ORIENTED_EDGE('',*,*,#1682,.T.);
#624=ORIENTED_EDGE('',*,*,#1685,.T.);
#625=ORIENTED_EDGE('',*,*,#1520,.F.);
#626=ORIENTED_EDGE('',*,*,#1685,.F.);
#627=ORIENTED_EDGE('',*,*,#1627,.T.);
#628=ORIENTED_EDGE('',*,*,#1686,.T.);
#629=ORIENTED_EDGE('',*,*,#1581,.T.);
#630=ORIENTED_EDGE('',*,*,#1683,.T.);
#631=ORIENTED_EDGE('',*,*,#1684,.T.);
#632=ORIENTED_EDGE('',*,*,#1680,.F.);
#633=ORIENTED_EDGE('',*,*,#1571,.F.);
#634=ORIENTED_EDGE('',*,*,#1687,.T.);
#635=ORIENTED_EDGE('',*,*,#1621,.F.);
#636=ORIENTED_EDGE('',*,*,#1637,.F.);
#637=ORIENTED_EDGE('',*,*,#1619,.F.);
#638=ORIENTED_EDGE('',*,*,#1688,.T.);
#639=ORIENTED_EDGE('',*,*,#1569,.F.);
#640=ORIENTED_EDGE('',*,*,#1640,.F.);
#641=ORIENTED_EDGE('',*,*,#1615,.F.);
#642=ORIENTED_EDGE('',*,*,#1689,.T.);
#643=ORIENTED_EDGE('',*,*,#1617,.F.);
#644=ORIENTED_EDGE('',*,*,#1639,.F.);
#645=ORIENTED_EDGE('',*,*,#1623,.F.);
#646=ORIENTED_EDGE('',*,*,#1690,.T.);
#647=ORIENTED_EDGE('',*,*,#1613,.F.);
#648=ORIENTED_EDGE('',*,*,#1638,.F.);
#649=ORIENTED_EDGE('',*,*,#1588,.T.);
#650=ORIENTED_EDGE('',*,*,#1691,.T.);
#651=ORIENTED_EDGE('',*,*,#1574,.F.);
#652=ORIENTED_EDGE('',*,*,#1692,.F.);
#653=ORIENTED_EDGE('',*,*,#1692,.T.);
#654=ORIENTED_EDGE('',*,*,#1573,.T.);
#655=ORIENTED_EDGE('',*,*,#1693,.F.);
#656=ORIENTED_EDGE('',*,*,#1589,.F.);
#657=ORIENTED_EDGE('',*,*,#1590,.T.);
#658=ORIENTED_EDGE('',*,*,#1693,.T.);
#659=ORIENTED_EDGE('',*,*,#1580,.F.);
#660=ORIENTED_EDGE('',*,*,#1694,.F.);
#661=ORIENTED_EDGE('',*,*,#1694,.T.);
#662=ORIENTED_EDGE('',*,*,#1579,.T.);
#663=ORIENTED_EDGE('',*,*,#1695,.F.);
#664=ORIENTED_EDGE('',*,*,#1591,.F.);
#665=ORIENTED_EDGE('',*,*,#1592,.T.);
#666=ORIENTED_EDGE('',*,*,#1695,.T.);
#667=ORIENTED_EDGE('',*,*,#1578,.F.);
#668=ORIENTED_EDGE('',*,*,#1696,.F.);
#669=ORIENTED_EDGE('',*,*,#1696,.T.);
#670=ORIENTED_EDGE('',*,*,#1577,.T.);
#671=ORIENTED_EDGE('',*,*,#1697,.F.);
#672=ORIENTED_EDGE('',*,*,#1593,.F.);
#673=ORIENTED_EDGE('',*,*,#1594,.T.);
#674=ORIENTED_EDGE('',*,*,#1697,.T.);
#675=ORIENTED_EDGE('',*,*,#1576,.F.);
#676=ORIENTED_EDGE('',*,*,#1698,.F.);
#677=ORIENTED_EDGE('',*,*,#1698,.T.);
#678=ORIENTED_EDGE('',*,*,#1575,.T.);
#679=ORIENTED_EDGE('',*,*,#1691,.F.);
#680=ORIENTED_EDGE('',*,*,#1587,.F.);
#681=ORIENTED_EDGE('',*,*,#1636,.F.);
#682=ORIENTED_EDGE('',*,*,#1582,.F.);
#683=ORIENTED_EDGE('',*,*,#1686,.F.);
#684=ORIENTED_EDGE('',*,*,#1626,.F.);
#685=ORIENTED_EDGE('',*,*,#1635,.F.);
#686=ORIENTED_EDGE('',*,*,#1604,.F.);
#687=ORIENTED_EDGE('',*,*,#1641,.F.);
#688=ORIENTED_EDGE('',*,*,#1584,.F.);
#689=ORIENTED_EDGE('',*,*,#1633,.F.);
#690=ORIENTED_EDGE('',*,*,#1632,.F.);
#691=ORIENTED_EDGE('',*,*,#1672,.F.);
#692=ORIENTED_EDGE('',*,*,#1596,.F.);
#693=ORIENTED_EDGE('',*,*,#1634,.F.);
#694=ORIENTED_EDGE('',*,*,#1602,.F.);
#695=ORIENTED_EDGE('',*,*,#1679,.F.);
#696=ORIENTED_EDGE('',*,*,#1606,.F.);
#697=ORIENTED_EDGE('',*,*,#1699,.F.);
#698=ORIENTED_EDGE('',*,*,#1700,.F.);
#699=ORIENTED_EDGE('',*,*,#1701,.T.);
#700=ORIENTED_EDGE('',*,*,#1702,.T.);
#701=ORIENTED_EDGE('',*,*,#1703,.F.);
#702=ORIENTED_EDGE('',*,*,#1704,.F.);
#703=ORIENTED_EDGE('',*,*,#1705,.T.);
#704=ORIENTED_EDGE('',*,*,#1700,.T.);
#705=ORIENTED_EDGE('',*,*,#1706,.F.);
#706=ORIENTED_EDGE('',*,*,#1707,.F.);
#707=ORIENTED_EDGE('',*,*,#1708,.T.);
#708=ORIENTED_EDGE('',*,*,#1704,.T.);
#709=ORIENTED_EDGE('',*,*,#1709,.F.);
#710=ORIENTED_EDGE('',*,*,#1710,.F.);
#711=ORIENTED_EDGE('',*,*,#1711,.T.);
#712=ORIENTED_EDGE('',*,*,#1707,.T.);
#713=ORIENTED_EDGE('',*,*,#1712,.F.);
#714=ORIENTED_EDGE('',*,*,#1713,.F.);
#715=ORIENTED_EDGE('',*,*,#1714,.T.);
#716=ORIENTED_EDGE('',*,*,#1710,.T.);
#717=ORIENTED_EDGE('',*,*,#1715,.F.);
#718=ORIENTED_EDGE('',*,*,#1716,.F.);
#719=ORIENTED_EDGE('',*,*,#1717,.T.);
#720=ORIENTED_EDGE('',*,*,#1713,.T.);
#721=ORIENTED_EDGE('',*,*,#1718,.F.);
#722=ORIENTED_EDGE('',*,*,#1719,.F.);
#723=ORIENTED_EDGE('',*,*,#1720,.T.);
#724=ORIENTED_EDGE('',*,*,#1716,.T.);
#725=ORIENTED_EDGE('',*,*,#1721,.F.);
#726=ORIENTED_EDGE('',*,*,#1722,.F.);
#727=ORIENTED_EDGE('',*,*,#1723,.T.);
#728=ORIENTED_EDGE('',*,*,#1719,.T.);
#729=ORIENTED_EDGE('',*,*,#1523,.F.);
#730=ORIENTED_EDGE('',*,*,#1724,.F.);
#731=ORIENTED_EDGE('',*,*,#1725,.T.);
#732=ORIENTED_EDGE('',*,*,#1726,.T.);
#733=ORIENTED_EDGE('',*,*,#1536,.F.);
#734=ORIENTED_EDGE('',*,*,#1727,.F.);
#735=ORIENTED_EDGE('',*,*,#1728,.T.);
#736=ORIENTED_EDGE('',*,*,#1724,.T.);
#737=ORIENTED_EDGE('',*,*,#1535,.F.);
#738=ORIENTED_EDGE('',*,*,#1729,.F.);
#739=ORIENTED_EDGE('',*,*,#1730,.T.);
#740=ORIENTED_EDGE('',*,*,#1727,.T.);
#741=ORIENTED_EDGE('',*,*,#1534,.F.);
#742=ORIENTED_EDGE('',*,*,#1731,.F.);
#743=ORIENTED_EDGE('',*,*,#1732,.T.);
#744=ORIENTED_EDGE('',*,*,#1729,.T.);
#745=ORIENTED_EDGE('',*,*,#1533,.F.);
#746=ORIENTED_EDGE('',*,*,#1733,.F.);
#747=ORIENTED_EDGE('',*,*,#1734,.T.);
#748=ORIENTED_EDGE('',*,*,#1731,.T.);
#749=ORIENTED_EDGE('',*,*,#1532,.F.);
#750=ORIENTED_EDGE('',*,*,#1735,.F.);
#751=ORIENTED_EDGE('',*,*,#1736,.T.);
#752=ORIENTED_EDGE('',*,*,#1733,.T.);
#753=ORIENTED_EDGE('',*,*,#1531,.F.);
#754=ORIENTED_EDGE('',*,*,#1737,.F.);
#755=ORIENTED_EDGE('',*,*,#1738,.T.);
#756=ORIENTED_EDGE('',*,*,#1735,.T.);
#757=ORIENTED_EDGE('',*,*,#1530,.F.);
#758=ORIENTED_EDGE('',*,*,#1739,.F.);
#759=ORIENTED_EDGE('',*,*,#1740,.T.);
#760=ORIENTED_EDGE('',*,*,#1737,.T.);
#761=ORIENTED_EDGE('',*,*,#1529,.F.);
#762=ORIENTED_EDGE('',*,*,#1741,.F.);
#763=ORIENTED_EDGE('',*,*,#1742,.T.);
#764=ORIENTED_EDGE('',*,*,#1739,.T.);
#765=ORIENTED_EDGE('',*,*,#1528,.F.);
#766=ORIENTED_EDGE('',*,*,#1743,.F.);
#767=ORIENTED_EDGE('',*,*,#1744,.T.);
#768=ORIENTED_EDGE('',*,*,#1741,.T.);
#769=ORIENTED_EDGE('',*,*,#1527,.F.);
#770=ORIENTED_EDGE('',*,*,#1745,.F.);
#771=ORIENTED_EDGE('',*,*,#1746,.T.);
#772=ORIENTED_EDGE('',*,*,#1743,.T.);
#773=ORIENTED_EDGE('',*,*,#1526,.F.);
#774=ORIENTED_EDGE('',*,*,#1747,.F.);
#775=ORIENTED_EDGE('',*,*,#1748,.T.);
#776=ORIENTED_EDGE('',*,*,#1745,.T.);
#777=ORIENTED_EDGE('',*,*,#1525,.F.);
#778=ORIENTED_EDGE('',*,*,#1749,.F.);
#779=ORIENTED_EDGE('',*,*,#1750,.T.);
#780=ORIENTED_EDGE('',*,*,#1747,.T.);
#781=ORIENTED_EDGE('',*,*,#1524,.F.);
#782=ORIENTED_EDGE('',*,*,#1726,.F.);
#783=ORIENTED_EDGE('',*,*,#1751,.T.);
#784=ORIENTED_EDGE('',*,*,#1749,.T.);
#785=ORIENTED_EDGE('',*,*,#1752,.F.);
#786=ORIENTED_EDGE('',*,*,#1702,.F.);
#787=ORIENTED_EDGE('',*,*,#1753,.T.);
#788=ORIENTED_EDGE('',*,*,#1722,.T.);
#789=ORIENTED_EDGE('',*,*,#1725,.F.);
#790=ORIENTED_EDGE('',*,*,#1728,.F.);
#791=ORIENTED_EDGE('',*,*,#1730,.F.);
#792=ORIENTED_EDGE('',*,*,#1732,.F.);
#793=ORIENTED_EDGE('',*,*,#1734,.F.);
#794=ORIENTED_EDGE('',*,*,#1736,.F.);
#795=ORIENTED_EDGE('',*,*,#1738,.F.);
#796=ORIENTED_EDGE('',*,*,#1740,.F.);
#797=ORIENTED_EDGE('',*,*,#1742,.F.);
#798=ORIENTED_EDGE('',*,*,#1744,.F.);
#799=ORIENTED_EDGE('',*,*,#1746,.F.);
#800=ORIENTED_EDGE('',*,*,#1748,.F.);
#801=ORIENTED_EDGE('',*,*,#1750,.F.);
#802=ORIENTED_EDGE('',*,*,#1751,.F.);
#803=ORIENTED_EDGE('',*,*,#1701,.F.);
#804=ORIENTED_EDGE('',*,*,#1705,.F.);
#805=ORIENTED_EDGE('',*,*,#1708,.F.);
#806=ORIENTED_EDGE('',*,*,#1711,.F.);
#807=ORIENTED_EDGE('',*,*,#1714,.F.);
#808=ORIENTED_EDGE('',*,*,#1717,.F.);
#809=ORIENTED_EDGE('',*,*,#1720,.F.);
#810=ORIENTED_EDGE('',*,*,#1723,.F.);
#811=ORIENTED_EDGE('',*,*,#1753,.F.);
#812=ORIENTED_EDGE('',*,*,#1754,.F.);
#813=ORIENTED_EDGE('',*,*,#1755,.F.);
#814=ORIENTED_EDGE('',*,*,#1756,.T.);
#815=ORIENTED_EDGE('',*,*,#1757,.T.);
#816=ORIENTED_EDGE('',*,*,#1758,.F.);
#817=ORIENTED_EDGE('',*,*,#1759,.F.);
#818=ORIENTED_EDGE('',*,*,#1760,.T.);
#819=ORIENTED_EDGE('',*,*,#1755,.T.);
#820=ORIENTED_EDGE('',*,*,#1761,.F.);
#821=ORIENTED_EDGE('',*,*,#1762,.F.);
#822=ORIENTED_EDGE('',*,*,#1763,.T.);
#823=ORIENTED_EDGE('',*,*,#1759,.T.);
#824=ORIENTED_EDGE('',*,*,#1764,.F.);
#825=ORIENTED_EDGE('',*,*,#1765,.F.);
#826=ORIENTED_EDGE('',*,*,#1766,.T.);
#827=ORIENTED_EDGE('',*,*,#1762,.T.);
#828=ORIENTED_EDGE('',*,*,#1767,.F.);
#829=ORIENTED_EDGE('',*,*,#1768,.F.);
#830=ORIENTED_EDGE('',*,*,#1769,.T.);
#831=ORIENTED_EDGE('',*,*,#1765,.T.);
#832=ORIENTED_EDGE('',*,*,#1770,.F.);
#833=ORIENTED_EDGE('',*,*,#1771,.F.);
#834=ORIENTED_EDGE('',*,*,#1772,.T.);
#835=ORIENTED_EDGE('',*,*,#1768,.T.);
#836=ORIENTED_EDGE('',*,*,#1501,.F.);
#837=ORIENTED_EDGE('',*,*,#1773,.F.);
#838=ORIENTED_EDGE('',*,*,#1774,.T.);
#839=ORIENTED_EDGE('',*,*,#1775,.T.);
#840=ORIENTED_EDGE('',*,*,#1518,.F.);
#841=ORIENTED_EDGE('',*,*,#1776,.F.);
#842=ORIENTED_EDGE('',*,*,#1777,.T.);
#843=ORIENTED_EDGE('',*,*,#1773,.T.);
#844=ORIENTED_EDGE('',*,*,#1517,.F.);
#845=ORIENTED_EDGE('',*,*,#1778,.F.);
#846=ORIENTED_EDGE('',*,*,#1779,.T.);
#847=ORIENTED_EDGE('',*,*,#1776,.T.);
#848=ORIENTED_EDGE('',*,*,#1516,.F.);
#849=ORIENTED_EDGE('',*,*,#1780,.F.);
#850=ORIENTED_EDGE('',*,*,#1781,.T.);
#851=ORIENTED_EDGE('',*,*,#1778,.T.);
#852=ORIENTED_EDGE('',*,*,#1515,.F.);
#853=ORIENTED_EDGE('',*,*,#1782,.F.);
#854=ORIENTED_EDGE('',*,*,#1783,.T.);
#855=ORIENTED_EDGE('',*,*,#1780,.T.);
#856=ORIENTED_EDGE('',*,*,#1514,.F.);
#857=ORIENTED_EDGE('',*,*,#1784,.F.);
#858=ORIENTED_EDGE('',*,*,#1785,.T.);
#859=ORIENTED_EDGE('',*,*,#1782,.T.);
#860=ORIENTED_EDGE('',*,*,#1513,.F.);
#861=ORIENTED_EDGE('',*,*,#1786,.F.);
#862=ORIENTED_EDGE('',*,*,#1787,.T.);
#863=ORIENTED_EDGE('',*,*,#1784,.T.);
#864=ORIENTED_EDGE('',*,*,#1512,.F.);
#865=ORIENTED_EDGE('',*,*,#1788,.F.);
#866=ORIENTED_EDGE('',*,*,#1789,.T.);
#867=ORIENTED_EDGE('',*,*,#1786,.T.);
#868=ORIENTED_EDGE('',*,*,#1511,.F.);
#869=ORIENTED_EDGE('',*,*,#1790,.F.);
#870=ORIENTED_EDGE('',*,*,#1791,.T.);
#871=ORIENTED_EDGE('',*,*,#1788,.T.);
#872=ORIENTED_EDGE('',*,*,#1510,.F.);
#873=ORIENTED_EDGE('',*,*,#1792,.F.);
#874=ORIENTED_EDGE('',*,*,#1793,.T.);
#875=ORIENTED_EDGE('',*,*,#1790,.T.);
#876=ORIENTED_EDGE('',*,*,#1509,.F.);
#877=ORIENTED_EDGE('',*,*,#1794,.F.);
#878=ORIENTED_EDGE('',*,*,#1795,.T.);
#879=ORIENTED_EDGE('',*,*,#1792,.T.);
#880=ORIENTED_EDGE('',*,*,#1508,.F.);
#881=ORIENTED_EDGE('',*,*,#1796,.F.);
#882=ORIENTED_EDGE('',*,*,#1797,.T.);
#883=ORIENTED_EDGE('',*,*,#1794,.T.);
#884=ORIENTED_EDGE('',*,*,#1507,.F.);
#885=ORIENTED_EDGE('',*,*,#1798,.F.);
#886=ORIENTED_EDGE('',*,*,#1799,.T.);
#887=ORIENTED_EDGE('',*,*,#1796,.T.);
#888=ORIENTED_EDGE('',*,*,#1506,.F.);
#889=ORIENTED_EDGE('',*,*,#1800,.F.);
#890=ORIENTED_EDGE('',*,*,#1801,.T.);
#891=ORIENTED_EDGE('',*,*,#1798,.T.);
#892=ORIENTED_EDGE('',*,*,#1505,.F.);
#893=ORIENTED_EDGE('',*,*,#1802,.F.);
#894=ORIENTED_EDGE('',*,*,#1803,.T.);
#895=ORIENTED_EDGE('',*,*,#1800,.T.);
#896=ORIENTED_EDGE('',*,*,#1504,.F.);
#897=ORIENTED_EDGE('',*,*,#1804,.F.);
#898=ORIENTED_EDGE('',*,*,#1805,.T.);
#899=ORIENTED_EDGE('',*,*,#1802,.T.);
#900=ORIENTED_EDGE('',*,*,#1503,.F.);
#901=ORIENTED_EDGE('',*,*,#1806,.F.);
#902=ORIENTED_EDGE('',*,*,#1807,.T.);
#903=ORIENTED_EDGE('',*,*,#1804,.T.);
#904=ORIENTED_EDGE('',*,*,#1502,.F.);
#905=ORIENTED_EDGE('',*,*,#1775,.F.);
#906=ORIENTED_EDGE('',*,*,#1808,.T.);
#907=ORIENTED_EDGE('',*,*,#1806,.T.);
#908=ORIENTED_EDGE('',*,*,#1809,.F.);
#909=ORIENTED_EDGE('',*,*,#1757,.F.);
#910=ORIENTED_EDGE('',*,*,#1810,.T.);
#911=ORIENTED_EDGE('',*,*,#1771,.T.);
#912=ORIENTED_EDGE('',*,*,#1774,.F.);
#913=ORIENTED_EDGE('',*,*,#1777,.F.);
#914=ORIENTED_EDGE('',*,*,#1779,.F.);
#915=ORIENTED_EDGE('',*,*,#1781,.F.);
#916=ORIENTED_EDGE('',*,*,#1783,.F.);
#917=ORIENTED_EDGE('',*,*,#1785,.F.);
#918=ORIENTED_EDGE('',*,*,#1787,.F.);
#919=ORIENTED_EDGE('',*,*,#1789,.F.);
#920=ORIENTED_EDGE('',*,*,#1791,.F.);
#921=ORIENTED_EDGE('',*,*,#1793,.F.);
#922=ORIENTED_EDGE('',*,*,#1795,.F.);
#923=ORIENTED_EDGE('',*,*,#1797,.F.);
#924=ORIENTED_EDGE('',*,*,#1799,.F.);
#925=ORIENTED_EDGE('',*,*,#1801,.F.);
#926=ORIENTED_EDGE('',*,*,#1803,.F.);
#927=ORIENTED_EDGE('',*,*,#1805,.F.);
#928=ORIENTED_EDGE('',*,*,#1807,.F.);
#929=ORIENTED_EDGE('',*,*,#1808,.F.);
#930=ORIENTED_EDGE('',*,*,#1756,.F.);
#931=ORIENTED_EDGE('',*,*,#1760,.F.);
#932=ORIENTED_EDGE('',*,*,#1763,.F.);
#933=ORIENTED_EDGE('',*,*,#1766,.F.);
#934=ORIENTED_EDGE('',*,*,#1769,.F.);
#935=ORIENTED_EDGE('',*,*,#1772,.F.);
#936=ORIENTED_EDGE('',*,*,#1810,.F.);
#937=ORIENTED_EDGE('',*,*,#1811,.F.);
#938=ORIENTED_EDGE('',*,*,#1812,.F.);
#939=ORIENTED_EDGE('',*,*,#1813,.T.);
#940=ORIENTED_EDGE('',*,*,#1814,.T.);
#941=ORIENTED_EDGE('',*,*,#1815,.F.);
#942=ORIENTED_EDGE('',*,*,#1816,.F.);
#943=ORIENTED_EDGE('',*,*,#1817,.T.);
#944=ORIENTED_EDGE('',*,*,#1812,.T.);
#945=ORIENTED_EDGE('',*,*,#1818,.F.);
#946=ORIENTED_EDGE('',*,*,#1819,.F.);
#947=ORIENTED_EDGE('',*,*,#1820,.T.);
#948=ORIENTED_EDGE('',*,*,#1816,.T.);
#949=ORIENTED_EDGE('',*,*,#1821,.F.);
#950=ORIENTED_EDGE('',*,*,#1822,.F.);
#951=ORIENTED_EDGE('',*,*,#1823,.T.);
#952=ORIENTED_EDGE('',*,*,#1819,.T.);
#953=ORIENTED_EDGE('',*,*,#1824,.F.);
#954=ORIENTED_EDGE('',*,*,#1825,.F.);
#955=ORIENTED_EDGE('',*,*,#1826,.T.);
#956=ORIENTED_EDGE('',*,*,#1822,.T.);
#957=ORIENTED_EDGE('',*,*,#1827,.F.);
#958=ORIENTED_EDGE('',*,*,#1828,.F.);
#959=ORIENTED_EDGE('',*,*,#1829,.T.);
#960=ORIENTED_EDGE('',*,*,#1825,.T.);
#961=ORIENTED_EDGE('',*,*,#1830,.F.);
#962=ORIENTED_EDGE('',*,*,#1831,.F.);
#963=ORIENTED_EDGE('',*,*,#1832,.T.);
#964=ORIENTED_EDGE('',*,*,#1828,.T.);
#965=ORIENTED_EDGE('',*,*,#1537,.F.);
#966=ORIENTED_EDGE('',*,*,#1833,.F.);
#967=ORIENTED_EDGE('',*,*,#1834,.T.);
#968=ORIENTED_EDGE('',*,*,#1835,.T.);
#969=ORIENTED_EDGE('',*,*,#1551,.F.);
#970=ORIENTED_EDGE('',*,*,#1836,.F.);
#971=ORIENTED_EDGE('',*,*,#1837,.T.);
#972=ORIENTED_EDGE('',*,*,#1833,.T.);
#973=ORIENTED_EDGE('',*,*,#1550,.F.);
#974=ORIENTED_EDGE('',*,*,#1838,.F.);
#975=ORIENTED_EDGE('',*,*,#1839,.T.);
#976=ORIENTED_EDGE('',*,*,#1836,.T.);
#977=ORIENTED_EDGE('',*,*,#1549,.F.);
#978=ORIENTED_EDGE('',*,*,#1840,.F.);
#979=ORIENTED_EDGE('',*,*,#1841,.T.);
#980=ORIENTED_EDGE('',*,*,#1838,.T.);
#981=ORIENTED_EDGE('',*,*,#1548,.F.);
#982=ORIENTED_EDGE('',*,*,#1842,.F.);
#983=ORIENTED_EDGE('',*,*,#1843,.T.);
#984=ORIENTED_EDGE('',*,*,#1840,.T.);
#985=ORIENTED_EDGE('',*,*,#1547,.F.);
#986=ORIENTED_EDGE('',*,*,#1844,.F.);
#987=ORIENTED_EDGE('',*,*,#1845,.T.);
#988=ORIENTED_EDGE('',*,*,#1842,.T.);
#989=ORIENTED_EDGE('',*,*,#1546,.F.);
#990=ORIENTED_EDGE('',*,*,#1846,.F.);
#991=ORIENTED_EDGE('',*,*,#1847,.T.);
#992=ORIENTED_EDGE('',*,*,#1844,.T.);
#993=ORIENTED_EDGE('',*,*,#1545,.F.);
#994=ORIENTED_EDGE('',*,*,#1848,.F.);
#995=ORIENTED_EDGE('',*,*,#1849,.T.);
#996=ORIENTED_EDGE('',*,*,#1846,.T.);
#997=ORIENTED_EDGE('',*,*,#1544,.F.);
#998=ORIENTED_EDGE('',*,*,#1850,.F.);
#999=ORIENTED_EDGE('',*,*,#1851,.T.);
#1000=ORIENTED_EDGE('',*,*,#1848,.T.);
#1001=ORIENTED_EDGE('',*,*,#1543,.F.);
#1002=ORIENTED_EDGE('',*,*,#1852,.F.);
#1003=ORIENTED_EDGE('',*,*,#1853,.T.);
#1004=ORIENTED_EDGE('',*,*,#1850,.T.);
#1005=ORIENTED_EDGE('',*,*,#1542,.F.);
#1006=ORIENTED_EDGE('',*,*,#1854,.F.);
#1007=ORIENTED_EDGE('',*,*,#1855,.T.);
#1008=ORIENTED_EDGE('',*,*,#1852,.T.);
#1009=ORIENTED_EDGE('',*,*,#1541,.F.);
#1010=ORIENTED_EDGE('',*,*,#1856,.F.);
#1011=ORIENTED_EDGE('',*,*,#1857,.T.);
#1012=ORIENTED_EDGE('',*,*,#1854,.T.);
#1013=ORIENTED_EDGE('',*,*,#1540,.F.);
#1014=ORIENTED_EDGE('',*,*,#1858,.F.);
#1015=ORIENTED_EDGE('',*,*,#1859,.T.);
#1016=ORIENTED_EDGE('',*,*,#1856,.T.);
#1017=ORIENTED_EDGE('',*,*,#1539,.F.);
#1018=ORIENTED_EDGE('',*,*,#1860,.F.);
#1019=ORIENTED_EDGE('',*,*,#1861,.T.);
#1020=ORIENTED_EDGE('',*,*,#1858,.T.);
#1021=ORIENTED_EDGE('',*,*,#1538,.F.);
#1022=ORIENTED_EDGE('',*,*,#1835,.F.);
#1023=ORIENTED_EDGE('',*,*,#1862,.T.);
#1024=ORIENTED_EDGE('',*,*,#1860,.T.);
#1025=ORIENTED_EDGE('',*,*,#1863,.F.);
#1026=ORIENTED_EDGE('',*,*,#1814,.F.);
#1027=ORIENTED_EDGE('',*,*,#1864,.T.);
#1028=ORIENTED_EDGE('',*,*,#1831,.T.);
#1029=ORIENTED_EDGE('',*,*,#1834,.F.);
#1030=ORIENTED_EDGE('',*,*,#1837,.F.);
#1031=ORIENTED_EDGE('',*,*,#1839,.F.);
#1032=ORIENTED_EDGE('',*,*,#1841,.F.);
#1033=ORIENTED_EDGE('',*,*,#1843,.F.);
#1034=ORIENTED_EDGE('',*,*,#1845,.F.);
#1035=ORIENTED_EDGE('',*,*,#1847,.F.);
#1036=ORIENTED_EDGE('',*,*,#1849,.F.);
#1037=ORIENTED_EDGE('',*,*,#1851,.F.);
#1038=ORIENTED_EDGE('',*,*,#1853,.F.);
#1039=ORIENTED_EDGE('',*,*,#1855,.F.);
#1040=ORIENTED_EDGE('',*,*,#1857,.F.);
#1041=ORIENTED_EDGE('',*,*,#1859,.F.);
#1042=ORIENTED_EDGE('',*,*,#1861,.F.);
#1043=ORIENTED_EDGE('',*,*,#1862,.F.);
#1044=ORIENTED_EDGE('',*,*,#1813,.F.);
#1045=ORIENTED_EDGE('',*,*,#1817,.F.);
#1046=ORIENTED_EDGE('',*,*,#1820,.F.);
#1047=ORIENTED_EDGE('',*,*,#1823,.F.);
#1048=ORIENTED_EDGE('',*,*,#1826,.F.);
#1049=ORIENTED_EDGE('',*,*,#1829,.F.);
#1050=ORIENTED_EDGE('',*,*,#1832,.F.);
#1051=ORIENTED_EDGE('',*,*,#1864,.F.);
#1052=ORIENTED_EDGE('',*,*,#1865,.F.);
#1053=ORIENTED_EDGE('',*,*,#1866,.F.);
#1054=ORIENTED_EDGE('',*,*,#1867,.T.);
#1055=ORIENTED_EDGE('',*,*,#1868,.T.);
#1056=ORIENTED_EDGE('',*,*,#1869,.F.);
#1057=ORIENTED_EDGE('',*,*,#1870,.F.);
#1058=ORIENTED_EDGE('',*,*,#1871,.T.);
#1059=ORIENTED_EDGE('',*,*,#1866,.T.);
#1060=ORIENTED_EDGE('',*,*,#1872,.F.);
#1061=ORIENTED_EDGE('',*,*,#1873,.F.);
#1062=ORIENTED_EDGE('',*,*,#1874,.T.);
#1063=ORIENTED_EDGE('',*,*,#1870,.T.);
#1064=ORIENTED_EDGE('',*,*,#1875,.F.);
#1065=ORIENTED_EDGE('',*,*,#1876,.F.);
#1066=ORIENTED_EDGE('',*,*,#1877,.T.);
#1067=ORIENTED_EDGE('',*,*,#1873,.T.);
#1068=ORIENTED_EDGE('',*,*,#1878,.F.);
#1069=ORIENTED_EDGE('',*,*,#1879,.F.);
#1070=ORIENTED_EDGE('',*,*,#1880,.T.);
#1071=ORIENTED_EDGE('',*,*,#1876,.T.);
#1072=ORIENTED_EDGE('',*,*,#1881,.F.);
#1073=ORIENTED_EDGE('',*,*,#1882,.F.);
#1074=ORIENTED_EDGE('',*,*,#1883,.T.);
#1075=ORIENTED_EDGE('',*,*,#1879,.T.);
#1076=ORIENTED_EDGE('',*,*,#1483,.F.);
#1077=ORIENTED_EDGE('',*,*,#1884,.F.);
#1078=ORIENTED_EDGE('',*,*,#1885,.T.);
#1079=ORIENTED_EDGE('',*,*,#1886,.T.);
#1080=ORIENTED_EDGE('',*,*,#1500,.F.);
#1081=ORIENTED_EDGE('',*,*,#1887,.F.);
#1082=ORIENTED_EDGE('',*,*,#1888,.T.);
#1083=ORIENTED_EDGE('',*,*,#1884,.T.);
#1084=ORIENTED_EDGE('',*,*,#1499,.F.);
#1085=ORIENTED_EDGE('',*,*,#1889,.F.);
#1086=ORIENTED_EDGE('',*,*,#1890,.T.);
#1087=ORIENTED_EDGE('',*,*,#1887,.T.);
#1088=ORIENTED_EDGE('',*,*,#1498,.F.);
#1089=ORIENTED_EDGE('',*,*,#1891,.F.);
#1090=ORIENTED_EDGE('',*,*,#1892,.T.);
#1091=ORIENTED_EDGE('',*,*,#1889,.T.);
#1092=ORIENTED_EDGE('',*,*,#1497,.F.);
#1093=ORIENTED_EDGE('',*,*,#1893,.F.);
#1094=ORIENTED_EDGE('',*,*,#1894,.T.);
#1095=ORIENTED_EDGE('',*,*,#1891,.T.);
#1096=ORIENTED_EDGE('',*,*,#1496,.F.);
#1097=ORIENTED_EDGE('',*,*,#1895,.F.);
#1098=ORIENTED_EDGE('',*,*,#1896,.T.);
#1099=ORIENTED_EDGE('',*,*,#1893,.T.);
#1100=ORIENTED_EDGE('',*,*,#1495,.F.);
#1101=ORIENTED_EDGE('',*,*,#1897,.F.);
#1102=ORIENTED_EDGE('',*,*,#1898,.T.);
#1103=ORIENTED_EDGE('',*,*,#1895,.T.);
#1104=ORIENTED_EDGE('',*,*,#1494,.F.);
#1105=ORIENTED_EDGE('',*,*,#1899,.F.);
#1106=ORIENTED_EDGE('',*,*,#1900,.T.);
#1107=ORIENTED_EDGE('',*,*,#1897,.T.);
#1108=ORIENTED_EDGE('',*,*,#1493,.F.);
#1109=ORIENTED_EDGE('',*,*,#1901,.F.);
#1110=ORIENTED_EDGE('',*,*,#1902,.T.);
#1111=ORIENTED_EDGE('',*,*,#1899,.T.);
#1112=ORIENTED_EDGE('',*,*,#1492,.F.);
#1113=ORIENTED_EDGE('',*,*,#1903,.F.);
#1114=ORIENTED_EDGE('',*,*,#1904,.T.);
#1115=ORIENTED_EDGE('',*,*,#1901,.T.);
#1116=ORIENTED_EDGE('',*,*,#1491,.F.);
#1117=ORIENTED_EDGE('',*,*,#1905,.F.);
#1118=ORIENTED_EDGE('',*,*,#1906,.T.);
#1119=ORIENTED_EDGE('',*,*,#1903,.T.);
#1120=ORIENTED_EDGE('',*,*,#1490,.F.);
#1121=ORIENTED_EDGE('',*,*,#1907,.F.);
#1122=ORIENTED_EDGE('',*,*,#1908,.T.);
#1123=ORIENTED_EDGE('',*,*,#1905,.T.);
#1124=ORIENTED_EDGE('',*,*,#1489,.F.);
#1125=ORIENTED_EDGE('',*,*,#1909,.F.);
#1126=ORIENTED_EDGE('',*,*,#1910,.T.);
#1127=ORIENTED_EDGE('',*,*,#1907,.T.);
#1128=ORIENTED_EDGE('',*,*,#1488,.F.);
#1129=ORIENTED_EDGE('',*,*,#1911,.F.);
#1130=ORIENTED_EDGE('',*,*,#1912,.T.);
#1131=ORIENTED_EDGE('',*,*,#1909,.T.);
#1132=ORIENTED_EDGE('',*,*,#1487,.F.);
#1133=ORIENTED_EDGE('',*,*,#1913,.F.);
#1134=ORIENTED_EDGE('',*,*,#1914,.T.);
#1135=ORIENTED_EDGE('',*,*,#1911,.T.);
#1136=ORIENTED_EDGE('',*,*,#1486,.F.);
#1137=ORIENTED_EDGE('',*,*,#1915,.F.);
#1138=ORIENTED_EDGE('',*,*,#1916,.T.);
#1139=ORIENTED_EDGE('',*,*,#1913,.T.);
#1140=ORIENTED_EDGE('',*,*,#1485,.F.);
#1141=ORIENTED_EDGE('',*,*,#1917,.F.);
#1142=ORIENTED_EDGE('',*,*,#1918,.T.);
#1143=ORIENTED_EDGE('',*,*,#1915,.T.);
#1144=ORIENTED_EDGE('',*,*,#1484,.F.);
#1145=ORIENTED_EDGE('',*,*,#1886,.F.);
#1146=ORIENTED_EDGE('',*,*,#1919,.T.);
#1147=ORIENTED_EDGE('',*,*,#1917,.T.);
#1148=ORIENTED_EDGE('',*,*,#1920,.F.);
#1149=ORIENTED_EDGE('',*,*,#1868,.F.);
#1150=ORIENTED_EDGE('',*,*,#1921,.T.);
#1151=ORIENTED_EDGE('',*,*,#1882,.T.);
#1152=ORIENTED_EDGE('',*,*,#1885,.F.);
#1153=ORIENTED_EDGE('',*,*,#1888,.F.);
#1154=ORIENTED_EDGE('',*,*,#1890,.F.);
#1155=ORIENTED_EDGE('',*,*,#1892,.F.);
#1156=ORIENTED_EDGE('',*,*,#1894,.F.);
#1157=ORIENTED_EDGE('',*,*,#1896,.F.);
#1158=ORIENTED_EDGE('',*,*,#1898,.F.);
#1159=ORIENTED_EDGE('',*,*,#1900,.F.);
#1160=ORIENTED_EDGE('',*,*,#1902,.F.);
#1161=ORIENTED_EDGE('',*,*,#1904,.F.);
#1162=ORIENTED_EDGE('',*,*,#1906,.F.);
#1163=ORIENTED_EDGE('',*,*,#1908,.F.);
#1164=ORIENTED_EDGE('',*,*,#1910,.F.);
#1165=ORIENTED_EDGE('',*,*,#1912,.F.);
#1166=ORIENTED_EDGE('',*,*,#1914,.F.);
#1167=ORIENTED_EDGE('',*,*,#1916,.F.);
#1168=ORIENTED_EDGE('',*,*,#1918,.F.);
#1169=ORIENTED_EDGE('',*,*,#1919,.F.);
#1170=ORIENTED_EDGE('',*,*,#1867,.F.);
#1171=ORIENTED_EDGE('',*,*,#1871,.F.);
#1172=ORIENTED_EDGE('',*,*,#1874,.F.);
#1173=ORIENTED_EDGE('',*,*,#1877,.F.);
#1174=ORIENTED_EDGE('',*,*,#1880,.F.);
#1175=ORIENTED_EDGE('',*,*,#1883,.F.);
#1176=ORIENTED_EDGE('',*,*,#1921,.F.);
#1177=ORIENTED_EDGE('',*,*,#1552,.F.);
#1178=ORIENTED_EDGE('',*,*,#1922,.F.);
#1179=ORIENTED_EDGE('',*,*,#1923,.T.);
#1180=ORIENTED_EDGE('',*,*,#1924,.T.);
#1181=ORIENTED_EDGE('',*,*,#1555,.F.);
#1182=ORIENTED_EDGE('',*,*,#1925,.F.);
#1183=ORIENTED_EDGE('',*,*,#1926,.T.);
#1184=ORIENTED_EDGE('',*,*,#1922,.T.);
#1185=ORIENTED_EDGE('',*,*,#1554,.F.);
#1186=ORIENTED_EDGE('',*,*,#1927,.F.);
#1187=ORIENTED_EDGE('',*,*,#1928,.T.);
#1188=ORIENTED_EDGE('',*,*,#1925,.T.);
#1189=ORIENTED_EDGE('',*,*,#1553,.F.);
#1190=ORIENTED_EDGE('',*,*,#1924,.F.);
#1191=ORIENTED_EDGE('',*,*,#1929,.T.);
#1192=ORIENTED_EDGE('',*,*,#1927,.T.);
#1193=ORIENTED_EDGE('',*,*,#1923,.F.);
#1194=ORIENTED_EDGE('',*,*,#1926,.F.);
#1195=ORIENTED_EDGE('',*,*,#1928,.F.);
#1196=ORIENTED_EDGE('',*,*,#1929,.F.);
#1197=ORIENTED_EDGE('',*,*,#1930,.F.);
#1198=ORIENTED_EDGE('',*,*,#1931,.F.);
#1199=ORIENTED_EDGE('',*,*,#1932,.T.);
#1200=ORIENTED_EDGE('',*,*,#1933,.T.);
#1201=ORIENTED_EDGE('',*,*,#1934,.F.);
#1202=ORIENTED_EDGE('',*,*,#1935,.F.);
#1203=ORIENTED_EDGE('',*,*,#1936,.T.);
#1204=ORIENTED_EDGE('',*,*,#1931,.T.);
#1205=ORIENTED_EDGE('',*,*,#1937,.F.);
#1206=ORIENTED_EDGE('',*,*,#1938,.F.);
#1207=ORIENTED_EDGE('',*,*,#1939,.T.);
#1208=ORIENTED_EDGE('',*,*,#1935,.T.);
#1209=ORIENTED_EDGE('',*,*,#1940,.F.);
#1210=ORIENTED_EDGE('',*,*,#1941,.F.);
#1211=ORIENTED_EDGE('',*,*,#1942,.T.);
#1212=ORIENTED_EDGE('',*,*,#1938,.T.);
#1213=ORIENTED_EDGE('',*,*,#1943,.F.);
#1214=ORIENTED_EDGE('',*,*,#1944,.F.);
#1215=ORIENTED_EDGE('',*,*,#1945,.T.);
#1216=ORIENTED_EDGE('',*,*,#1941,.T.);
#1217=ORIENTED_EDGE('',*,*,#1946,.F.);
#1218=ORIENTED_EDGE('',*,*,#1947,.F.);
#1219=ORIENTED_EDGE('',*,*,#1948,.T.);
#1220=ORIENTED_EDGE('',*,*,#1944,.T.);
#1221=ORIENTED_EDGE('',*,*,#1465,.F.);
#1222=ORIENTED_EDGE('',*,*,#1949,.F.);
#1223=ORIENTED_EDGE('',*,*,#1950,.T.);
#1224=ORIENTED_EDGE('',*,*,#1951,.T.);
#1225=ORIENTED_EDGE('',*,*,#1482,.F.);
#1226=ORIENTED_EDGE('',*,*,#1952,.F.);
#1227=ORIENTED_EDGE('',*,*,#1953,.T.);
#1228=ORIENTED_EDGE('',*,*,#1949,.T.);
#1229=ORIENTED_EDGE('',*,*,#1481,.F.);
#1230=ORIENTED_EDGE('',*,*,#1954,.F.);
#1231=ORIENTED_EDGE('',*,*,#1955,.T.);
#1232=ORIENTED_EDGE('',*,*,#1952,.T.);
#1233=ORIENTED_EDGE('',*,*,#1480,.F.);
#1234=ORIENTED_EDGE('',*,*,#1956,.F.);
#1235=ORIENTED_EDGE('',*,*,#1957,.T.);
#1236=ORIENTED_EDGE('',*,*,#1954,.T.);
#1237=ORIENTED_EDGE('',*,*,#1479,.F.);
#1238=ORIENTED_EDGE('',*,*,#1958,.F.);
#1239=ORIENTED_EDGE('',*,*,#1959,.T.);
#1240=ORIENTED_EDGE('',*,*,#1956,.T.);
#1241=ORIENTED_EDGE('',*,*,#1478,.F.);
#1242=ORIENTED_EDGE('',*,*,#1960,.F.);
#1243=ORIENTED_EDGE('',*,*,#1961,.T.);
#1244=ORIENTED_EDGE('',*,*,#1958,.T.);
#1245=ORIENTED_EDGE('',*,*,#1477,.F.);
#1246=ORIENTED_EDGE('',*,*,#1962,.F.);
#1247=ORIENTED_EDGE('',*,*,#1963,.T.);
#1248=ORIENTED_EDGE('',*,*,#1960,.T.);
#1249=ORIENTED_EDGE('',*,*,#1476,.F.);
#1250=ORIENTED_EDGE('',*,*,#1964,.F.);
#1251=ORIENTED_EDGE('',*,*,#1965,.T.);
#1252=ORIENTED_EDGE('',*,*,#1962,.T.);
#1253=ORIENTED_EDGE('',*,*,#1475,.F.);
#1254=ORIENTED_EDGE('',*,*,#1966,.F.);
#1255=ORIENTED_EDGE('',*,*,#1967,.T.);
#1256=ORIENTED_EDGE('',*,*,#1964,.T.);
#1257=ORIENTED_EDGE('',*,*,#1474,.F.);
#1258=ORIENTED_EDGE('',*,*,#1968,.F.);
#1259=ORIENTED_EDGE('',*,*,#1969,.T.);
#1260=ORIENTED_EDGE('',*,*,#1966,.T.);
#1261=ORIENTED_EDGE('',*,*,#1473,.F.);
#1262=ORIENTED_EDGE('',*,*,#1970,.F.);
#1263=ORIENTED_EDGE('',*,*,#1971,.T.);
#1264=ORIENTED_EDGE('',*,*,#1968,.T.);
#1265=ORIENTED_EDGE('',*,*,#1472,.F.);
#1266=ORIENTED_EDGE('',*,*,#1972,.F.);
#1267=ORIENTED_EDGE('',*,*,#1973,.T.);
#1268=ORIENTED_EDGE('',*,*,#1970,.T.);
#1269=ORIENTED_EDGE('',*,*,#1471,.F.);
#1270=ORIENTED_EDGE('',*,*,#1974,.F.);
#1271=ORIENTED_EDGE('',*,*,#1975,.T.);
#1272=ORIENTED_EDGE('',*,*,#1972,.T.);
#1273=ORIENTED_EDGE('',*,*,#1470,.F.);
#1274=ORIENTED_EDGE('',*,*,#1976,.F.);
#1275=ORIENTED_EDGE('',*,*,#1977,.T.);
#1276=ORIENTED_EDGE('',*,*,#1974,.T.);
#1277=ORIENTED_EDGE('',*,*,#1469,.F.);
#1278=ORIENTED_EDGE('',*,*,#1978,.F.);
#1279=ORIENTED_EDGE('',*,*,#1979,.T.);
#1280=ORIENTED_EDGE('',*,*,#1976,.T.);
#1281=ORIENTED_EDGE('',*,*,#1468,.F.);
#1282=ORIENTED_EDGE('',*,*,#1980,.F.);
#1283=ORIENTED_EDGE('',*,*,#1981,.T.);
#1284=ORIENTED_EDGE('',*,*,#1978,.T.);
#1285=ORIENTED_EDGE('',*,*,#1467,.F.);
#1286=ORIENTED_EDGE('',*,*,#1982,.F.);
#1287=ORIENTED_EDGE('',*,*,#1983,.T.);
#1288=ORIENTED_EDGE('',*,*,#1980,.T.);
#1289=ORIENTED_EDGE('',*,*,#1466,.F.);
#1290=ORIENTED_EDGE('',*,*,#1951,.F.);
#1291=ORIENTED_EDGE('',*,*,#1984,.T.);
#1292=ORIENTED_EDGE('',*,*,#1982,.T.);
#1293=ORIENTED_EDGE('',*,*,#1985,.F.);
#1294=ORIENTED_EDGE('',*,*,#1933,.F.);
#1295=ORIENTED_EDGE('',*,*,#1986,.T.);
#1296=ORIENTED_EDGE('',*,*,#1947,.T.);
#1297=ORIENTED_EDGE('',*,*,#1950,.F.);
#1298=ORIENTED_EDGE('',*,*,#1953,.F.);
#1299=ORIENTED_EDGE('',*,*,#1955,.F.);
#1300=ORIENTED_EDGE('',*,*,#1957,.F.);
#1301=ORIENTED_EDGE('',*,*,#1959,.F.);
#1302=ORIENTED_EDGE('',*,*,#1961,.F.);
#1303=ORIENTED_EDGE('',*,*,#1963,.F.);
#1304=ORIENTED_EDGE('',*,*,#1965,.F.);
#1305=ORIENTED_EDGE('',*,*,#1967,.F.);
#1306=ORIENTED_EDGE('',*,*,#1969,.F.);
#1307=ORIENTED_EDGE('',*,*,#1971,.F.);
#1308=ORIENTED_EDGE('',*,*,#1973,.F.);
#1309=ORIENTED_EDGE('',*,*,#1975,.F.);
#1310=ORIENTED_EDGE('',*,*,#1977,.F.);
#1311=ORIENTED_EDGE('',*,*,#1979,.F.);
#1312=ORIENTED_EDGE('',*,*,#1981,.F.);
#1313=ORIENTED_EDGE('',*,*,#1983,.F.);
#1314=ORIENTED_EDGE('',*,*,#1984,.F.);
#1315=ORIENTED_EDGE('',*,*,#1932,.F.);
#1316=ORIENTED_EDGE('',*,*,#1936,.F.);
#1317=ORIENTED_EDGE('',*,*,#1939,.F.);
#1318=ORIENTED_EDGE('',*,*,#1942,.F.);
#1319=ORIENTED_EDGE('',*,*,#1945,.F.);
#1320=ORIENTED_EDGE('',*,*,#1948,.F.);
#1321=ORIENTED_EDGE('',*,*,#1986,.F.);
#1322=ORIENTED_EDGE('',*,*,#1556,.F.);
#1323=ORIENTED_EDGE('',*,*,#1987,.F.);
#1324=ORIENTED_EDGE('',*,*,#1988,.T.);
#1325=ORIENTED_EDGE('',*,*,#1989,.T.);
#1326=ORIENTED_EDGE('',*,*,#1568,.F.);
#1327=ORIENTED_EDGE('',*,*,#1990,.F.);
#1328=ORIENTED_EDGE('',*,*,#1991,.T.);
#1329=ORIENTED_EDGE('',*,*,#1987,.T.);
#1330=ORIENTED_EDGE('',*,*,#1567,.F.);
#1331=ORIENTED_EDGE('',*,*,#1992,.F.);
#1332=ORIENTED_EDGE('',*,*,#1993,.T.);
#1333=ORIENTED_EDGE('',*,*,#1990,.T.);
#1334=ORIENTED_EDGE('',*,*,#1566,.F.);
#1335=ORIENTED_EDGE('',*,*,#1994,.F.);
#1336=ORIENTED_EDGE('',*,*,#1995,.T.);
#1337=ORIENTED_EDGE('',*,*,#1992,.T.);
#1338=ORIENTED_EDGE('',*,*,#1565,.F.);
#1339=ORIENTED_EDGE('',*,*,#1996,.F.);
#1340=ORIENTED_EDGE('',*,*,#1997,.T.);
#1341=ORIENTED_EDGE('',*,*,#1994,.T.);
#1342=ORIENTED_EDGE('',*,*,#1564,.F.);
#1343=ORIENTED_EDGE('',*,*,#1998,.F.);
#1344=ORIENTED_EDGE('',*,*,#1999,.T.);
#1345=ORIENTED_EDGE('',*,*,#1996,.T.);
#1346=ORIENTED_EDGE('',*,*,#1563,.F.);
#1347=ORIENTED_EDGE('',*,*,#2000,.F.);
#1348=ORIENTED_EDGE('',*,*,#2001,.T.);
#1349=ORIENTED_EDGE('',*,*,#1998,.T.);
#1350=ORIENTED_EDGE('',*,*,#1562,.F.);
#1351=ORIENTED_EDGE('',*,*,#2002,.F.);
#1352=ORIENTED_EDGE('',*,*,#2003,.T.);
#1353=ORIENTED_EDGE('',*,*,#2000,.T.);
#1354=ORIENTED_EDGE('',*,*,#1561,.F.);
#1355=ORIENTED_EDGE('',*,*,#2004,.F.);
#1356=ORIENTED_EDGE('',*,*,#2005,.T.);
#1357=ORIENTED_EDGE('',*,*,#2002,.T.);
#1358=ORIENTED_EDGE('',*,*,#1560,.F.);
#1359=ORIENTED_EDGE('',*,*,#2006,.F.);
#1360=ORIENTED_EDGE('',*,*,#2007,.T.);
#1361=ORIENTED_EDGE('',*,*,#2004,.T.);
#1362=ORIENTED_EDGE('',*,*,#1559,.F.);
#1363=ORIENTED_EDGE('',*,*,#2008,.F.);
#1364=ORIENTED_EDGE('',*,*,#2009,.T.);
#1365=ORIENTED_EDGE('',*,*,#2006,.T.);
#1366=ORIENTED_EDGE('',*,*,#1558,.F.);
#1367=ORIENTED_EDGE('',*,*,#2010,.F.);
#1368=ORIENTED_EDGE('',*,*,#2011,.T.);
#1369=ORIENTED_EDGE('',*,*,#2008,.T.);
#1370=ORIENTED_EDGE('',*,*,#1557,.F.);
#1371=ORIENTED_EDGE('',*,*,#1989,.F.);
#1372=ORIENTED_EDGE('',*,*,#2012,.T.);
#1373=ORIENTED_EDGE('',*,*,#2010,.T.);
#1374=ORIENTED_EDGE('',*,*,#1988,.F.);
#1375=ORIENTED_EDGE('',*,*,#1991,.F.);
#1376=ORIENTED_EDGE('',*,*,#1993,.F.);
#1377=ORIENTED_EDGE('',*,*,#1995,.F.);
#1378=ORIENTED_EDGE('',*,*,#1997,.F.);
#1379=ORIENTED_EDGE('',*,*,#1999,.F.);
#1380=ORIENTED_EDGE('',*,*,#2001,.F.);
#1381=ORIENTED_EDGE('',*,*,#2003,.F.);
#1382=ORIENTED_EDGE('',*,*,#2005,.F.);
#1383=ORIENTED_EDGE('',*,*,#2007,.F.);
#1384=ORIENTED_EDGE('',*,*,#2009,.F.);
#1385=ORIENTED_EDGE('',*,*,#2011,.F.);
#1386=ORIENTED_EDGE('',*,*,#2012,.F.);
#1387=ORIENTED_EDGE('',*,*,#1699,.T.);
#1388=ORIENTED_EDGE('',*,*,#1752,.T.);
#1389=ORIENTED_EDGE('',*,*,#1721,.T.);
#1390=ORIENTED_EDGE('',*,*,#1718,.T.);
#1391=ORIENTED_EDGE('',*,*,#1715,.T.);
#1392=ORIENTED_EDGE('',*,*,#1712,.T.);
#1393=ORIENTED_EDGE('',*,*,#1709,.T.);
#1394=ORIENTED_EDGE('',*,*,#1706,.T.);
#1395=ORIENTED_EDGE('',*,*,#1703,.T.);
#1396=ORIENTED_EDGE('',*,*,#1754,.T.);
#1397=ORIENTED_EDGE('',*,*,#1809,.T.);
#1398=ORIENTED_EDGE('',*,*,#1770,.T.);
#1399=ORIENTED_EDGE('',*,*,#1767,.T.);
#1400=ORIENTED_EDGE('',*,*,#1764,.T.);
#1401=ORIENTED_EDGE('',*,*,#1761,.T.);
#1402=ORIENTED_EDGE('',*,*,#1758,.T.);
#1403=ORIENTED_EDGE('',*,*,#1811,.T.);
#1404=ORIENTED_EDGE('',*,*,#1863,.T.);
#1405=ORIENTED_EDGE('',*,*,#1830,.T.);
#1406=ORIENTED_EDGE('',*,*,#1827,.T.);
#1407=ORIENTED_EDGE('',*,*,#1824,.T.);
#1408=ORIENTED_EDGE('',*,*,#1821,.T.);
#1409=ORIENTED_EDGE('',*,*,#1818,.T.);
#1410=ORIENTED_EDGE('',*,*,#1815,.T.);
#1411=ORIENTED_EDGE('',*,*,#1865,.T.);
#1412=ORIENTED_EDGE('',*,*,#1920,.T.);
#1413=ORIENTED_EDGE('',*,*,#1881,.T.);
#1414=ORIENTED_EDGE('',*,*,#1878,.T.);
#1415=ORIENTED_EDGE('',*,*,#1875,.T.);
#1416=ORIENTED_EDGE('',*,*,#1872,.T.);
#1417=ORIENTED_EDGE('',*,*,#1869,.T.);
#1418=ORIENTED_EDGE('',*,*,#1930,.T.);
#1419=ORIENTED_EDGE('',*,*,#1985,.T.);
#1420=ORIENTED_EDGE('',*,*,#1946,.T.);
#1421=ORIENTED_EDGE('',*,*,#1943,.T.);
#1422=ORIENTED_EDGE('',*,*,#1940,.T.);
#1423=ORIENTED_EDGE('',*,*,#1937,.T.);
#1424=ORIENTED_EDGE('',*,*,#1934,.T.);
#1425=ORIENTED_EDGE('',*,*,#2013,.F.);
#1426=ORIENTED_EDGE('',*,*,#1687,.F.);
#1427=ORIENTED_EDGE('',*,*,#2014,.F.);
#1428=ORIENTED_EDGE('',*,*,#1462,.F.);
#1429=ORIENTED_EDGE('',*,*,#2014,.T.);
#1430=ORIENTED_EDGE('',*,*,#1570,.F.);
#1431=ORIENTED_EDGE('',*,*,#2015,.F.);
#1432=ORIENTED_EDGE('',*,*,#1463,.F.);
#1433=ORIENTED_EDGE('',*,*,#2013,.T.);
#1434=ORIENTED_EDGE('',*,*,#1461,.F.);
#1435=ORIENTED_EDGE('',*,*,#2016,.F.);
#1436=ORIENTED_EDGE('',*,*,#1622,.F.);
#1437=ORIENTED_EDGE('',*,*,#2015,.T.);
#1438=ORIENTED_EDGE('',*,*,#1688,.F.);
#1439=ORIENTED_EDGE('',*,*,#2017,.F.);
#1440=ORIENTED_EDGE('',*,*,#1464,.F.);
#1441=ORIENTED_EDGE('',*,*,#2016,.T.);
#1442=ORIENTED_EDGE('',*,*,#1460,.F.);
#1443=ORIENTED_EDGE('',*,*,#2018,.F.);
#1444=ORIENTED_EDGE('',*,*,#1690,.F.);
#1445=ORIENTED_EDGE('',*,*,#2017,.T.);
#1446=ORIENTED_EDGE('',*,*,#1618,.F.);
#1447=ORIENTED_EDGE('',*,*,#2019,.F.);
#1448=ORIENTED_EDGE('',*,*,#1457,.F.);
#1449=ORIENTED_EDGE('',*,*,#2018,.T.);
#1450=ORIENTED_EDGE('',*,*,#1459,.F.);
#1451=ORIENTED_EDGE('',*,*,#2020,.F.);
#1452=ORIENTED_EDGE('',*,*,#1614,.F.);
#1453=ORIENTED_EDGE('',*,*,#2019,.T.);
#1454=ORIENTED_EDGE('',*,*,#1689,.F.);
#1455=ORIENTED_EDGE('',*,*,#2020,.T.);
#1456=ORIENTED_EDGE('',*,*,#1458,.F.);
#1457=EDGE_CURVE('',#2021,#2022,#2397,.F.);
#1458=EDGE_CURVE('',#2022,#2023,#267,.F.);
#1459=EDGE_CURVE('',#2023,#2024,#2398,.T.);
#1460=EDGE_CURVE('',#2024,#2025,#268,.F.);
#1461=EDGE_CURVE('',#2025,#2026,#2399,.T.);
#1462=EDGE_CURVE('',#2026,#2027,#269,.F.);
#1463=EDGE_CURVE('',#2027,#2028,#2400,.F.);
#1464=EDGE_CURVE('',#2028,#2021,#270,.F.);
#1465=EDGE_CURVE('',#2029,#2030,#2401,.T.);
#1466=EDGE_CURVE('',#2030,#2031,#2402,.T.);
#1467=EDGE_CURVE('',#2031,#2032,#119,.T.);
#1468=EDGE_CURVE('',#2032,#2033,#120,.T.);
#1469=EDGE_CURVE('',#2033,#2034,#121,.T.);
#1470=EDGE_CURVE('',#2034,#2035,#122,.T.);
#1471=EDGE_CURVE('',#2035,#2036,#123,.T.);
#1472=EDGE_CURVE('',#2036,#2037,#124,.T.);
#1473=EDGE_CURVE('',#2037,#2038,#2403,.T.);
#1474=EDGE_CURVE('',#2038,#2039,#2404,.T.);
#1475=EDGE_CURVE('',#2039,#2040,#125,.T.);
#1476=EDGE_CURVE('',#2040,#2041,#126,.T.);
#1477=EDGE_CURVE('',#2041,#2042,#2405,.T.);
#1478=EDGE_CURVE('',#2042,#2043,#127,.T.);
#1479=EDGE_CURVE('',#2043,#2044,#128,.T.);
#1480=EDGE_CURVE('',#2044,#2045,#129,.T.);
#1481=EDGE_CURVE('',#2045,#2046,#2406,.T.);
#1482=EDGE_CURVE('',#2046,#2029,#2407,.T.);
#1483=EDGE_CURVE('',#2047,#2048,#2408,.T.);
#1484=EDGE_CURVE('',#2048,#2049,#2409,.T.);
#1485=EDGE_CURVE('',#2049,#2050,#130,.T.);
#1486=EDGE_CURVE('',#2050,#2051,#131,.T.);
#1487=EDGE_CURVE('',#2051,#2052,#132,.T.);
#1488=EDGE_CURVE('',#2052,#2053,#133,.T.);
#1489=EDGE_CURVE('',#2053,#2054,#134,.T.);
#1490=EDGE_CURVE('',#2054,#2055,#135,.T.);
#1491=EDGE_CURVE('',#2055,#2056,#2410,.T.);
#1492=EDGE_CURVE('',#2056,#2057,#2411,.T.);
#1493=EDGE_CURVE('',#2057,#2058,#136,.T.);
#1494=EDGE_CURVE('',#2058,#2059,#137,.T.);
#1495=EDGE_CURVE('',#2059,#2060,#2412,.T.);
#1496=EDGE_CURVE('',#2060,#2061,#138,.T.);
#1497=EDGE_CURVE('',#2061,#2062,#139,.T.);
#1498=EDGE_CURVE('',#2062,#2063,#140,.T.);
#1499=EDGE_CURVE('',#2063,#2064,#2413,.T.);
#1500=EDGE_CURVE('',#2064,#2047,#2414,.T.);
#1501=EDGE_CURVE('',#2065,#2066,#2415,.T.);
#1502=EDGE_CURVE('',#2066,#2067,#2416,.T.);
#1503=EDGE_CURVE('',#2067,#2068,#141,.T.);
#1504=EDGE_CURVE('',#2068,#2069,#142,.T.);
#1505=EDGE_CURVE('',#2069,#2070,#143,.T.);
#1506=EDGE_CURVE('',#2070,#2071,#144,.T.);
#1507=EDGE_CURVE('',#2071,#2072,#145,.T.);
#1508=EDGE_CURVE('',#2072,#2073,#146,.T.);
#1509=EDGE_CURVE('',#2073,#2074,#2417,.T.);
#1510=EDGE_CURVE('',#2074,#2075,#2418,.T.);
#1511=EDGE_CURVE('',#2075,#2076,#147,.T.);
#1512=EDGE_CURVE('',#2076,#2077,#148,.T.);
#1513=EDGE_CURVE('',#2077,#2078,#2419,.T.);
#1514=EDGE_CURVE('',#2078,#2079,#149,.T.);
#1515=EDGE_CURVE('',#2079,#2080,#150,.T.);
#1516=EDGE_CURVE('',#2080,#2081,#151,.T.);
#1517=EDGE_CURVE('',#2081,#2082,#2420,.T.);
#1518=EDGE_CURVE('',#2082,#2065,#2421,.T.);
#1519=EDGE_CURVE('',#2083,#2083,#271,.T.);
#1520=EDGE_CURVE('',#2084,#2084,#272,.T.);
#1521=EDGE_CURVE('',#2085,#2085,#273,.T.);
#1522=EDGE_CURVE('',#2086,#2086,#274,.T.);
#1523=EDGE_CURVE('',#2087,#2088,#152,.T.);
#1524=EDGE_CURVE('',#2088,#2089,#153,.T.);
#1525=EDGE_CURVE('',#2089,#2090,#154,.T.);
#1526=EDGE_CURVE('',#2090,#2091,#155,.T.);
#1527=EDGE_CURVE('',#2091,#2092,#156,.T.);
#1528=EDGE_CURVE('',#2092,#2093,#2422,.T.);
#1529=EDGE_CURVE('',#2093,#2094,#275,.F.);
#1530=EDGE_CURVE('',#2094,#2095,#2423,.T.);
#1531=EDGE_CURVE('',#2095,#2096,#2424,.T.);
#1532=EDGE_CURVE('',#2096,#2097,#2425,.T.);
#1533=EDGE_CURVE('',#2097,#2098,#2426,.T.);
#1534=EDGE_CURVE('',#2098,#2099,#2427,.T.);
#1535=EDGE_CURVE('',#2099,#2100,#2428,.T.);
#1536=EDGE_CURVE('',#2100,#2087,#157,.T.);
#1537=EDGE_CURVE('',#2101,#2102,#158,.T.);
#1538=EDGE_CURVE('',#2102,#2103,#2429,.T.);
#1539=EDGE_CURVE('',#2103,#2104,#276,.F.);
#1540=EDGE_CURVE('',#2104,#2105,#2430,.T.);
#1541=EDGE_CURVE('',#2105,#2106,#2431,.T.);
#1542=EDGE_CURVE('',#2106,#2107,#2432,.T.);
#1543=EDGE_CURVE('',#2107,#2108,#2433,.T.);
#1544=EDGE_CURVE('',#2108,#2109,#2434,.T.);
#1545=EDGE_CURVE('',#2109,#2110,#2435,.T.);
#1546=EDGE_CURVE('',#2110,#2111,#159,.T.);
#1547=EDGE_CURVE('',#2111,#2112,#160,.T.);
#1548=EDGE_CURVE('',#2112,#2113,#161,.T.);
#1549=EDGE_CURVE('',#2113,#2114,#162,.T.);
#1550=EDGE_CURVE('',#2114,#2115,#163,.T.);
#1551=EDGE_CURVE('',#2115,#2101,#277,.F.);
#1552=EDGE_CURVE('',#2116,#2117,#2436,.T.);
#1553=EDGE_CURVE('',#2117,#2118,#2437,.T.);
#1554=EDGE_CURVE('',#2118,#2119,#2438,.T.);
#1555=EDGE_CURVE('',#2119,#2116,#2439,.T.);
#1556=EDGE_CURVE('',#2120,#2121,#2440,.T.);
#1557=EDGE_CURVE('',#2121,#2122,#2441,.T.);
#1558=EDGE_CURVE('',#2122,#2123,#2442,.T.);
#1559=EDGE_CURVE('',#2123,#2124,#2443,.T.);
#1560=EDGE_CURVE('',#2124,#2125,#2444,.T.);
#1561=EDGE_CURVE('',#2125,#2126,#2445,.T.);
#1562=EDGE_CURVE('',#2126,#2127,#2446,.T.);
#1563=EDGE_CURVE('',#2127,#2128,#2447,.T.);
#1564=EDGE_CURVE('',#2128,#2129,#2448,.T.);
#1565=EDGE_CURVE('',#2129,#2130,#2449,.T.);
#1566=EDGE_CURVE('',#2130,#2131,#2450,.T.);
#1567=EDGE_CURVE('',#2131,#2132,#2451,.T.);
#1568=EDGE_CURVE('',#2132,#2120,#2452,.T.);
#1569=EDGE_CURVE('',#2133,#2134,#2453,.T.);
#1570=EDGE_CURVE('',#2134,#2135,#2454,.T.);
#1571=EDGE_CURVE('',#2135,#2136,#2455,.F.);
#1572=EDGE_CURVE('',#2133,#2136,#2456,.T.);
#1573=EDGE_CURVE('',#2137,#2138,#278,.T.);
#1574=EDGE_CURVE('',#2137,#2139,#2457,.T.);
#1575=EDGE_CURVE('',#2140,#2139,#279,.T.);
#1576=EDGE_CURVE('',#2140,#2141,#2458,.T.);
#1577=EDGE_CURVE('',#2142,#2141,#280,.T.);
#1578=EDGE_CURVE('',#2142,#2143,#2459,.T.);
#1579=EDGE_CURVE('',#2144,#2143,#281,.T.);
#1580=EDGE_CURVE('',#2144,#2138,#2460,.T.);
#1581=EDGE_CURVE('',#2145,#2146,#2461,.T.);
#1582=EDGE_CURVE('',#2145,#2147,#2462,.F.);
#1583=EDGE_CURVE('',#2147,#2148,#2463,.T.);
#1584=EDGE_CURVE('',#2148,#2149,#2464,.T.);
#1585=EDGE_CURVE('',#2150,#2149,#2465,.T.);
#1586=EDGE_CURVE('',#2146,#2150,#2466,.T.);
#1587=EDGE_CURVE('',#2151,#2152,#282,.F.);
#1588=EDGE_CURVE('',#2153,#2152,#2467,.T.);
#1589=EDGE_CURVE('',#2153,#2154,#283,.F.);
#1590=EDGE_CURVE('',#2155,#2154,#2468,.T.);
#1591=EDGE_CURVE('',#2155,#2156,#284,.F.);
#1592=EDGE_CURVE('',#2157,#2156,#2469,.T.);
#1593=EDGE_CURVE('',#2157,#2158,#285,.F.);
#1594=EDGE_CURVE('',#2151,#2158,#2470,.T.);
#1595=EDGE_CURVE('',#2159,#2160,#2471,.T.);
#1596=EDGE_CURVE('',#2159,#2161,#2472,.T.);
#1597=EDGE_CURVE('',#2161,#2162,#2473,.T.);
#1598=EDGE_CURVE('',#2162,#2163,#2474,.T.);
#1599=EDGE_CURVE('',#2163,#2164,#2475,.T.);
#1600=EDGE_CURVE('',#2165,#2164,#2476,.T.);
#1601=EDGE_CURVE('',#2165,#2166,#2477,.T.);
#1602=EDGE_CURVE('',#2166,#2160,#2478,.F.);
#1603=EDGE_CURVE('',#2167,#2168,#2479,.T.);
#1604=EDGE_CURVE('',#2168,#2169,#2480,.F.);
#1605=EDGE_CURVE('',#2170,#2169,#2481,.T.);
#1606=EDGE_CURVE('',#2170,#2171,#2482,.T.);
#1607=EDGE_CURVE('',#2171,#2172,#2483,.T.);
#1608=EDGE_CURVE('',#2172,#2173,#2484,.T.);
#1609=EDGE_CURVE('',#2173,#2174,#2485,.T.);
#1610=EDGE_CURVE('',#2175,#2174,#2486,.T.);
#1611=EDGE_CURVE('',#2175,#2176,#2487,.T.);
#1612=EDGE_CURVE('',#2176,#2167,#2488,.T.);
#1613=EDGE_CURVE('',#2177,#2178,#2489,.T.);
#1614=EDGE_CURVE('',#2178,#2179,#2490,.F.);
#1615=EDGE_CURVE('',#2179,#2180,#2491,.F.);
#1616=EDGE_CURVE('',#2180,#2177,#2492,.T.);
#1617=EDGE_CURVE('',#2181,#2182,#2493,.T.);
#1618=EDGE_CURVE('',#2182,#2183,#2494,.T.);
#1619=EDGE_CURVE('',#2183,#2184,#2495,.F.);
#1620=EDGE_CURVE('',#2181,#2184,#2496,.T.);
#1621=EDGE_CURVE('',#2185,#2186,#2497,.T.);
#1622=EDGE_CURVE('',#2186,#2187,#2498,.F.);
#1623=EDGE_CURVE('',#2187,#2188,#2499,.F.);
#1624=EDGE_CURVE('',#2188,#2185,#2500,.T.);
#1625=EDGE_CURVE('',#2189,#2190,#2501,.T.);
#1626=EDGE_CURVE('',#2190,#2191,#2502,.T.);
#1627=EDGE_CURVE('',#2192,#2191,#2503,.T.);
#1628=EDGE_CURVE('',#2192,#2193,#2504,.T.);
#1629=EDGE_CURVE('',#2194,#2193,#2505,.T.);
#1630=EDGE_CURVE('',#2195,#2194,#2506,.T.);
#1631=EDGE_CURVE('',#2196,#2195,#2507,.T.);
#1632=EDGE_CURVE('',#2196,#2189,#2508,.F.);
#1633=EDGE_CURVE('',#2189,#2159,#286,.F.);
#1634=EDGE_CURVE('',#2160,#2170,#287,.F.);
#1635=EDGE_CURVE('',#2169,#2148,#288,.F.);
#1636=EDGE_CURVE('',#2147,#2190,#289,.F.);
#1637=EDGE_CURVE('',#2136,#2185,#290,.T.);
#1638=EDGE_CURVE('',#2188,#2177,#291,.T.);
#1639=EDGE_CURVE('',#2180,#2181,#292,.T.);
#1640=EDGE_CURVE('',#2184,#2133,#293,.T.);
#1641=EDGE_CURVE('',#2149,#2168,#294,.T.);
#1642=EDGE_CURVE('',#2167,#2197,#2509,.T.);
#1643=EDGE_CURVE('',#2198,#2197,#295,.T.);
#1644=EDGE_CURVE('',#2198,#2199,#2510,.T.);
#1645=EDGE_CURVE('',#2200,#2199,#296,.T.);
#1646=EDGE_CURVE('',#2174,#2200,#2511,.T.);
#1647=EDGE_CURVE('',#2173,#2201,#2512,.T.);
#1648=EDGE_CURVE('',#2202,#2201,#297,.T.);
#1649=EDGE_CURVE('',#2164,#2202,#2513,.T.);
#1650=EDGE_CURVE('',#2163,#2203,#2514,.T.);
#1651=EDGE_CURVE('',#2203,#2204,#298,.T.);
#1652=EDGE_CURVE('',#2194,#2204,#2515,.T.);
#1653=EDGE_CURVE('',#2193,#2205,#2516,.T.);
#1654=EDGE_CURVE('',#2206,#2205,#299,.T.);
#1655=EDGE_CURVE('',#2150,#2206,#2517,.T.);
#1656=EDGE_CURVE('',#2207,#2200,#2518,.T.);
#1657=EDGE_CURVE('',#2175,#2207,#2519,.T.);
#1658=EDGE_CURVE('',#2208,#2199,#2520,.T.);
#1659=EDGE_CURVE('',#2207,#2208,#300,.T.);
#1660=EDGE_CURVE('',#2209,#2198,#2521,.T.);
#1661=EDGE_CURVE('',#2209,#2208,#2522,.T.);
#1662=EDGE_CURVE('',#2210,#2197,#2523,.T.);
#1663=EDGE_CURVE('',#2209,#2210,#301,.T.);
#1664=EDGE_CURVE('',#2211,#2211,#302,.T.);
#1665=EDGE_CURVE('',#2176,#2210,#2524,.T.);
#1666=EDGE_CURVE('',#2162,#2212,#2525,.T.);
#1667=EDGE_CURVE('',#2212,#2203,#2526,.T.);
#1668=EDGE_CURVE('',#2213,#2204,#2527,.T.);
#1669=EDGE_CURVE('',#2195,#2213,#2528,.T.);
#1670=EDGE_CURVE('',#2212,#2213,#303,.T.);
#1671=EDGE_CURVE('',#2214,#2214,#304,.T.);
#1672=EDGE_CURVE('',#2161,#2196,#305,.T.);
#1673=EDGE_CURVE('',#2172,#2215,#2529,.T.);
#1674=EDGE_CURVE('',#2215,#2201,#2530,.T.);
#1675=EDGE_CURVE('',#2216,#2202,#2531,.T.);
#1676=EDGE_CURVE('',#2165,#2216,#2532,.T.);
#1677=EDGE_CURVE('',#2216,#2215,#306,.T.);
#1678=EDGE_CURVE('',#2217,#2217,#307,.T.);
#1679=EDGE_CURVE('',#2171,#2166,#308,.T.);
#1680=EDGE_CURVE('',#2192,#2218,#2533,.T.);
#1681=EDGE_CURVE('',#2218,#2205,#2534,.T.);
#1682=EDGE_CURVE('',#2219,#2206,#2535,.T.);
#1683=EDGE_CURVE('',#2146,#2219,#2536,.T.);
#1684=EDGE_CURVE('',#2219,#2218,#309,.T.);
#1685=EDGE_CURVE('',#2220,#2220,#310,.T.);
#1686=EDGE_CURVE('',#2191,#2145,#311,.T.);
#1687=EDGE_CURVE('',#2135,#2186,#312,.T.);
#1688=EDGE_CURVE('',#2183,#2134,#313,.T.);
#1689=EDGE_CURVE('',#2179,#2182,#314,.T.);
#1690=EDGE_CURVE('',#2187,#2178,#315,.T.);
#1691=EDGE_CURVE('',#2152,#2139,#2537,.T.);
#1692=EDGE_CURVE('',#2153,#2137,#2538,.T.);
#1693=EDGE_CURVE('',#2154,#2138,#2539,.T.);
#1694=EDGE_CURVE('',#2155,#2144,#2540,.T.);
#1695=EDGE_CURVE('',#2156,#2143,#2541,.T.);
#1696=EDGE_CURVE('',#2157,#2142,#2542,.T.);
#1697=EDGE_CURVE('',#2158,#2141,#2543,.T.);
#1698=EDGE_CURVE('',#2151,#2140,#2544,.T.);
#1699=EDGE_CURVE('',#2221,#2222,#164,.T.);
#1700=EDGE_CURVE('',#2223,#2221,#2545,.T.);
#1701=EDGE_CURVE('',#2223,#2224,#165,.T.);
#1702=EDGE_CURVE('',#2224,#2222,#2546,.T.);
#1703=EDGE_CURVE('',#2225,#2221,#166,.T.);
#1704=EDGE_CURVE('',#2226,#2225,#2547,.T.);
#1705=EDGE_CURVE('',#2226,#2223,#167,.T.);
#1706=EDGE_CURVE('',#2227,#2225,#168,.T.);
#1707=EDGE_CURVE('',#2228,#2227,#2548,.T.);
#1708=EDGE_CURVE('',#2228,#2226,#169,.T.);
#1709=EDGE_CURVE('',#2229,#2227,#170,.T.);
#1710=EDGE_CURVE('',#2230,#2229,#2549,.T.);
#1711=EDGE_CURVE('',#2230,#2228,#171,.T.);
#1712=EDGE_CURVE('',#2231,#2229,#316,.T.);
#1713=EDGE_CURVE('',#2232,#2231,#2550,.T.);
#1714=EDGE_CURVE('',#2232,#2230,#317,.T.);
#1715=EDGE_CURVE('',#2233,#2231,#172,.T.);
#1716=EDGE_CURVE('',#2234,#2233,#2551,.T.);
#1717=EDGE_CURVE('',#2234,#2232,#173,.T.);
#1718=EDGE_CURVE('',#2235,#2233,#174,.T.);
#1719=EDGE_CURVE('',#2236,#2235,#2552,.T.);
#1720=EDGE_CURVE('',#2236,#2234,#175,.T.);
#1721=EDGE_CURVE('',#2237,#2235,#2553,.T.);
#1722=EDGE_CURVE('',#2238,#2237,#2554,.T.);
#1723=EDGE_CURVE('',#2238,#2236,#2555,.T.);
#1724=EDGE_CURVE('',#2239,#2087,#2556,.T.);
#1725=EDGE_CURVE('',#2239,#2240,#176,.T.);
#1726=EDGE_CURVE('',#2240,#2088,#2557,.T.);
#1727=EDGE_CURVE('',#2241,#2100,#2558,.T.);
#1728=EDGE_CURVE('',#2241,#2239,#177,.T.);
#1729=EDGE_CURVE('',#2242,#2099,#2559,.T.);
#1730=EDGE_CURVE('',#2242,#2241,#2560,.T.);
#1731=EDGE_CURVE('',#2243,#2098,#2561,.T.);
#1732=EDGE_CURVE('',#2243,#2242,#2562,.T.);
#1733=EDGE_CURVE('',#2244,#2097,#2563,.T.);
#1734=EDGE_CURVE('',#2244,#2243,#2564,.T.);
#1735=EDGE_CURVE('',#2245,#2096,#2565,.T.);
#1736=EDGE_CURVE('',#2245,#2244,#2566,.T.);
#1737=EDGE_CURVE('',#2246,#2095,#2567,.T.);
#1738=EDGE_CURVE('',#2246,#2245,#2568,.T.);
#1739=EDGE_CURVE('',#2247,#2094,#2569,.T.);
#1740=EDGE_CURVE('',#2247,#2246,#2570,.T.);
#1741=EDGE_CURVE('',#2248,#2093,#2571,.T.);
#1742=EDGE_CURVE('',#2248,#2247,#318,.F.);
#1743=EDGE_CURVE('',#2249,#2092,#2572,.T.);
#1744=EDGE_CURVE('',#2249,#2248,#2573,.T.);
#1745=EDGE_CURVE('',#2250,#2091,#2574,.T.);
#1746=EDGE_CURVE('',#2250,#2249,#178,.T.);
#1747=EDGE_CURVE('',#2251,#2090,#2575,.T.);
#1748=EDGE_CURVE('',#2251,#2250,#179,.T.);
#1749=EDGE_CURVE('',#2252,#2089,#2576,.T.);
#1750=EDGE_CURVE('',#2252,#2251,#180,.T.);
#1751=EDGE_CURVE('',#2240,#2252,#181,.T.);
#1752=EDGE_CURVE('',#2222,#2237,#182,.T.);
#1753=EDGE_CURVE('',#2224,#2238,#183,.T.);
#1754=EDGE_CURVE('',#2253,#2254,#2577,.T.);
#1755=EDGE_CURVE('',#2255,#2253,#2578,.T.);
#1756=EDGE_CURVE('',#2255,#2256,#2579,.T.);
#1757=EDGE_CURVE('',#2256,#2254,#2580,.T.);
#1758=EDGE_CURVE('',#2257,#2253,#2581,.T.);
#1759=EDGE_CURVE('',#2258,#2257,#2582,.T.);
#1760=EDGE_CURVE('',#2258,#2255,#2583,.T.);
#1761=EDGE_CURVE('',#2259,#2257,#184,.T.);
#1762=EDGE_CURVE('',#2260,#2259,#2584,.T.);
#1763=EDGE_CURVE('',#2260,#2258,#185,.T.);
#1764=EDGE_CURVE('',#2261,#2259,#186,.T.);
#1765=EDGE_CURVE('',#2262,#2261,#2585,.T.);
#1766=EDGE_CURVE('',#2262,#2260,#187,.T.);
#1767=EDGE_CURVE('',#2263,#2261,#188,.T.);
#1768=EDGE_CURVE('',#2264,#2263,#2586,.T.);
#1769=EDGE_CURVE('',#2264,#2262,#189,.T.);
#1770=EDGE_CURVE('',#2265,#2263,#190,.T.);
#1771=EDGE_CURVE('',#2266,#2265,#2587,.T.);
#1772=EDGE_CURVE('',#2266,#2264,#191,.T.);
#1773=EDGE_CURVE('',#2267,#2065,#2588,.T.);
#1774=EDGE_CURVE('',#2267,#2268,#2589,.T.);
#1775=EDGE_CURVE('',#2268,#2066,#2590,.T.);
#1776=EDGE_CURVE('',#2269,#2082,#2591,.T.);
#1777=EDGE_CURVE('',#2269,#2267,#2592,.T.);
#1778=EDGE_CURVE('',#2270,#2081,#2593,.T.);
#1779=EDGE_CURVE('',#2270,#2269,#2594,.T.);
#1780=EDGE_CURVE('',#2271,#2080,#2595,.T.);
#1781=EDGE_CURVE('',#2271,#2270,#192,.T.);
#1782=EDGE_CURVE('',#2272,#2079,#2596,.T.);
#1783=EDGE_CURVE('',#2272,#2271,#193,.T.);
#1784=EDGE_CURVE('',#2273,#2078,#2597,.T.);
#1785=EDGE_CURVE('',#2273,#2272,#194,.T.);
#1786=EDGE_CURVE('',#2274,#2077,#2598,.T.);
#1787=EDGE_CURVE('',#2274,#2273,#2599,.T.);
#1788=EDGE_CURVE('',#2275,#2076,#2600,.T.);
#1789=EDGE_CURVE('',#2275,#2274,#195,.T.);
#1790=EDGE_CURVE('',#2276,#2075,#2601,.T.);
#1791=EDGE_CURVE('',#2276,#2275,#196,.T.);
#1792=EDGE_CURVE('',#2277,#2074,#2602,.T.);
#1793=EDGE_CURVE('',#2277,#2276,#2603,.T.);
#1794=EDGE_CURVE('',#2278,#2073,#2604,.T.);
#1795=EDGE_CURVE('',#2278,#2277,#2605,.T.);
#1796=EDGE_CURVE('',#2279,#2072,#2606,.T.);
#1797=EDGE_CURVE('',#2279,#2278,#197,.T.);
#1798=EDGE_CURVE('',#2280,#2071,#2607,.T.);
#1799=EDGE_CURVE('',#2280,#2279,#198,.T.);
#1800=EDGE_CURVE('',#2281,#2070,#2608,.T.);
#1801=EDGE_CURVE('',#2281,#2280,#199,.T.);
#1802=EDGE_CURVE('',#2282,#2069,#2609,.T.);
#1803=EDGE_CURVE('',#2282,#2281,#200,.T.);
#1804=EDGE_CURVE('',#2283,#2068,#2610,.T.);
#1805=EDGE_CURVE('',#2283,#2282,#201,.T.);
#1806=EDGE_CURVE('',#2284,#2067,#2611,.T.);
#1807=EDGE_CURVE('',#2284,#2283,#202,.T.);
#1808=EDGE_CURVE('',#2268,#2284,#2612,.T.);
#1809=EDGE_CURVE('',#2254,#2265,#203,.T.);
#1810=EDGE_CURVE('',#2256,#2266,#204,.T.);
#1811=EDGE_CURVE('',#2285,#2286,#205,.T.);
#1812=EDGE_CURVE('',#2287,#2285,#2613,.T.);
#1813=EDGE_CURVE('',#2287,#2288,#206,.T.);
#1814=EDGE_CURVE('',#2288,#2286,#2614,.T.);
#1815=EDGE_CURVE('',#2289,#2285,#207,.T.);
#1816=EDGE_CURVE('',#2290,#2289,#2615,.T.);
#1817=EDGE_CURVE('',#2290,#2287,#208,.T.);
#1818=EDGE_CURVE('',#2291,#2289,#209,.T.);
#1819=EDGE_CURVE('',#2292,#2291,#2616,.T.);
#1820=EDGE_CURVE('',#2292,#2290,#210,.T.);
#1821=EDGE_CURVE('',#2293,#2291,#211,.T.);
#1822=EDGE_CURVE('',#2294,#2293,#2617,.T.);
#1823=EDGE_CURVE('',#2294,#2292,#212,.T.);
#1824=EDGE_CURVE('',#2295,#2293,#213,.T.);
#1825=EDGE_CURVE('',#2296,#2295,#2618,.T.);
#1826=EDGE_CURVE('',#2296,#2294,#214,.T.);
#1827=EDGE_CURVE('',#2297,#2295,#215,.T.);
#1828=EDGE_CURVE('',#2298,#2297,#2619,.T.);
#1829=EDGE_CURVE('',#2298,#2296,#216,.T.);
#1830=EDGE_CURVE('',#2299,#2297,#2620,.T.);
#1831=EDGE_CURVE('',#2300,#2299,#2621,.T.);
#1832=EDGE_CURVE('',#2300,#2298,#2622,.T.);
#1833=EDGE_CURVE('',#2301,#2101,#2623,.T.);
#1834=EDGE_CURVE('',#2301,#2302,#217,.T.);
#1835=EDGE_CURVE('',#2302,#2102,#2624,.T.);
#1836=EDGE_CURVE('',#2303,#2115,#2625,.T.);
#1837=EDGE_CURVE('',#2303,#2301,#319,.F.);
#1838=EDGE_CURVE('',#2304,#2114,#2626,.T.);
#1839=EDGE_CURVE('',#2304,#2303,#218,.T.);
#1840=EDGE_CURVE('',#2305,#2113,#2627,.T.);
#1841=EDGE_CURVE('',#2305,#2304,#219,.T.);
#1842=EDGE_CURVE('',#2306,#2112,#2628,.T.);
#1843=EDGE_CURVE('',#2306,#2305,#220,.T.);
#1844=EDGE_CURVE('',#2307,#2111,#2629,.T.);
#1845=EDGE_CURVE('',#2307,#2306,#221,.T.);
#1846=EDGE_CURVE('',#2308,#2110,#2630,.T.);
#1847=EDGE_CURVE('',#2308,#2307,#222,.T.);
#1848=EDGE_CURVE('',#2309,#2109,#2631,.T.);
#1849=EDGE_CURVE('',#2309,#2308,#2632,.T.);
#1850=EDGE_CURVE('',#2310,#2108,#2633,.T.);
#1851=EDGE_CURVE('',#2310,#2309,#2634,.T.);
#1852=EDGE_CURVE('',#2311,#2107,#2635,.T.);
#1853=EDGE_CURVE('',#2311,#2310,#2636,.T.);
#1854=EDGE_CURVE('',#2312,#2106,#2637,.T.);
#1855=EDGE_CURVE('',#2312,#2311,#2638,.T.);
#1856=EDGE_CURVE('',#2313,#2105,#2639,.T.);
#1857=EDGE_CURVE('',#2313,#2312,#2640,.T.);
#1858=EDGE_CURVE('',#2314,#2104,#2641,.T.);
#1859=EDGE_CURVE('',#2314,#2313,#2642,.T.);
#1860=EDGE_CURVE('',#2315,#2103,#2643,.T.);
#1861=EDGE_CURVE('',#2315,#2314,#320,.F.);
#1862=EDGE_CURVE('',#2302,#2315,#2644,.T.);
#1863=EDGE_CURVE('',#2286,#2299,#223,.T.);
#1864=EDGE_CURVE('',#2288,#2300,#224,.T.);
#1865=EDGE_CURVE('',#2316,#2317,#2645,.T.);
#1866=EDGE_CURVE('',#2318,#2316,#2646,.T.);
#1867=EDGE_CURVE('',#2318,#2319,#2647,.T.);
#1868=EDGE_CURVE('',#2319,#2317,#2648,.T.);
#1869=EDGE_CURVE('',#2320,#2316,#2649,.T.);
#1870=EDGE_CURVE('',#2321,#2320,#2650,.T.);
#1871=EDGE_CURVE('',#2321,#2318,#2651,.T.);
#1872=EDGE_CURVE('',#2322,#2320,#225,.T.);
#1873=EDGE_CURVE('',#2323,#2322,#2652,.T.);
#1874=EDGE_CURVE('',#2323,#2321,#226,.T.);
#1875=EDGE_CURVE('',#2324,#2322,#227,.T.);
#1876=EDGE_CURVE('',#2325,#2324,#2653,.T.);
#1877=EDGE_CURVE('',#2325,#2323,#228,.T.);
#1878=EDGE_CURVE('',#2326,#2324,#229,.T.);
#1879=EDGE_CURVE('',#2327,#2326,#2654,.T.);
#1880=EDGE_CURVE('',#2327,#2325,#230,.T.);
#1881=EDGE_CURVE('',#2328,#2326,#231,.T.);
#1882=EDGE_CURVE('',#2329,#2328,#2655,.T.);
#1883=EDGE_CURVE('',#2329,#2327,#232,.T.);
#1884=EDGE_CURVE('',#2330,#2047,#2656,.T.);
#1885=EDGE_CURVE('',#2330,#2331,#2657,.T.);
#1886=EDGE_CURVE('',#2331,#2048,#2658,.T.);
#1887=EDGE_CURVE('',#2332,#2064,#2659,.T.);
#1888=EDGE_CURVE('',#2332,#2330,#2660,.T.);
#1889=EDGE_CURVE('',#2333,#2063,#2661,.T.);
#1890=EDGE_CURVE('',#2333,#2332,#2662,.T.);
#1891=EDGE_CURVE('',#2334,#2062,#2663,.T.);
#1892=EDGE_CURVE('',#2334,#2333,#233,.T.);
#1893=EDGE_CURVE('',#2335,#2061,#2664,.T.);
#1894=EDGE_CURVE('',#2335,#2334,#234,.T.);
#1895=EDGE_CURVE('',#2336,#2060,#2665,.T.);
#1896=EDGE_CURVE('',#2336,#2335,#235,.T.);
#1897=EDGE_CURVE('',#2337,#2059,#2666,.T.);
#1898=EDGE_CURVE('',#2337,#2336,#2667,.T.);
#1899=EDGE_CURVE('',#2338,#2058,#2668,.T.);
#1900=EDGE_CURVE('',#2338,#2337,#236,.T.);
#1901=EDGE_CURVE('',#2339,#2057,#2669,.T.);
#1902=EDGE_CURVE('',#2339,#2338,#237,.T.);
#1903=EDGE_CURVE('',#2340,#2056,#2670,.T.);
#1904=EDGE_CURVE('',#2340,#2339,#2671,.T.);
#1905=EDGE_CURVE('',#2341,#2055,#2672,.T.);
#1906=EDGE_CURVE('',#2341,#2340,#2673,.T.);
#1907=EDGE_CURVE('',#2342,#2054,#2674,.T.);
#1908=EDGE_CURVE('',#2342,#2341,#238,.T.);
#1909=EDGE_CURVE('',#2343,#2053,#2675,.T.);
#1910=EDGE_CURVE('',#2343,#2342,#239,.T.);
#1911=EDGE_CURVE('',#2344,#2052,#2676,.T.);
#1912=EDGE_CURVE('',#2344,#2343,#240,.T.);
#1913=EDGE_CURVE('',#2345,#2051,#2677,.T.);
#1914=EDGE_CURVE('',#2345,#2344,#241,.T.);
#1915=EDGE_CURVE('',#2346,#2050,#2678,.T.);
#1916=EDGE_CURVE('',#2346,#2345,#242,.T.);
#1917=EDGE_CURVE('',#2347,#2049,#2679,.T.);
#1918=EDGE_CURVE('',#2347,#2346,#243,.T.);
#1919=EDGE_CURVE('',#2331,#2347,#2680,.T.);
#1920=EDGE_CURVE('',#2317,#2328,#244,.T.);
#1921=EDGE_CURVE('',#2319,#2329,#245,.T.);
#1922=EDGE_CURVE('',#2348,#2116,#2681,.T.);
#1923=EDGE_CURVE('',#2348,#2349,#2682,.T.);
#1924=EDGE_CURVE('',#2349,#2117,#2683,.T.);
#1925=EDGE_CURVE('',#2350,#2119,#2684,.T.);
#1926=EDGE_CURVE('',#2350,#2348,#2685,.T.);
#1927=EDGE_CURVE('',#2351,#2118,#2686,.T.);
#1928=EDGE_CURVE('',#2351,#2350,#2687,.T.);
#1929=EDGE_CURVE('',#2349,#2351,#2688,.T.);
#1930=EDGE_CURVE('',#2352,#2353,#2689,.T.);
#1931=EDGE_CURVE('',#2354,#2352,#2690,.T.);
#1932=EDGE_CURVE('',#2354,#2355,#2691,.T.);
#1933=EDGE_CURVE('',#2355,#2353,#2692,.T.);
#1934=EDGE_CURVE('',#2356,#2352,#2693,.T.);
#1935=EDGE_CURVE('',#2357,#2356,#2694,.T.);
#1936=EDGE_CURVE('',#2357,#2354,#2695,.T.);
#1937=EDGE_CURVE('',#2358,#2356,#246,.T.);
#1938=EDGE_CURVE('',#2359,#2358,#2696,.T.);
#1939=EDGE_CURVE('',#2359,#2357,#247,.T.);
#1940=EDGE_CURVE('',#2360,#2358,#248,.T.);
#1941=EDGE_CURVE('',#2361,#2360,#2697,.T.);
#1942=EDGE_CURVE('',#2361,#2359,#249,.T.);
#1943=EDGE_CURVE('',#2362,#2360,#250,.T.);
#1944=EDGE_CURVE('',#2363,#2362,#2698,.T.);
#1945=EDGE_CURVE('',#2363,#2361,#251,.T.);
#1946=EDGE_CURVE('',#2364,#2362,#252,.T.);
#1947=EDGE_CURVE('',#2365,#2364,#2699,.T.);
#1948=EDGE_CURVE('',#2365,#2363,#253,.T.);
#1949=EDGE_CURVE('',#2366,#2029,#2700,.T.);
#1950=EDGE_CURVE('',#2366,#2367,#2701,.T.);
#1951=EDGE_CURVE('',#2367,#2030,#2702,.T.);
#1952=EDGE_CURVE('',#2368,#2046,#2703,.T.);
#1953=EDGE_CURVE('',#2368,#2366,#2704,.T.);
#1954=EDGE_CURVE('',#2369,#2045,#2705,.T.);
#1955=EDGE_CURVE('',#2369,#2368,#2706,.T.);
#1956=EDGE_CURVE('',#2370,#2044,#2707,.T.);
#1957=EDGE_CURVE('',#2370,#2369,#254,.T.);
#1958=EDGE_CURVE('',#2371,#2043,#2708,.T.);
#1959=EDGE_CURVE('',#2371,#2370,#255,.T.);
#1960=EDGE_CURVE('',#2372,#2042,#2709,.T.);
#1961=EDGE_CURVE('',#2372,#2371,#256,.T.);
#1962=EDGE_CURVE('',#2373,#2041,#2710,.T.);
#1963=EDGE_CURVE('',#2373,#2372,#2711,.T.);
#1964=EDGE_CURVE('',#2374,#2040,#2712,.T.);
#1965=EDGE_CURVE('',#2374,#2373,#257,.T.);
#1966=EDGE_CURVE('',#2375,#2039,#2713,.T.);
#1967=EDGE_CURVE('',#2375,#2374,#258,.T.);
#1968=EDGE_CURVE('',#2376,#2038,#2714,.T.);
#1969=EDGE_CURVE('',#2376,#2375,#2715,.T.);
#1970=EDGE_CURVE('',#2377,#2037,#2716,.T.);
#1971=EDGE_CURVE('',#2377,#2376,#2717,.T.);
#1972=EDGE_CURVE('',#2378,#2036,#2718,.T.);
#1973=EDGE_CURVE('',#2378,#2377,#259,.T.);
#1974=EDGE_CURVE('',#2379,#2035,#2719,.T.);
#1975=EDGE_CURVE('',#2379,#2378,#260,.T.);
#1976=EDGE_CURVE('',#2380,#2034,#2720,.T.);
#1977=EDGE_CURVE('',#2380,#2379,#261,.T.);
#1978=EDGE_CURVE('',#2381,#2033,#2721,.T.);
#1979=EDGE_CURVE('',#2381,#2380,#262,.T.);
#1980=EDGE_CURVE('',#2382,#2032,#2722,.T.);
#1981=EDGE_CURVE('',#2382,#2381,#263,.T.);
#1982=EDGE_CURVE('',#2383,#2031,#2723,.T.);
#1983=EDGE_CURVE('',#2383,#2382,#264,.T.);
#1984=EDGE_CURVE('',#2367,#2383,#2724,.T.);
#1985=EDGE_CURVE('',#2353,#2364,#265,.T.);
#1986=EDGE_CURVE('',#2355,#2365,#266,.T.);
#1987=EDGE_CURVE('',#2384,#2120,#2725,.T.);
#1988=EDGE_CURVE('',#2384,#2385,#2726,.T.);
#1989=EDGE_CURVE('',#2385,#2121,#2727,.T.);
#1990=EDGE_CURVE('',#2386,#2132,#2728,.T.);
#1991=EDGE_CURVE('',#2386,#2384,#2729,.T.);
#1992=EDGE_CURVE('',#2387,#2131,#2730,.T.);
#1993=EDGE_CURVE('',#2387,#2386,#2731,.T.);
#1994=EDGE_CURVE('',#2388,#2130,#2732,.T.);
#1995=EDGE_CURVE('',#2388,#2387,#2733,.T.);
#1996=EDGE_CURVE('',#2389,#2129,#2734,.T.);
#1997=EDGE_CURVE('',#2389,#2388,#2735,.T.);
#1998=EDGE_CURVE('',#2390,#2128,#2736,.T.);
#1999=EDGE_CURVE('',#2390,#2389,#2737,.T.);
#2000=EDGE_CURVE('',#2391,#2127,#2738,.T.);
#2001=EDGE_CURVE('',#2391,#2390,#2739,.T.);
#2002=EDGE_CURVE('',#2392,#2126,#2740,.T.);
#2003=EDGE_CURVE('',#2392,#2391,#2741,.T.);
#2004=EDGE_CURVE('',#2393,#2125,#2742,.T.);
#2005=EDGE_CURVE('',#2393,#2392,#2743,.T.);
#2006=EDGE_CURVE('',#2394,#2124,#2744,.T.);
#2007=EDGE_CURVE('',#2394,#2393,#2745,.T.);
#2008=EDGE_CURVE('',#2395,#2123,#2746,.T.);
#2009=EDGE_CURVE('',#2395,#2394,#2747,.T.);
#2010=EDGE_CURVE('',#2396,#2122,#2748,.T.);
#2011=EDGE_CURVE('',#2396,#2395,#2749,.T.);
#2012=EDGE_CURVE('',#2385,#2396,#2750,.T.);
#2013=EDGE_CURVE('',#2186,#2026,#321,.T.);
#2014=EDGE_CURVE('',#2027,#2135,#322,.T.);
#2015=EDGE_CURVE('',#2028,#2134,#323,.T.);
#2016=EDGE_CURVE('',#2187,#2025,#324,.T.);
#2017=EDGE_CURVE('',#2021,#2183,#325,.T.);
#2018=EDGE_CURVE('',#2178,#2024,#326,.T.);
#2019=EDGE_CURVE('',#2022,#2182,#327,.T.);
#2020=EDGE_CURVE('',#2179,#2023,#328,.T.);
#2021=VERTEX_POINT('',#4837);
#2022=VERTEX_POINT('',#4838);
#2023=VERTEX_POINT('',#4840);
#2024=VERTEX_POINT('',#4842);
#2025=VERTEX_POINT('',#4844);
#2026=VERTEX_POINT('',#4846);
#2027=VERTEX_POINT('',#4848);
#2028=VERTEX_POINT('',#4850);
#2029=VERTEX_POINT('',#4853);
#2030=VERTEX_POINT('',#4854);
#2031=VERTEX_POINT('',#4856);
#2032=VERTEX_POINT('',#4860);
#2033=VERTEX_POINT('',#4864);
#2034=VERTEX_POINT('',#4868);
#2035=VERTEX_POINT('',#4872);
#2036=VERTEX_POINT('',#4876);
#2037=VERTEX_POINT('',#4880);
#2038=VERTEX_POINT('',#4882);
#2039=VERTEX_POINT('',#4884);
#2040=VERTEX_POINT('',#4888);
#2041=VERTEX_POINT('',#4892);
#2042=VERTEX_POINT('',#4894);
#2043=VERTEX_POINT('',#4898);
#2044=VERTEX_POINT('',#4902);
#2045=VERTEX_POINT('',#4906);
#2046=VERTEX_POINT('',#4908);
#2047=VERTEX_POINT('',#4911);
#2048=VERTEX_POINT('',#4912);
#2049=VERTEX_POINT('',#4914);
#2050=VERTEX_POINT('',#4918);
#2051=VERTEX_POINT('',#4922);
#2052=VERTEX_POINT('',#4926);
#2053=VERTEX_POINT('',#4930);
#2054=VERTEX_POINT('',#4934);
#2055=VERTEX_POINT('',#4938);
#2056=VERTEX_POINT('',#4940);
#2057=VERTEX_POINT('',#4942);
#2058=VERTEX_POINT('',#4946);
#2059=VERTEX_POINT('',#4950);
#2060=VERTEX_POINT('',#4952);
#2061=VERTEX_POINT('',#4956);
#2062=VERTEX_POINT('',#4960);
#2063=VERTEX_POINT('',#4964);
#2064=VERTEX_POINT('',#4966);
#2065=VERTEX_POINT('',#4969);
#2066=VERTEX_POINT('',#4970);
#2067=VERTEX_POINT('',#4972);
#2068=VERTEX_POINT('',#4976);
#2069=VERTEX_POINT('',#4980);
#2070=VERTEX_POINT('',#4984);
#2071=VERTEX_POINT('',#4988);
#2072=VERTEX_POINT('',#4992);
#2073=VERTEX_POINT('',#4996);
#2074=VERTEX_POINT('',#4998);
#2075=VERTEX_POINT('',#5000);
#2076=VERTEX_POINT('',#5004);
#2077=VERTEX_POINT('',#5008);
#2078=VERTEX_POINT('',#5010);
#2079=VERTEX_POINT('',#5014);
#2080=VERTEX_POINT('',#5018);
#2081=VERTEX_POINT('',#5022);
#2082=VERTEX_POINT('',#5024);
#2083=VERTEX_POINT('',#5027);
#2084=VERTEX_POINT('',#5029);
#2085=VERTEX_POINT('',#5031);
#2086=VERTEX_POINT('',#5033);
#2087=VERTEX_POINT('',#5037);
#2088=VERTEX_POINT('',#5038);
#2089=VERTEX_POINT('',#5042);
#2090=VERTEX_POINT('',#5046);
#2091=VERTEX_POINT('',#5050);
#2092=VERTEX_POINT('',#5054);
#2093=VERTEX_POINT('',#5056);
#2094=VERTEX_POINT('',#5058);
#2095=VERTEX_POINT('',#5060);
#2096=VERTEX_POINT('',#5062);
#2097=VERTEX_POINT('',#5064);
#2098=VERTEX_POINT('',#5066);
#2099=VERTEX_POINT('',#5068);
#2100=VERTEX_POINT('',#5070);
#2101=VERTEX_POINT('',#5077);
#2102=VERTEX_POINT('',#5078);
#2103=VERTEX_POINT('',#5080);
#2104=VERTEX_POINT('',#5082);
#2105=VERTEX_POINT('',#5084);
#2106=VERTEX_POINT('',#5086);
#2107=VERTEX_POINT('',#5088);
#2108=VERTEX_POINT('',#5090);
#2109=VERTEX_POINT('',#5092);
#2110=VERTEX_POINT('',#5094);
#2111=VERTEX_POINT('',#5098);
#2112=VERTEX_POINT('',#5102);
#2113=VERTEX_POINT('',#5106);
#2114=VERTEX_POINT('',#5110);
#2115=VERTEX_POINT('',#5114);
#2116=VERTEX_POINT('',#5117);
#2117=VERTEX_POINT('',#5118);
#2118=VERTEX_POINT('',#5120);
#2119=VERTEX_POINT('',#5122);
#2120=VERTEX_POINT('',#5125);
#2121=VERTEX_POINT('',#5126);
#2122=VERTEX_POINT('',#5128);
#2123=VERTEX_POINT('',#5130);
#2124=VERTEX_POINT('',#5132);
#2125=VERTEX_POINT('',#5134);
#2126=VERTEX_POINT('',#5136);
#2127=VERTEX_POINT('',#5138);
#2128=VERTEX_POINT('',#5140);
#2129=VERTEX_POINT('',#5142);
#2130=VERTEX_POINT('',#5144);
#2131=VERTEX_POINT('',#5146);
#2132=VERTEX_POINT('',#5148);
#2133=VERTEX_POINT('',#5152);
#2134=VERTEX_POINT('',#5153);
#2135=VERTEX_POINT('',#5155);
#2136=VERTEX_POINT('',#5157);
#2137=VERTEX_POINT('',#5160);
#2138=VERTEX_POINT('',#5161);
#2139=VERTEX_POINT('',#5163);
#2140=VERTEX_POINT('',#5165);
#2141=VERTEX_POINT('',#5167);
#2142=VERTEX_POINT('',#5169);
#2143=VERTEX_POINT('',#5171);
#2144=VERTEX_POINT('',#5173);
#2145=VERTEX_POINT('',#5177);
#2146=VERTEX_POINT('',#5178);
#2147=VERTEX_POINT('',#5180);
#2148=VERTEX_POINT('',#5182);
#2149=VERTEX_POINT('',#5184);
#2150=VERTEX_POINT('',#5186);
#2151=VERTEX_POINT('',#5189);
#2152=VERTEX_POINT('',#5190);
#2153=VERTEX_POINT('',#5192);
#2154=VERTEX_POINT('',#5194);
#2155=VERTEX_POINT('',#5196);
#2156=VERTEX_POINT('',#5198);
#2157=VERTEX_POINT('',#5200);
#2158=VERTEX_POINT('',#5202);
#2159=VERTEX_POINT('',#5206);
#2160=VERTEX_POINT('',#5207);
#2161=VERTEX_POINT('',#5209);
#2162=VERTEX_POINT('',#5211);
#2163=VERTEX_POINT('',#5213);
#2164=VERTEX_POINT('',#5215);
#2165=VERTEX_POINT('',#5217);
#2166=VERTEX_POINT('',#5219);
#2167=VERTEX_POINT('',#5223);
#2168=VERTEX_POINT('',#5224);
#2169=VERTEX_POINT('',#5226);
#2170=VERTEX_POINT('',#5228);
#2171=VERTEX_POINT('',#5230);
#2172=VERTEX_POINT('',#5232);
#2173=VERTEX_POINT('',#5234);
#2174=VERTEX_POINT('',#5236);
#2175=VERTEX_POINT('',#5238);
#2176=VERTEX_POINT('',#5240);
#2177=VERTEX_POINT('',#5244);
#2178=VERTEX_POINT('',#5245);
#2179=VERTEX_POINT('',#5247);
#2180=VERTEX_POINT('',#5249);
#2181=VERTEX_POINT('',#5253);
#2182=VERTEX_POINT('',#5254);
#2183=VERTEX_POINT('',#5256);
#2184=VERTEX_POINT('',#5258);
#2185=VERTEX_POINT('',#5262);
#2186=VERTEX_POINT('',#5263);
#2187=VERTEX_POINT('',#5265);
#2188=VERTEX_POINT('',#5267);
#2189=VERTEX_POINT('',#5271);
#2190=VERTEX_POINT('',#5272);
#2191=VERTEX_POINT('',#5274);
#2192=VERTEX_POINT('',#5276);
#2193=VERTEX_POINT('',#5278);
#2194=VERTEX_POINT('',#5280);
#2195=VERTEX_POINT('',#5282);
#2196=VERTEX_POINT('',#5284);
#2197=VERTEX_POINT('',#5298);
#2198=VERTEX_POINT('',#5300);
#2199=VERTEX_POINT('',#5302);
#2200=VERTEX_POINT('',#5304);
#2201=VERTEX_POINT('',#5307);
#2202=VERTEX_POINT('',#5309);
#2203=VERTEX_POINT('',#5312);
#2204=VERTEX_POINT('',#5314);
#2205=VERTEX_POINT('',#5317);
#2206=VERTEX_POINT('',#5319);
#2207=VERTEX_POINT('',#5323);
#2208=VERTEX_POINT('',#5327);
#2209=VERTEX_POINT('',#5331);
#2210=VERTEX_POINT('',#5335);
#2211=VERTEX_POINT('',#5339);
#2212=VERTEX_POINT('',#5345);
#2213=VERTEX_POINT('',#5349);
#2214=VERTEX_POINT('',#5355);
#2215=VERTEX_POINT('',#5360);
#2216=VERTEX_POINT('',#5364);
#2217=VERTEX_POINT('',#5370);
#2218=VERTEX_POINT('',#5375);
#2219=VERTEX_POINT('',#5379);
#2220=VERTEX_POINT('',#5385);
#2221=VERTEX_POINT('',#5427);
#2222=VERTEX_POINT('',#5428);
#2223=VERTEX_POINT('',#5430);
#2224=VERTEX_POINT('',#5434);
#2225=VERTEX_POINT('',#5447);
#2226=VERTEX_POINT('',#5449);
#2227=VERTEX_POINT('',#5464);
#2228=VERTEX_POINT('',#5466);
#2229=VERTEX_POINT('',#5481);
#2230=VERTEX_POINT('',#5483);
#2231=VERTEX_POINT('',#5489);
#2232=VERTEX_POINT('',#5491);
#2233=VERTEX_POINT('',#5504);
#2234=VERTEX_POINT('',#5506);
#2235=VERTEX_POINT('',#5521);
#2236=VERTEX_POINT('',#5523);
#2237=VERTEX_POINT('',#5529);
#2238=VERTEX_POINT('',#5531);
#2239=VERTEX_POINT('',#5542);
#2240=VERTEX_POINT('',#5546);
#2241=VERTEX_POINT('',#5557);
#2242=VERTEX_POINT('',#5563);
#2243=VERTEX_POINT('',#5567);
#2244=VERTEX_POINT('',#5571);
#2245=VERTEX_POINT('',#5575);
#2246=VERTEX_POINT('',#5579);
#2247=VERTEX_POINT('',#5583);
#2248=VERTEX_POINT('',#5587);
#2249=VERTEX_POINT('',#5591);
#2250=VERTEX_POINT('',#5602);
#2251=VERTEX_POINT('',#5615);
#2252=VERTEX_POINT('',#5628);
#2253=VERTEX_POINT('',#5660);
#2254=VERTEX_POINT('',#5661);
#2255=VERTEX_POINT('',#5663);
#2256=VERTEX_POINT('',#5665);
#2257=VERTEX_POINT('',#5669);
#2258=VERTEX_POINT('',#5671);
#2259=VERTEX_POINT('',#5684);
#2260=VERTEX_POINT('',#5686);
#2261=VERTEX_POINT('',#5701);
#2262=VERTEX_POINT('',#5703);
#2263=VERTEX_POINT('',#5718);
#2264=VERTEX_POINT('',#5720);
#2265=VERTEX_POINT('',#5735);
#2266=VERTEX_POINT('',#5737);
#2267=VERTEX_POINT('',#5743);
#2268=VERTEX_POINT('',#5745);
#2269=VERTEX_POINT('',#5749);
#2270=VERTEX_POINT('',#5753);
#2271=VERTEX_POINT('',#5764);
#2272=VERTEX_POINT('',#5777);
#2273=VERTEX_POINT('',#5790);
#2274=VERTEX_POINT('',#5796);
#2275=VERTEX_POINT('',#5807);
#2276=VERTEX_POINT('',#5820);
#2277=VERTEX_POINT('',#5826);
#2278=VERTEX_POINT('',#5830);
#2279=VERTEX_POINT('',#5841);
#2280=VERTEX_POINT('',#5854);
#2281=VERTEX_POINT('',#5867);
#2282=VERTEX_POINT('',#5880);
#2283=VERTEX_POINT('',#5893);
#2284=VERTEX_POINT('',#5906);
#2285=VERTEX_POINT('',#5938);
#2286=VERTEX_POINT('',#5939);
#2287=VERTEX_POINT('',#5941);
#2288=VERTEX_POINT('',#5945);
#2289=VERTEX_POINT('',#5958);
#2290=VERTEX_POINT('',#5960);
#2291=VERTEX_POINT('',#5975);
#2292=VERTEX_POINT('',#5977);
#2293=VERTEX_POINT('',#5992);
#2294=VERTEX_POINT('',#5994);
#2295=VERTEX_POINT('',#6009);
#2296=VERTEX_POINT('',#6011);
#2297=VERTEX_POINT('',#6026);
#2298=VERTEX_POINT('',#6028);
#2299=VERTEX_POINT('',#6034);
#2300=VERTEX_POINT('',#6036);
#2301=VERTEX_POINT('',#6047);
#2302=VERTEX_POINT('',#6051);
#2303=VERTEX_POINT('',#6055);
#2304=VERTEX_POINT('',#6066);
#2305=VERTEX_POINT('',#6079);
#2306=VERTEX_POINT('',#6092);
#2307=VERTEX_POINT('',#6105);
#2308=VERTEX_POINT('',#6118);
#2309=VERTEX_POINT('',#6124);
#2310=VERTEX_POINT('',#6128);
#2311=VERTEX_POINT('',#6132);
#2312=VERTEX_POINT('',#6136);
#2313=VERTEX_POINT('',#6140);
#2314=VERTEX_POINT('',#6144);
#2315=VERTEX_POINT('',#6148);
#2316=VERTEX_POINT('',#6169);
#2317=VERTEX_POINT('',#6170);
#2318=VERTEX_POINT('',#6172);
#2319=VERTEX_POINT('',#6174);
#2320=VERTEX_POINT('',#6178);
#2321=VERTEX_POINT('',#6180);
#2322=VERTEX_POINT('',#6193);
#2323=VERTEX_POINT('',#6195);
#2324=VERTEX_POINT('',#6210);
#2325=VERTEX_POINT('',#6212);
#2326=VERTEX_POINT('',#6227);
#2327=VERTEX_POINT('',#6229);
#2328=VERTEX_POINT('',#6244);
#2329=VERTEX_POINT('',#6246);
#2330=VERTEX_POINT('',#6252);
#2331=VERTEX_POINT('',#6254);
#2332=VERTEX_POINT('',#6258);
#2333=VERTEX_POINT('',#6262);
#2334=VERTEX_POINT('',#6273);
#2335=VERTEX_POINT('',#6286);
#2336=VERTEX_POINT('',#6299);
#2337=VERTEX_POINT('',#6305);
#2338=VERTEX_POINT('',#6316);
#2339=VERTEX_POINT('',#6329);
#2340=VERTEX_POINT('',#6335);
#2341=VERTEX_POINT('',#6339);
#2342=VERTEX_POINT('',#6350);
#2343=VERTEX_POINT('',#6363);
#2344=VERTEX_POINT('',#6376);
#2345=VERTEX_POINT('',#6389);
#2346=VERTEX_POINT('',#6402);
#2347=VERTEX_POINT('',#6415);
#2348=VERTEX_POINT('',#6438);
#2349=VERTEX_POINT('',#6440);
#2350=VERTEX_POINT('',#6444);
#2351=VERTEX_POINT('',#6448);
#2352=VERTEX_POINT('',#6455);
#2353=VERTEX_POINT('',#6456);
#2354=VERTEX_POINT('',#6458);
#2355=VERTEX_POINT('',#6460);
#2356=VERTEX_POINT('',#6464);
#2357=VERTEX_POINT('',#6466);
#2358=VERTEX_POINT('',#6479);
#2359=VERTEX_POINT('',#6481);
#2360=VERTEX_POINT('',#6496);
#2361=VERTEX_POINT('',#6498);
#2362=VERTEX_POINT('',#6513);
#2363=VERTEX_POINT('',#6515);
#2364=VERTEX_POINT('',#6530);
#2365=VERTEX_POINT('',#6532);
#2366=VERTEX_POINT('',#6538);
#2367=VERTEX_POINT('',#6540);
#2368=VERTEX_POINT('',#6544);
#2369=VERTEX_POINT('',#6548);
#2370=VERTEX_POINT('',#6559);
#2371=VERTEX_POINT('',#6572);
#2372=VERTEX_POINT('',#6585);
#2373=VERTEX_POINT('',#6591);
#2374=VERTEX_POINT('',#6602);
#2375=VERTEX_POINT('',#6615);
#2376=VERTEX_POINT('',#6621);
#2377=VERTEX_POINT('',#6625);
#2378=VERTEX_POINT('',#6636);
#2379=VERTEX_POINT('',#6649);
#2380=VERTEX_POINT('',#6662);
#2381=VERTEX_POINT('',#6675);
#2382=VERTEX_POINT('',#6688);
#2383=VERTEX_POINT('',#6701);
#2384=VERTEX_POINT('',#6724);
#2385=VERTEX_POINT('',#6726);
#2386=VERTEX_POINT('',#6730);
#2387=VERTEX_POINT('',#6734);
#2388=VERTEX_POINT('',#6738);
#2389=VERTEX_POINT('',#6742);
#2390=VERTEX_POINT('',#6746);
#2391=VERTEX_POINT('',#6750);
#2392=VERTEX_POINT('',#6754);
#2393=VERTEX_POINT('',#6758);
#2394=VERTEX_POINT('',#6762);
#2395=VERTEX_POINT('',#6766);
#2396=VERTEX_POINT('',#6770);
#2397=LINE('',#4836,#2751);
#2398=LINE('',#4841,#2752);
#2399=LINE('',#4845,#2753);
#2400=LINE('',#4849,#2754);
#2401=LINE('',#4852,#2755);
#2402=LINE('',#4855,#2756);
#2403=LINE('',#4881,#2757);
#2404=LINE('',#4883,#2758);
#2405=LINE('',#4893,#2759);
#2406=LINE('',#4907,#2760);
#2407=LINE('',#4909,#2761);
#2408=LINE('',#4910,#2762);
#2409=LINE('',#4913,#2763);
#2410=LINE('',#4939,#2764);
#2411=LINE('',#4941,#2765);
#2412=LINE('',#4951,#2766);
#2413=LINE('',#4965,#2767);
#2414=LINE('',#4967,#2768);
#2415=LINE('',#4968,#2769);
#2416=LINE('',#4971,#2770);
#2417=LINE('',#4997,#2771);
#2418=LINE('',#4999,#2772);
#2419=LINE('',#5009,#2773);
#2420=LINE('',#5023,#2774);
#2421=LINE('',#5025,#2775);
#2422=LINE('',#5055,#2776);
#2423=LINE('',#5059,#2777);
#2424=LINE('',#5061,#2778);
#2425=LINE('',#5063,#2779);
#2426=LINE('',#5065,#2780);
#2427=LINE('',#5067,#2781);
#2428=LINE('',#5069,#2782);
#2429=LINE('',#5079,#2783);
#2430=LINE('',#5083,#2784);
#2431=LINE('',#5085,#2785);
#2432=LINE('',#5087,#2786);
#2433=LINE('',#5089,#2787);
#2434=LINE('',#5091,#2788);
#2435=LINE('',#5093,#2789);
#2436=LINE('',#5116,#2790);
#2437=LINE('',#5119,#2791);
#2438=LINE('',#5121,#2792);
#2439=LINE('',#5123,#2793);
#2440=LINE('',#5124,#2794);
#2441=LINE('',#5127,#2795);
#2442=LINE('',#5129,#2796);
#2443=LINE('',#5131,#2797);
#2444=LINE('',#5133,#2798);
#2445=LINE('',#5135,#2799);
#2446=LINE('',#5137,#2800);
#2447=LINE('',#5139,#2801);
#2448=LINE('',#5141,#2802);
#2449=LINE('',#5143,#2803);
#2450=LINE('',#5145,#2804);
#2451=LINE('',#5147,#2805);
#2452=LINE('',#5149,#2806);
#2453=LINE('',#5151,#2807);
#2454=LINE('',#5154,#2808);
#2455=LINE('',#5156,#2809);
#2456=LINE('',#5158,#2810);
#2457=LINE('',#5162,#2811);
#2458=LINE('',#5166,#2812);
#2459=LINE('',#5170,#2813);
#2460=LINE('',#5174,#2814);
#2461=LINE('',#5176,#2815);
#2462=LINE('',#5179,#2816);
#2463=LINE('',#5181,#2817);
#2464=LINE('',#5183,#2818);
#2465=LINE('',#5185,#2819);
#2466=LINE('',#5187,#2820);
#2467=LINE('',#5191,#2821);
#2468=LINE('',#5195,#2822);
#2469=LINE('',#5199,#2823);
#2470=LINE('',#5203,#2824);
#2471=LINE('',#5205,#2825);
#2472=LINE('',#5208,#2826);
#2473=LINE('',#5210,#2827);
#2474=LINE('',#5212,#2828);
#2475=LINE('',#5214,#2829);
#2476=LINE('',#5216,#2830);
#2477=LINE('',#5218,#2831);
#2478=LINE('',#5220,#2832);
#2479=LINE('',#5222,#2833);
#2480=LINE('',#5225,#2834);
#2481=LINE('',#5227,#2835);
#2482=LINE('',#5229,#2836);
#2483=LINE('',#5231,#2837);
#2484=LINE('',#5233,#2838);
#2485=LINE('',#5235,#2839);
#2486=LINE('',#5237,#2840);
#2487=LINE('',#5239,#2841);
#2488=LINE('',#5241,#2842);
#2489=LINE('',#5243,#2843);
#2490=LINE('',#5246,#2844);
#2491=LINE('',#5248,#2845);
#2492=LINE('',#5250,#2846);
#2493=LINE('',#5252,#2847);
#2494=LINE('',#5255,#2848);
#2495=LINE('',#5257,#2849);
#2496=LINE('',#5259,#2850);
#2497=LINE('',#5261,#2851);
#2498=LINE('',#5264,#2852);
#2499=LINE('',#5266,#2853);
#2500=LINE('',#5268,#2854);
#2501=LINE('',#5270,#2855);
#2502=LINE('',#5273,#2856);
#2503=LINE('',#5275,#2857);
#2504=LINE('',#5277,#2858);
#2505=LINE('',#5279,#2859);
#2506=LINE('',#5281,#2860);
#2507=LINE('',#5283,#2861);
#2508=LINE('',#5285,#2862);
#2509=LINE('',#5297,#2863);
#2510=LINE('',#5301,#2864);
#2511=LINE('',#5305,#2865);
#2512=LINE('',#5306,#2866);
#2513=LINE('',#5310,#2867);
#2514=LINE('',#5311,#2868);
#2515=LINE('',#5315,#2869);
#2516=LINE('',#5316,#2870);
#2517=LINE('',#5320,#2871);
#2518=LINE('',#5322,#2872);
#2519=LINE('',#5324,#2873);
#2520=LINE('',#5326,#2874);
#2521=LINE('',#5330,#2875);
#2522=LINE('',#5332,#2876);
#2523=LINE('',#5334,#2877);
#2524=LINE('',#5341,#2878);
#2525=LINE('',#5344,#2879);
#2526=LINE('',#5346,#2880);
#2527=LINE('',#5348,#2881);
#2528=LINE('',#5350,#2882);
#2529=LINE('',#5359,#2883);
#2530=LINE('',#5361,#2884);
#2531=LINE('',#5363,#2885);
#2532=LINE('',#5365,#2886);
#2533=LINE('',#5374,#2887);
#2534=LINE('',#5376,#2888);
#2535=LINE('',#5378,#2889);
#2536=LINE('',#5380,#2890);
#2537=LINE('',#5397,#2891);
#2538=LINE('',#5398,#2892);
#2539=LINE('',#5400,#2893);
#2540=LINE('',#5402,#2894);
#2541=LINE('',#5404,#2895);
#2542=LINE('',#5406,#2896);
#2543=LINE('',#5408,#2897);
#2544=LINE('',#5410,#2898);
#2545=LINE('',#5429,#2899);
#2546=LINE('',#5435,#2900);
#2547=LINE('',#5448,#2901);
#2548=LINE('',#5465,#2902);
#2549=LINE('',#5482,#2903);
#2550=LINE('',#5490,#2904);
#2551=LINE('',#5505,#2905);
#2552=LINE('',#5522,#2906);
#2553=LINE('',#5528,#2907);
#2554=LINE('',#5530,#2908);
#2555=LINE('',#5532,#2909);
#2556=LINE('',#5541,#2910);
#2557=LINE('',#5547,#2911);
#2558=LINE('',#5556,#2912);
#2559=LINE('',#5562,#2913);
#2560=LINE('',#5564,#2914);
#2561=LINE('',#5566,#2915);
#2562=LINE('',#5568,#2916);
#2563=LINE('',#5570,#2917);
#2564=LINE('',#5572,#2918);
#2565=LINE('',#5574,#2919);
#2566=LINE('',#5576,#2920);
#2567=LINE('',#5578,#2921);
#2568=LINE('',#5580,#2922);
#2569=LINE('',#5582,#2923);
#2570=LINE('',#5584,#2924);
#2571=LINE('',#5586,#2925);
#2572=LINE('',#5590,#2926);
#2573=LINE('',#5592,#2927);
#2574=LINE('',#5601,#2928);
#2575=LINE('',#5614,#2929);
#2576=LINE('',#5627,#2930);
#2577=LINE('',#5659,#2931);
#2578=LINE('',#5662,#2932);
#2579=LINE('',#5664,#2933);
#2580=LINE('',#5666,#2934);
#2581=LINE('',#5668,#2935);
#2582=LINE('',#5670,#2936);
#2583=LINE('',#5672,#2937);
#2584=LINE('',#5685,#2938);
#2585=LINE('',#5702,#2939);
#2586=LINE('',#5719,#2940);
#2587=LINE('',#5736,#2941);
#2588=LINE('',#5742,#2942);
#2589=LINE('',#5744,#2943);
#2590=LINE('',#5746,#2944);
#2591=LINE('',#5748,#2945);
#2592=LINE('',#5750,#2946);
#2593=LINE('',#5752,#2947);
#2594=LINE('',#5754,#2948);
#2595=LINE('',#5763,#2949);
#2596=LINE('',#5776,#2950);
#2597=LINE('',#5789,#2951);
#2598=LINE('',#5795,#2952);
#2599=LINE('',#5797,#2953);
#2600=LINE('',#5806,#2954);
#2601=LINE('',#5819,#2955);
#2602=LINE('',#5825,#2956);
#2603=LINE('',#5827,#2957);
#2604=LINE('',#5829,#2958);
#2605=LINE('',#5831,#2959);
#2606=LINE('',#5840,#2960);
#2607=LINE('',#5853,#2961);
#2608=LINE('',#5866,#2962);
#2609=LINE('',#5879,#2963);
#2610=LINE('',#5892,#2964);
#2611=LINE('',#5905,#2965);
#2612=LINE('',#5911,#2966);
#2613=LINE('',#5940,#2967);
#2614=LINE('',#5946,#2968);
#2615=LINE('',#5959,#2969);
#2616=LINE('',#5976,#2970);
#2617=LINE('',#5993,#2971);
#2618=LINE('',#6010,#2972);
#2619=LINE('',#6027,#2973);
#2620=LINE('',#6033,#2974);
#2621=LINE('',#6035,#2975);
#2622=LINE('',#6037,#2976);
#2623=LINE('',#6046,#2977);
#2624=LINE('',#6052,#2978);
#2625=LINE('',#6054,#2979);
#2626=LINE('',#6065,#2980);
#2627=LINE('',#6078,#2981);
#2628=LINE('',#6091,#2982);
#2629=LINE('',#6104,#2983);
#2630=LINE('',#6117,#2984);
#2631=LINE('',#6123,#2985);
#2632=LINE('',#6125,#2986);
#2633=LINE('',#6127,#2987);
#2634=LINE('',#6129,#2988);
#2635=LINE('',#6131,#2989);
#2636=LINE('',#6133,#2990);
#2637=LINE('',#6135,#2991);
#2638=LINE('',#6137,#2992);
#2639=LINE('',#6139,#2993);
#2640=LINE('',#6141,#2994);
#2641=LINE('',#6143,#2995);
#2642=LINE('',#6145,#2996);
#2643=LINE('',#6147,#2997);
#2644=LINE('',#6151,#2998);
#2645=LINE('',#6168,#2999);
#2646=LINE('',#6171,#3000);
#2647=LINE('',#6173,#3001);
#2648=LINE('',#6175,#3002);
#2649=LINE('',#6177,#3003);
#2650=LINE('',#6179,#3004);
#2651=LINE('',#6181,#3005);
#2652=LINE('',#6194,#3006);
#2653=LINE('',#6211,#3007);
#2654=LINE('',#6228,#3008);
#2655=LINE('',#6245,#3009);
#2656=LINE('',#6251,#3010);
#2657=LINE('',#6253,#3011);
#2658=LINE('',#6255,#3012);
#2659=LINE('',#6257,#3013);
#2660=LINE('',#6259,#3014);
#2661=LINE('',#6261,#3015);
#2662=LINE('',#6263,#3016);
#2663=LINE('',#6272,#3017);
#2664=LINE('',#6285,#3018);
#2665=LINE('',#6298,#3019);
#2666=LINE('',#6304,#3020);
#2667=LINE('',#6306,#3021);
#2668=LINE('',#6315,#3022);
#2669=LINE('',#6328,#3023);
#2670=LINE('',#6334,#3024);
#2671=LINE('',#6336,#3025);
#2672=LINE('',#6338,#3026);
#2673=LINE('',#6340,#3027);
#2674=LINE('',#6349,#3028);
#2675=LINE('',#6362,#3029);
#2676=LINE('',#6375,#3030);
#2677=LINE('',#6388,#3031);
#2678=LINE('',#6401,#3032);
#2679=LINE('',#6414,#3033);
#2680=LINE('',#6420,#3034);
#2681=LINE('',#6437,#3035);
#2682=LINE('',#6439,#3036);
#2683=LINE('',#6441,#3037);
#2684=LINE('',#6443,#3038);
#2685=LINE('',#6445,#3039);
#2686=LINE('',#6447,#3040);
#2687=LINE('',#6449,#3041);
#2688=LINE('',#6451,#3042);
#2689=LINE('',#6454,#3043);
#2690=LINE('',#6457,#3044);
#2691=LINE('',#6459,#3045);
#2692=LINE('',#6461,#3046);
#2693=LINE('',#6463,#3047);
#2694=LINE('',#6465,#3048);
#2695=LINE('',#6467,#3049);
#2696=LINE('',#6480,#3050);
#2697=LINE('',#6497,#3051);
#2698=LINE('',#6514,#3052);
#2699=LINE('',#6531,#3053);
#2700=LINE('',#6537,#3054);
#2701=LINE('',#6539,#3055);
#2702=LINE('',#6541,#3056);
#2703=LINE('',#6543,#3057);
#2704=LINE('',#6545,#3058);
#2705=LINE('',#6547,#3059);
#2706=LINE('',#6549,#3060);
#2707=LINE('',#6558,#3061);
#2708=LINE('',#6571,#3062);
#2709=LINE('',#6584,#3063);
#2710=LINE('',#6590,#3064);
#2711=LINE('',#6592,#3065);
#2712=LINE('',#6601,#3066);
#2713=LINE('',#6614,#3067);
#2714=LINE('',#6620,#3068);
#2715=LINE('',#6622,#3069);
#2716=LINE('',#6624,#3070);
#2717=LINE('',#6626,#3071);
#2718=LINE('',#6635,#3072);
#2719=LINE('',#6648,#3073);
#2720=LINE('',#6661,#3074);
#2721=LINE('',#6674,#3075);
#2722=LINE('',#6687,#3076);
#2723=LINE('',#6700,#3077);
#2724=LINE('',#6706,#3078);
#2725=LINE('',#6723,#3079);
#2726=LINE('',#6725,#3080);
#2727=LINE('',#6727,#3081);
#2728=LINE('',#6729,#3082);
#2729=LINE('',#6731,#3083);
#2730=LINE('',#6733,#3084);
#2731=LINE('',#6735,#3085);
#2732=LINE('',#6737,#3086);
#2733=LINE('',#6739,#3087);
#2734=LINE('',#6741,#3088);
#2735=LINE('',#6743,#3089);
#2736=LINE('',#6745,#3090);
#2737=LINE('',#6747,#3091);
#2738=LINE('',#6749,#3092);
#2739=LINE('',#6751,#3093);
#2740=LINE('',#6753,#3094);
#2741=LINE('',#6755,#3095);
#2742=LINE('',#6757,#3096);
#2743=LINE('',#6759,#3097);
#2744=LINE('',#6761,#3098);
#2745=LINE('',#6763,#3099);
#2746=LINE('',#6765,#3100);
#2747=LINE('',#6767,#3101);
#2748=LINE('',#6769,#3102);
#2749=LINE('',#6771,#3103);
#2750=LINE('',#6773,#3104);
#2751=VECTOR('',#4092,1.);
#2752=VECTOR('',#4095,1.);
#2753=VECTOR('',#4098,1.);
#2754=VECTOR('',#4101,1.);
#2755=VECTOR('',#4104,1.);
#2756=VECTOR('',#4105,1.);
#2757=VECTOR('',#4106,1.);
#2758=VECTOR('',#4107,1.);
#2759=VECTOR('',#4108,1.);
#2760=VECTOR('',#4109,1.);
#2761=VECTOR('',#4110,1.);
#2762=VECTOR('',#4111,1.);
#2763=VECTOR('',#4112,1.);
#2764=VECTOR('',#4113,1.);
#2765=VECTOR('',#4114,1.);
#2766=VECTOR('',#4115,1.);
#2767=VECTOR('',#4116,1.);
#2768=VECTOR('',#4117,1.);
#2769=VECTOR('',#4118,1.);
#2770=VECTOR('',#4119,1.);
#2771=VECTOR('',#4120,1.);
#2772=VECTOR('',#4121,1.);
#2773=VECTOR('',#4122,1.);
#2774=VECTOR('',#4123,1.);
#2775=VECTOR('',#4124,1.);
#2776=VECTOR('',#4133,1.);
#2777=VECTOR('',#4136,1.);
#2778=VECTOR('',#4137,1.);
#2779=VECTOR('',#4138,1.);
#2780=VECTOR('',#4139,1.);
#2781=VECTOR('',#4140,1.);
#2782=VECTOR('',#4141,1.);
#2783=VECTOR('',#4142,1.);
#2784=VECTOR('',#4145,1.);
#2785=VECTOR('',#4146,1.);
#2786=VECTOR('',#4147,1.);
#2787=VECTOR('',#4148,1.);
#2788=VECTOR('',#4149,1.);
#2789=VECTOR('',#4150,1.);
#2790=VECTOR('',#4153,1.);
#2791=VECTOR('',#4154,1.);
#2792=VECTOR('',#4155,1.);
#2793=VECTOR('',#4156,1.);
#2794=VECTOR('',#4157,1.);
#2795=VECTOR('',#4158,1.);
#2796=VECTOR('',#4159,1.);
#2797=VECTOR('',#4160,1.);
#2798=VECTOR('',#4161,1.);
#2799=VECTOR('',#4162,1.);
#2800=VECTOR('',#4163,1.);
#2801=VECTOR('',#4164,1.);
#2802=VECTOR('',#4165,1.);
#2803=VECTOR('',#4166,1.);
#2804=VECTOR('',#4167,1.);
#2805=VECTOR('',#4168,1.);
#2806=VECTOR('',#4169,1.);
#2807=VECTOR('',#4172,1.);
#2808=VECTOR('',#4173,1.);
#2809=VECTOR('',#4174,1.);
#2810=VECTOR('',#4175,1.);
#2811=VECTOR('',#4178,1.);
#2812=VECTOR('',#4181,1.);
#2813=VECTOR('',#4184,1.);
#2814=VECTOR('',#4187,1.);
#2815=VECTOR('',#4190,1.);
#2816=VECTOR('',#4191,1.);
#2817=VECTOR('',#4192,1.);
#2818=VECTOR('',#4193,1.);
#2819=VECTOR('',#4194,1.);
#2820=VECTOR('',#4195,1.);
#2821=VECTOR('',#4198,1.);
#2822=VECTOR('',#4201,1.);
#2823=VECTOR('',#4204,1.);
#2824=VECTOR('',#4207,1.);
#2825=VECTOR('',#4210,1.);
#2826=VECTOR('',#4211,1.);
#2827=VECTOR('',#4212,1.);
#2828=VECTOR('',#4213,1.);
#2829=VECTOR('',#4214,1.);
#2830=VECTOR('',#4215,1.);
#2831=VECTOR('',#4216,1.);
#2832=VECTOR('',#4217,1.);
#2833=VECTOR('',#4220,1.);
#2834=VECTOR('',#4221,1.);
#2835=VECTOR('',#4222,1.);
#2836=VECTOR('',#4223,1.);
#2837=VECTOR('',#4224,1.);
#2838=VECTOR('',#4225,1.);
#2839=VECTOR('',#4226,1.);
#2840=VECTOR('',#4227,1.);
#2841=VECTOR('',#4228,1.);
#2842=VECTOR('',#4229,1.);
#2843=VECTOR('',#4232,1.);
#2844=VECTOR('',#4233,1.);
#2845=VECTOR('',#4234,1.);
#2846=VECTOR('',#4235,1.);
#2847=VECTOR('',#4238,1.);
#2848=VECTOR('',#4239,1.);
#2849=VECTOR('',#4240,1.);
#2850=VECTOR('',#4241,1.);
#2851=VECTOR('',#4244,1.);
#2852=VECTOR('',#4245,1.);
#2853=VECTOR('',#4246,1.);
#2854=VECTOR('',#4247,1.);
#2855=VECTOR('',#4250,1.);
#2856=VECTOR('',#4251,1.);
#2857=VECTOR('',#4252,1.);
#2858=VECTOR('',#4253,1.);
#2859=VECTOR('',#4254,1.);
#2860=VECTOR('',#4255,1.);
#2861=VECTOR('',#4256,1.);
#2862=VECTOR('',#4257,1.);
#2863=VECTOR('',#4280,1.);
#2864=VECTOR('',#4283,1.);
#2865=VECTOR('',#4286,1.);
#2866=VECTOR('',#4287,1.);
#2867=VECTOR('',#4290,1.);
#2868=VECTOR('',#4291,1.);
#2869=VECTOR('',#4294,1.);
#2870=VECTOR('',#4295,1.);
#2871=VECTOR('',#4298,1.);
#2872=VECTOR('',#4301,1.);
#2873=VECTOR('',#4302,1.);
#2874=VECTOR('',#4305,1.);
#2875=VECTOR('',#4310,1.);
#2876=VECTOR('',#4311,1.);
#2877=VECTOR('',#4314,1.);
#2878=VECTOR('',#4323,1.);
#2879=VECTOR('',#4328,1.);
#2880=VECTOR('',#4329,1.);
#2881=VECTOR('',#4332,1.);
#2882=VECTOR('',#4333,1.);
#2883=VECTOR('',#4348,1.);
#2884=VECTOR('',#4349,1.);
#2885=VECTOR('',#4352,1.);
#2886=VECTOR('',#4353,1.);
#2887=VECTOR('',#4368,1.);
#2888=VECTOR('',#4369,1.);
#2889=VECTOR('',#4372,1.);
#2890=VECTOR('',#4373,1.);
#2891=VECTOR('',#4404,1.);
#2892=VECTOR('',#4405,1.);
#2893=VECTOR('',#4408,1.);
#2894=VECTOR('',#4411,1.);
#2895=VECTOR('',#4414,1.);
#2896=VECTOR('',#4417,1.);
#2897=VECTOR('',#4420,1.);
#2898=VECTOR('',#4423,1.);
#2899=VECTOR('',#4434,1.);
#2900=VECTOR('',#4435,1.);
#2901=VECTOR('',#4436,1.);
#2902=VECTOR('',#4437,1.);
#2903=VECTOR('',#4438,1.);
#2904=VECTOR('',#4443,1.);
#2905=VECTOR('',#4446,1.);
#2906=VECTOR('',#4447,1.);
#2907=VECTOR('',#4450,1.);
#2908=VECTOR('',#4451,1.);
#2909=VECTOR('',#4452,1.);
#2910=VECTOR('',#4453,1.);
#2911=VECTOR('',#4454,1.);
#2912=VECTOR('',#4455,1.);
#2913=VECTOR('',#4458,1.);
#2914=VECTOR('',#4459,1.);
#2915=VECTOR('',#4462,1.);
#2916=VECTOR('',#4463,1.);
#2917=VECTOR('',#4466,1.);
#2918=VECTOR('',#4467,1.);
#2919=VECTOR('',#4470,1.);
#2920=VECTOR('',#4471,1.);
#2921=VECTOR('',#4474,1.);
#2922=VECTOR('',#4475,1.);
#2923=VECTOR('',#4478,1.);
#2924=VECTOR('',#4479,1.);
#2925=VECTOR('',#4482,1.);
#2926=VECTOR('',#4487,1.);
#2927=VECTOR('',#4488,1.);
#2928=VECTOR('',#4489,1.);
#2929=VECTOR('',#4490,1.);
#2930=VECTOR('',#4491,1.);
#2931=VECTOR('',#4496,1.);
#2932=VECTOR('',#4497,1.);
#2933=VECTOR('',#4498,1.);
#2934=VECTOR('',#4499,1.);
#2935=VECTOR('',#4502,1.);
#2936=VECTOR('',#4503,1.);
#2937=VECTOR('',#4504,1.);
#2938=VECTOR('',#4505,1.);
#2939=VECTOR('',#4506,1.);
#2940=VECTOR('',#4507,1.);
#2941=VECTOR('',#4508,1.);
#2942=VECTOR('',#4511,1.);
#2943=VECTOR('',#4512,1.);
#2944=VECTOR('',#4513,1.);
#2945=VECTOR('',#4516,1.);
#2946=VECTOR('',#4517,1.);
#2947=VECTOR('',#4520,1.);
#2948=VECTOR('',#4521,1.);
#2949=VECTOR('',#4522,1.);
#2950=VECTOR('',#4523,1.);
#2951=VECTOR('',#4524,1.);
#2952=VECTOR('',#4527,1.);
#2953=VECTOR('',#4528,1.);
#2954=VECTOR('',#4529,1.);
#2955=VECTOR('',#4530,1.);
#2956=VECTOR('',#4533,1.);
#2957=VECTOR('',#4534,1.);
#2958=VECTOR('',#4537,1.);
#2959=VECTOR('',#4538,1.);
#2960=VECTOR('',#4539,1.);
#2961=VECTOR('',#4540,1.);
#2962=VECTOR('',#4541,1.);
#2963=VECTOR('',#4542,1.);
#2964=VECTOR('',#4543,1.);
#2965=VECTOR('',#4544,1.);
#2966=VECTOR('',#4547,1.);
#2967=VECTOR('',#4550,1.);
#2968=VECTOR('',#4551,1.);
#2969=VECTOR('',#4552,1.);
#2970=VECTOR('',#4553,1.);
#2971=VECTOR('',#4554,1.);
#2972=VECTOR('',#4555,1.);
#2973=VECTOR('',#4556,1.);
#2974=VECTOR('',#4559,1.);
#2975=VECTOR('',#4560,1.);
#2976=VECTOR('',#4561,1.);
#2977=VECTOR('',#4562,1.);
#2978=VECTOR('',#4563,1.);
#2979=VECTOR('',#4566,1.);
#2980=VECTOR('',#4569,1.);
#2981=VECTOR('',#4570,1.);
#2982=VECTOR('',#4571,1.);
#2983=VECTOR('',#4572,1.);
#2984=VECTOR('',#4573,1.);
#2985=VECTOR('',#4576,1.);
#2986=VECTOR('',#4577,1.);
#2987=VECTOR('',#4580,1.);
#2988=VECTOR('',#4581,1.);
#2989=VECTOR('',#4584,1.);
#2990=VECTOR('',#4585,1.);
#2991=VECTOR('',#4588,1.);
#2992=VECTOR('',#4589,1.);
#2993=VECTOR('',#4592,1.);
#2994=VECTOR('',#4593,1.);
#2995=VECTOR('',#4596,1.);
#2996=VECTOR('',#4597,1.);
#2997=VECTOR('',#4600,1.);
#2998=VECTOR('',#4605,1.);
#2999=VECTOR('',#4610,1.);
#3000=VECTOR('',#4611,1.);
#3001=VECTOR('',#4612,1.);
#3002=VECTOR('',#4613,1.);
#3003=VECTOR('',#4616,1.);
#3004=VECTOR('',#4617,1.);
#3005=VECTOR('',#4618,1.);
#3006=VECTOR('',#4619,1.);
#3007=VECTOR('',#4620,1.);
#3008=VECTOR('',#4621,1.);
#3009=VECTOR('',#4622,1.);
#3010=VECTOR('',#4625,1.);
#3011=VECTOR('',#4626,1.);
#3012=VECTOR('',#4627,1.);
#3013=VECTOR('',#4630,1.);
#3014=VECTOR('',#4631,1.);
#3015=VECTOR('',#4634,1.);
#3016=VECTOR('',#4635,1.);
#3017=VECTOR('',#4636,1.);
#3018=VECTOR('',#4637,1.);
#3019=VECTOR('',#4638,1.);
#3020=VECTOR('',#4641,1.);
#3021=VECTOR('',#4642,1.);
#3022=VECTOR('',#4643,1.);
#3023=VECTOR('',#4644,1.);
#3024=VECTOR('',#4647,1.);
#3025=VECTOR('',#4648,1.);
#3026=VECTOR('',#4651,1.);
#3027=VECTOR('',#4652,1.);
#3028=VECTOR('',#4653,1.);
#3029=VECTOR('',#4654,1.);
#3030=VECTOR('',#4655,1.);
#3031=VECTOR('',#4656,1.);
#3032=VECTOR('',#4657,1.);
#3033=VECTOR('',#4658,1.);
#3034=VECTOR('',#4661,1.);
#3035=VECTOR('',#4666,1.);
#3036=VECTOR('',#4667,1.);
#3037=VECTOR('',#4668,1.);
#3038=VECTOR('',#4671,1.);
#3039=VECTOR('',#4672,1.);
#3040=VECTOR('',#4675,1.);
#3041=VECTOR('',#4676,1.);
#3042=VECTOR('',#4679,1.);
#3043=VECTOR('',#4684,1.);
#3044=VECTOR('',#4685,1.);
#3045=VECTOR('',#4686,1.);
#3046=VECTOR('',#4687,1.);
#3047=VECTOR('',#4690,1.);
#3048=VECTOR('',#4691,1.);
#3049=VECTOR('',#4692,1.);
#3050=VECTOR('',#4693,1.);
#3051=VECTOR('',#4694,1.);
#3052=VECTOR('',#4695,1.);
#3053=VECTOR('',#4696,1.);
#3054=VECTOR('',#4699,1.);
#3055=VECTOR('',#4700,1.);
#3056=VECTOR('',#4701,1.);
#3057=VECTOR('',#4704,1.);
#3058=VECTOR('',#4705,1.);
#3059=VECTOR('',#4708,1.);
#3060=VECTOR('',#4709,1.);
#3061=VECTOR('',#4710,1.);
#3062=VECTOR('',#4711,1.);
#3063=VECTOR('',#4712,1.);
#3064=VECTOR('',#4715,1.);
#3065=VECTOR('',#4716,1.);
#3066=VECTOR('',#4717,1.);
#3067=VECTOR('',#4718,1.);
#3068=VECTOR('',#4721,1.);
#3069=VECTOR('',#4722,1.);
#3070=VECTOR('',#4725,1.);
#3071=VECTOR('',#4726,1.);
#3072=VECTOR('',#4727,1.);
#3073=VECTOR('',#4728,1.);
#3074=VECTOR('',#4729,1.);
#3075=VECTOR('',#4730,1.);
#3076=VECTOR('',#4731,1.);
#3077=VECTOR('',#4732,1.);
#3078=VECTOR('',#4735,1.);
#3079=VECTOR('',#4740,1.);
#3080=VECTOR('',#4741,1.);
#3081=VECTOR('',#4742,1.);
#3082=VECTOR('',#4745,1.);
#3083=VECTOR('',#4746,1.);
#3084=VECTOR('',#4749,1.);
#3085=VECTOR('',#4750,1.);
#3086=VECTOR('',#4753,1.);
#3087=VECTOR('',#4754,1.);
#3088=VECTOR('',#4757,1.);
#3089=VECTOR('',#4758,1.);
#3090=VECTOR('',#4761,1.);
#3091=VECTOR('',#4762,1.);
#3092=VECTOR('',#4765,1.);
#3093=VECTOR('',#4766,1.);
#3094=VECTOR('',#4769,1.);
#3095=VECTOR('',#4770,1.);
#3096=VECTOR('',#4773,1.);
#3097=VECTOR('',#4774,1.);
#3098=VECTOR('',#4777,1.);
#3099=VECTOR('',#4778,1.);
#3100=VECTOR('',#4781,1.);
#3101=VECTOR('',#4782,1.);
#3102=VECTOR('',#4785,1.);
#3103=VECTOR('',#4786,1.);
#3104=VECTOR('',#4789,1.);
#3105=EDGE_LOOP('',(#329,#330,#331,#332,#333,#334,#335,#336));
#3106=EDGE_LOOP('',(#337,#338,#339,#340,#341,#342,#343,#344,#345,#346,#347,
#348,#349,#350,#351,#352,#353,#354));
#3107=EDGE_LOOP('',(#355,#356,#357,#358,#359,#360,#361,#362,#363,#364,#365,
#366,#367,#368,#369,#370,#371,#372));
#3108=EDGE_LOOP('',(#373,#374,#375,#376,#377,#378,#379,#380,#381,#382,#383,
#384,#385,#386,#387,#388,#389,#390));
#3109=EDGE_LOOP('',(#391));
#3110=EDGE_LOOP('',(#392));
#3111=EDGE_LOOP('',(#393));
#3112=EDGE_LOOP('',(#394));
#3113=EDGE_LOOP('',(#395,#396,#397,#398,#399,#400,#401,#402,#403,#404,#405,
#406,#407,#408));
#3114=EDGE_LOOP('',(#409,#410,#411,#412,#413,#414,#415,#416,#417,#418,#419,
#420,#421,#422,#423));
#3115=EDGE_LOOP('',(#424,#425,#426,#427));
#3116=EDGE_LOOP('',(#428,#429,#430,#431,#432,#433,#434,#435,#436,#437,#438,
#439,#440));
#3117=EDGE_LOOP('',(#441,#442,#443,#444));
#3118=EDGE_LOOP('',(#445,#446,#447,#448,#449,#450,#451,#452));
#3119=EDGE_LOOP('',(#453,#454,#455,#456,#457,#458));
#3120=EDGE_LOOP('',(#459,#460,#461,#462,#463,#464,#465,#466));
#3121=EDGE_LOOP('',(#467,#468,#469,#470,#471,#472,#473,#474));
#3122=EDGE_LOOP('',(#475,#476,#477,#478,#479,#480,#481,#482,#483,#484));
#3123=EDGE_LOOP('',(#485,#486,#487,#488));
#3124=EDGE_LOOP('',(#489,#490,#491,#492));
#3125=EDGE_LOOP('',(#493,#494,#495,#496));
#3126=EDGE_LOOP('',(#497,#498,#499,#500,#501,#502,#503,#504));
#3127=EDGE_LOOP('',(#505,#506,#507,#508,#509,#510,#511,#512));
#3128=EDGE_LOOP('',(#513,#514,#515,#516,#517,#518,#519,#520));
#3129=EDGE_LOOP('',(#521,#522,#523,#524,#525,#526,#527,#528,#529,#530,#531,
#532,#533,#534,#535,#536,#537,#538,#539,#540));
#3130=EDGE_LOOP('',(#541,#542,#543,#544));
#3131=EDGE_LOOP('',(#545,#546,#547,#548));
#3132=EDGE_LOOP('',(#549,#550,#551,#552));
#3133=EDGE_LOOP('',(#553,#554,#555,#556));
#3134=EDGE_LOOP('',(#557));
#3135=EDGE_LOOP('',(#558));
#3136=EDGE_LOOP('',(#559,#560,#561,#562));
#3137=EDGE_LOOP('',(#563));
#3138=EDGE_LOOP('',(#564,#565,#566,#567,#568,#569));
#3139=EDGE_LOOP('',(#570,#571,#572,#573));
#3140=EDGE_LOOP('',(#574,#575,#576,#577));
#3141=EDGE_LOOP('',(#578,#579,#580,#581));
#3142=EDGE_LOOP('',(#582));
#3143=EDGE_LOOP('',(#583));
#3144=EDGE_LOOP('',(#584,#585,#586,#587,#588,#589));
#3145=EDGE_LOOP('',(#590));
#3146=EDGE_LOOP('',(#591,#592,#593,#594));
#3147=EDGE_LOOP('',(#595,#596,#597,#598));
#3148=EDGE_LOOP('',(#599,#600,#601,#602));
#3149=EDGE_LOOP('',(#603));
#3150=EDGE_LOOP('',(#604));
#3151=EDGE_LOOP('',(#605,#606,#607,#608,#609,#610));
#3152=EDGE_LOOP('',(#611));
#3153=EDGE_LOOP('',(#612,#613,#614,#615));
#3154=EDGE_LOOP('',(#616,#617,#618,#619));
#3155=EDGE_LOOP('',(#620,#621,#622,#623));
#3156=EDGE_LOOP('',(#624));
#3157=EDGE_LOOP('',(#625));
#3158=EDGE_LOOP('',(#626));
#3159=EDGE_LOOP('',(#627,#628,#629,#630,#631,#632));
#3160=EDGE_LOOP('',(#633,#634,#635,#636));
#3161=EDGE_LOOP('',(#637,#638,#639,#640));
#3162=EDGE_LOOP('',(#641,#642,#643,#644));
#3163=EDGE_LOOP('',(#645,#646,#647,#648));
#3164=EDGE_LOOP('',(#649,#650,#651,#652));
#3165=EDGE_LOOP('',(#653,#654,#655,#656));
#3166=EDGE_LOOP('',(#657,#658,#659,#660));
#3167=EDGE_LOOP('',(#661,#662,#663,#664));
#3168=EDGE_LOOP('',(#665,#666,#667,#668));
#3169=EDGE_LOOP('',(#669,#670,#671,#672));
#3170=EDGE_LOOP('',(#673,#674,#675,#676));
#3171=EDGE_LOOP('',(#677,#678,#679,#680));
#3172=EDGE_LOOP('',(#681,#682,#683,#684));
#3173=EDGE_LOOP('',(#685,#686,#687,#688));
#3174=EDGE_LOOP('',(#689,#690,#691,#692));
#3175=EDGE_LOOP('',(#693,#694,#695,#696));
#3176=EDGE_LOOP('',(#697,#698,#699,#700));
#3177=EDGE_LOOP('',(#701,#702,#703,#704));
#3178=EDGE_LOOP('',(#705,#706,#707,#708));
#3179=EDGE_LOOP('',(#709,#710,#711,#712));
#3180=EDGE_LOOP('',(#713,#714,#715,#716));
#3181=EDGE_LOOP('',(#717,#718,#719,#720));
#3182=EDGE_LOOP('',(#721,#722,#723,#724));
#3183=EDGE_LOOP('',(#725,#726,#727,#728));
#3184=EDGE_LOOP('',(#729,#730,#731,#732));
#3185=EDGE_LOOP('',(#733,#734,#735,#736));
#3186=EDGE_LOOP('',(#737,#738,#739,#740));
#3187=EDGE_LOOP('',(#741,#742,#743,#744));
#3188=EDGE_LOOP('',(#745,#746,#747,#748));
#3189=EDGE_LOOP('',(#749,#750,#751,#752));
#3190=EDGE_LOOP('',(#753,#754,#755,#756));
#3191=EDGE_LOOP('',(#757,#758,#759,#760));
#3192=EDGE_LOOP('',(#761,#762,#763,#764));
#3193=EDGE_LOOP('',(#765,#766,#767,#768));
#3194=EDGE_LOOP('',(#769,#770,#771,#772));
#3195=EDGE_LOOP('',(#773,#774,#775,#776));
#3196=EDGE_LOOP('',(#777,#778,#779,#780));
#3197=EDGE_LOOP('',(#781,#782,#783,#784));
#3198=EDGE_LOOP('',(#785,#786,#787,#788));
#3199=EDGE_LOOP('',(#789,#790,#791,#792,#793,#794,#795,#796,#797,#798,#799,
#800,#801,#802));
#3200=EDGE_LOOP('',(#803,#804,#805,#806,#807,#808,#809,#810,#811));
#3201=EDGE_LOOP('',(#812,#813,#814,#815));
#3202=EDGE_LOOP('',(#816,#817,#818,#819));
#3203=EDGE_LOOP('',(#820,#821,#822,#823));
#3204=EDGE_LOOP('',(#824,#825,#826,#827));
#3205=EDGE_LOOP('',(#828,#829,#830,#831));
#3206=EDGE_LOOP('',(#832,#833,#834,#835));
#3207=EDGE_LOOP('',(#836,#837,#838,#839));
#3208=EDGE_LOOP('',(#840,#841,#842,#843));
#3209=EDGE_LOOP('',(#844,#845,#846,#847));
#3210=EDGE_LOOP('',(#848,#849,#850,#851));
#3211=EDGE_LOOP('',(#852,#853,#854,#855));
#3212=EDGE_LOOP('',(#856,#857,#858,#859));
#3213=EDGE_LOOP('',(#860,#861,#862,#863));
#3214=EDGE_LOOP('',(#864,#865,#866,#867));
#3215=EDGE_LOOP('',(#868,#869,#870,#871));
#3216=EDGE_LOOP('',(#872,#873,#874,#875));
#3217=EDGE_LOOP('',(#876,#877,#878,#879));
#3218=EDGE_LOOP('',(#880,#881,#882,#883));
#3219=EDGE_LOOP('',(#884,#885,#886,#887));
#3220=EDGE_LOOP('',(#888,#889,#890,#891));
#3221=EDGE_LOOP('',(#892,#893,#894,#895));
#3222=EDGE_LOOP('',(#896,#897,#898,#899));
#3223=EDGE_LOOP('',(#900,#901,#902,#903));
#3224=EDGE_LOOP('',(#904,#905,#906,#907));
#3225=EDGE_LOOP('',(#908,#909,#910,#911));
#3226=EDGE_LOOP('',(#912,#913,#914,#915,#916,#917,#918,#919,#920,#921,#922,
#923,#924,#925,#926,#927,#928,#929));
#3227=EDGE_LOOP('',(#930,#931,#932,#933,#934,#935,#936));
#3228=EDGE_LOOP('',(#937,#938,#939,#940));
#3229=EDGE_LOOP('',(#941,#942,#943,#944));
#3230=EDGE_LOOP('',(#945,#946,#947,#948));
#3231=EDGE_LOOP('',(#949,#950,#951,#952));
#3232=EDGE_LOOP('',(#953,#954,#955,#956));
#3233=EDGE_LOOP('',(#957,#958,#959,#960));
#3234=EDGE_LOOP('',(#961,#962,#963,#964));
#3235=EDGE_LOOP('',(#965,#966,#967,#968));
#3236=EDGE_LOOP('',(#969,#970,#971,#972));
#3237=EDGE_LOOP('',(#973,#974,#975,#976));
#3238=EDGE_LOOP('',(#977,#978,#979,#980));
#3239=EDGE_LOOP('',(#981,#982,#983,#984));
#3240=EDGE_LOOP('',(#985,#986,#987,#988));
#3241=EDGE_LOOP('',(#989,#990,#991,#992));
#3242=EDGE_LOOP('',(#993,#994,#995,#996));
#3243=EDGE_LOOP('',(#997,#998,#999,#1000));
#3244=EDGE_LOOP('',(#1001,#1002,#1003,#1004));
#3245=EDGE_LOOP('',(#1005,#1006,#1007,#1008));
#3246=EDGE_LOOP('',(#1009,#1010,#1011,#1012));
#3247=EDGE_LOOP('',(#1013,#1014,#1015,#1016));
#3248=EDGE_LOOP('',(#1017,#1018,#1019,#1020));
#3249=EDGE_LOOP('',(#1021,#1022,#1023,#1024));
#3250=EDGE_LOOP('',(#1025,#1026,#1027,#1028));
#3251=EDGE_LOOP('',(#1029,#1030,#1031,#1032,#1033,#1034,#1035,#1036,#1037,
#1038,#1039,#1040,#1041,#1042,#1043));
#3252=EDGE_LOOP('',(#1044,#1045,#1046,#1047,#1048,#1049,#1050,#1051));
#3253=EDGE_LOOP('',(#1052,#1053,#1054,#1055));
#3254=EDGE_LOOP('',(#1056,#1057,#1058,#1059));
#3255=EDGE_LOOP('',(#1060,#1061,#1062,#1063));
#3256=EDGE_LOOP('',(#1064,#1065,#1066,#1067));
#3257=EDGE_LOOP('',(#1068,#1069,#1070,#1071));
#3258=EDGE_LOOP('',(#1072,#1073,#1074,#1075));
#3259=EDGE_LOOP('',(#1076,#1077,#1078,#1079));
#3260=EDGE_LOOP('',(#1080,#1081,#1082,#1083));
#3261=EDGE_LOOP('',(#1084,#1085,#1086,#1087));
#3262=EDGE_LOOP('',(#1088,#1089,#1090,#1091));
#3263=EDGE_LOOP('',(#1092,#1093,#1094,#1095));
#3264=EDGE_LOOP('',(#1096,#1097,#1098,#1099));
#3265=EDGE_LOOP('',(#1100,#1101,#1102,#1103));
#3266=EDGE_LOOP('',(#1104,#1105,#1106,#1107));
#3267=EDGE_LOOP('',(#1108,#1109,#1110,#1111));
#3268=EDGE_LOOP('',(#1112,#1113,#1114,#1115));
#3269=EDGE_LOOP('',(#1116,#1117,#1118,#1119));
#3270=EDGE_LOOP('',(#1120,#1121,#1122,#1123));
#3271=EDGE_LOOP('',(#1124,#1125,#1126,#1127));
#3272=EDGE_LOOP('',(#1128,#1129,#1130,#1131));
#3273=EDGE_LOOP('',(#1132,#1133,#1134,#1135));
#3274=EDGE_LOOP('',(#1136,#1137,#1138,#1139));
#3275=EDGE_LOOP('',(#1140,#1141,#1142,#1143));
#3276=EDGE_LOOP('',(#1144,#1145,#1146,#1147));
#3277=EDGE_LOOP('',(#1148,#1149,#1150,#1151));
#3278=EDGE_LOOP('',(#1152,#1153,#1154,#1155,#1156,#1157,#1158,#1159,#1160,
#1161,#1162,#1163,#1164,#1165,#1166,#1167,#1168,#1169));
#3279=EDGE_LOOP('',(#1170,#1171,#1172,#1173,#1174,#1175,#1176));
#3280=EDGE_LOOP('',(#1177,#1178,#1179,#1180));
#3281=EDGE_LOOP('',(#1181,#1182,#1183,#1184));
#3282=EDGE_LOOP('',(#1185,#1186,#1187,#1188));
#3283=EDGE_LOOP('',(#1189,#1190,#1191,#1192));
#3284=EDGE_LOOP('',(#1193,#1194,#1195,#1196));
#3285=EDGE_LOOP('',(#1197,#1198,#1199,#1200));
#3286=EDGE_LOOP('',(#1201,#1202,#1203,#1204));
#3287=EDGE_LOOP('',(#1205,#1206,#1207,#1208));
#3288=EDGE_LOOP('',(#1209,#1210,#1211,#1212));
#3289=EDGE_LOOP('',(#1213,#1214,#1215,#1216));
#3290=EDGE_LOOP('',(#1217,#1218,#1219,#1220));
#3291=EDGE_LOOP('',(#1221,#1222,#1223,#1224));
#3292=EDGE_LOOP('',(#1225,#1226,#1227,#1228));
#3293=EDGE_LOOP('',(#1229,#1230,#1231,#1232));
#3294=EDGE_LOOP('',(#1233,#1234,#1235,#1236));
#3295=EDGE_LOOP('',(#1237,#1238,#1239,#1240));
#3296=EDGE_LOOP('',(#1241,#1242,#1243,#1244));
#3297=EDGE_LOOP('',(#1245,#1246,#1247,#1248));
#3298=EDGE_LOOP('',(#1249,#1250,#1251,#1252));
#3299=EDGE_LOOP('',(#1253,#1254,#1255,#1256));
#3300=EDGE_LOOP('',(#1257,#1258,#1259,#1260));
#3301=EDGE_LOOP('',(#1261,#1262,#1263,#1264));
#3302=EDGE_LOOP('',(#1265,#1266,#1267,#1268));
#3303=EDGE_LOOP('',(#1269,#1270,#1271,#1272));
#3304=EDGE_LOOP('',(#1273,#1274,#1275,#1276));
#3305=EDGE_LOOP('',(#1277,#1278,#1279,#1280));
#3306=EDGE_LOOP('',(#1281,#1282,#1283,#1284));
#3307=EDGE_LOOP('',(#1285,#1286,#1287,#1288));
#3308=EDGE_LOOP('',(#1289,#1290,#1291,#1292));
#3309=EDGE_LOOP('',(#1293,#1294,#1295,#1296));
#3310=EDGE_LOOP('',(#1297,#1298,#1299,#1300,#1301,#1302,#1303,#1304,#1305,
#1306,#1307,#1308,#1309,#1310,#1311,#1312,#1313,#1314));
#3311=EDGE_LOOP('',(#1315,#1316,#1317,#1318,#1319,#1320,#1321));
#3312=EDGE_LOOP('',(#1322,#1323,#1324,#1325));
#3313=EDGE_LOOP('',(#1326,#1327,#1328,#1329));
#3314=EDGE_LOOP('',(#1330,#1331,#1332,#1333));
#3315=EDGE_LOOP('',(#1334,#1335,#1336,#1337));
#3316=EDGE_LOOP('',(#1338,#1339,#1340,#1341));
#3317=EDGE_LOOP('',(#1342,#1343,#1344,#1345));
#3318=EDGE_LOOP('',(#1346,#1347,#1348,#1349));
#3319=EDGE_LOOP('',(#1350,#1351,#1352,#1353));
#3320=EDGE_LOOP('',(#1354,#1355,#1356,#1357));
#3321=EDGE_LOOP('',(#1358,#1359,#1360,#1361));
#3322=EDGE_LOOP('',(#1362,#1363,#1364,#1365));
#3323=EDGE_LOOP('',(#1366,#1367,#1368,#1369));
#3324=EDGE_LOOP('',(#1370,#1371,#1372,#1373));
#3325=EDGE_LOOP('',(#1374,#1375,#1376,#1377,#1378,#1379,#1380,#1381,#1382,
#1383,#1384,#1385,#1386));
#3326=EDGE_LOOP('',(#1387,#1388,#1389,#1390,#1391,#1392,#1393,#1394,#1395));
#3327=EDGE_LOOP('',(#1396,#1397,#1398,#1399,#1400,#1401,#1402));
#3328=EDGE_LOOP('',(#1403,#1404,#1405,#1406,#1407,#1408,#1409,#1410));
#3329=EDGE_LOOP('',(#1411,#1412,#1413,#1414,#1415,#1416,#1417));
#3330=EDGE_LOOP('',(#1418,#1419,#1420,#1421,#1422,#1423,#1424));
#3331=EDGE_LOOP('',(#1425,#1426,#1427,#1428));
#3332=EDGE_LOOP('',(#1429,#1430,#1431,#1432));
#3333=EDGE_LOOP('',(#1433,#1434,#1435,#1436));
#3334=EDGE_LOOP('',(#1437,#1438,#1439,#1440));
#3335=EDGE_LOOP('',(#1441,#1442,#1443,#1444));
#3336=EDGE_LOOP('',(#1445,#1446,#1447,#1448));
#3337=EDGE_LOOP('',(#1449,#1450,#1451,#1452));
#3338=EDGE_LOOP('',(#1453,#1454,#1455,#1456));
#3339=FACE_BOUND('',#3105,.T.);
#3340=FACE_BOUND('',#3106,.T.);
#3341=FACE_BOUND('',#3107,.T.);
#3342=FACE_BOUND('',#3108,.T.);
#3343=FACE_BOUND('',#3109,.T.);
#3344=FACE_BOUND('',#3110,.T.);
#3345=FACE_BOUND('',#3111,.T.);
#3346=FACE_BOUND('',#3112,.T.);
#3347=FACE_BOUND('',#3113,.T.);
#3348=FACE_BOUND('',#3114,.T.);
#3349=FACE_BOUND('',#3115,.T.);
#3350=FACE_BOUND('',#3116,.T.);
#3351=FACE_BOUND('',#3117,.T.);
#3352=FACE_BOUND('',#3118,.T.);
#3353=FACE_BOUND('',#3119,.T.);
#3354=FACE_BOUND('',#3120,.T.);
#3355=FACE_BOUND('',#3121,.T.);
#3356=FACE_BOUND('',#3122,.T.);
#3357=FACE_BOUND('',#3123,.T.);
#3358=FACE_BOUND('',#3124,.T.);
#3359=FACE_BOUND('',#3125,.T.);
#3360=FACE_BOUND('',#3126,.T.);
#3361=FACE_BOUND('',#3127,.T.);
#3362=FACE_BOUND('',#3128,.T.);
#3363=FACE_BOUND('',#3129,.T.);
#3364=FACE_BOUND('',#3130,.T.);
#3365=FACE_BOUND('',#3131,.T.);
#3366=FACE_BOUND('',#3132,.T.);
#3367=FACE_BOUND('',#3133,.T.);
#3368=FACE_BOUND('',#3134,.T.);
#3369=FACE_BOUND('',#3135,.T.);
#3370=FACE_BOUND('',#3136,.T.);
#3371=FACE_BOUND('',#3137,.T.);
#3372=FACE_BOUND('',#3138,.T.);
#3373=FACE_BOUND('',#3139,.T.);
#3374=FACE_BOUND('',#3140,.T.);
#3375=FACE_BOUND('',#3141,.T.);
#3376=FACE_BOUND('',#3142,.T.);
#3377=FACE_BOUND('',#3143,.T.);
#3378=FACE_BOUND('',#3144,.T.);
#3379=FACE_BOUND('',#3145,.T.);
#3380=FACE_BOUND('',#3146,.T.);
#3381=FACE_BOUND('',#3147,.T.);
#3382=FACE_BOUND('',#3148,.T.);
#3383=FACE_BOUND('',#3149,.T.);
#3384=FACE_BOUND('',#3150,.T.);
#3385=FACE_BOUND('',#3151,.T.);
#3386=FACE_BOUND('',#3152,.T.);
#3387=FACE_BOUND('',#3153,.T.);
#3388=FACE_BOUND('',#3154,.T.);
#3389=FACE_BOUND('',#3155,.T.);
#3390=FACE_BOUND('',#3156,.T.);
#3391=FACE_BOUND('',#3157,.T.);
#3392=FACE_BOUND('',#3158,.T.);
#3393=FACE_BOUND('',#3159,.T.);
#3394=FACE_BOUND('',#3160,.T.);
#3395=FACE_BOUND('',#3161,.T.);
#3396=FACE_BOUND('',#3162,.T.);
#3397=FACE_BOUND('',#3163,.T.);
#3398=FACE_BOUND('',#3164,.T.);
#3399=FACE_BOUND('',#3165,.T.);
#3400=FACE_BOUND('',#3166,.T.);
#3401=FACE_BOUND('',#3167,.T.);
#3402=FACE_BOUND('',#3168,.T.);
#3403=FACE_BOUND('',#3169,.T.);
#3404=FACE_BOUND('',#3170,.T.);
#3405=FACE_BOUND('',#3171,.T.);
#3406=FACE_BOUND('',#3172,.T.);
#3407=FACE_BOUND('',#3173,.T.);
#3408=FACE_BOUND('',#3174,.T.);
#3409=FACE_BOUND('',#3175,.T.);
#3410=FACE_BOUND('',#3176,.T.);
#3411=FACE_BOUND('',#3177,.T.);
#3412=FACE_BOUND('',#3178,.T.);
#3413=FACE_BOUND('',#3179,.T.);
#3414=FACE_BOUND('',#3180,.T.);
#3415=FACE_BOUND('',#3181,.T.);
#3416=FACE_BOUND('',#3182,.T.);
#3417=FACE_BOUND('',#3183,.T.);
#3418=FACE_BOUND('',#3184,.T.);
#3419=FACE_BOUND('',#3185,.T.);
#3420=FACE_BOUND('',#3186,.T.);
#3421=FACE_BOUND('',#3187,.T.);
#3422=FACE_BOUND('',#3188,.T.);
#3423=FACE_BOUND('',#3189,.T.);
#3424=FACE_BOUND('',#3190,.T.);
#3425=FACE_BOUND('',#3191,.T.);
#3426=FACE_BOUND('',#3192,.T.);
#3427=FACE_BOUND('',#3193,.T.);
#3428=FACE_BOUND('',#3194,.T.);
#3429=FACE_BOUND('',#3195,.T.);
#3430=FACE_BOUND('',#3196,.T.);
#3431=FACE_BOUND('',#3197,.T.);
#3432=FACE_BOUND('',#3198,.T.);
#3433=FACE_BOUND('',#3199,.T.);
#3434=FACE_BOUND('',#3200,.T.);
#3435=FACE_BOUND('',#3201,.T.);
#3436=FACE_BOUND('',#3202,.T.);
#3437=FACE_BOUND('',#3203,.T.);
#3438=FACE_BOUND('',#3204,.T.);
#3439=FACE_BOUND('',#3205,.T.);
#3440=FACE_BOUND('',#3206,.T.);
#3441=FACE_BOUND('',#3207,.T.);
#3442=FACE_BOUND('',#3208,.T.);
#3443=FACE_BOUND('',#3209,.T.);
#3444=FACE_BOUND('',#3210,.T.);
#3445=FACE_BOUND('',#3211,.T.);
#3446=FACE_BOUND('',#3212,.T.);
#3447=FACE_BOUND('',#3213,.T.);
#3448=FACE_BOUND('',#3214,.T.);
#3449=FACE_BOUND('',#3215,.T.);
#3450=FACE_BOUND('',#3216,.T.);
#3451=FACE_BOUND('',#3217,.T.);
#3452=FACE_BOUND('',#3218,.T.);
#3453=FACE_BOUND('',#3219,.T.);
#3454=FACE_BOUND('',#3220,.T.);
#3455=FACE_BOUND('',#3221,.T.);
#3456=FACE_BOUND('',#3222,.T.);
#3457=FACE_BOUND('',#3223,.T.);
#3458=FACE_BOUND('',#3224,.T.);
#3459=FACE_BOUND('',#3225,.T.);
#3460=FACE_BOUND('',#3226,.T.);
#3461=FACE_BOUND('',#3227,.T.);
#3462=FACE_BOUND('',#3228,.T.);
#3463=FACE_BOUND('',#3229,.T.);
#3464=FACE_BOUND('',#3230,.T.);
#3465=FACE_BOUND('',#3231,.T.);
#3466=FACE_BOUND('',#3232,.T.);
#3467=FACE_BOUND('',#3233,.T.);
#3468=FACE_BOUND('',#3234,.T.);
#3469=FACE_BOUND('',#3235,.T.);
#3470=FACE_BOUND('',#3236,.T.);
#3471=FACE_BOUND('',#3237,.T.);
#3472=FACE_BOUND('',#3238,.T.);
#3473=FACE_BOUND('',#3239,.T.);
#3474=FACE_BOUND('',#3240,.T.);
#3475=FACE_BOUND('',#3241,.T.);
#3476=FACE_BOUND('',#3242,.T.);
#3477=FACE_BOUND('',#3243,.T.);
#3478=FACE_BOUND('',#3244,.T.);
#3479=FACE_BOUND('',#3245,.T.);
#3480=FACE_BOUND('',#3246,.T.);
#3481=FACE_BOUND('',#3247,.T.);
#3482=FACE_BOUND('',#3248,.T.);
#3483=FACE_BOUND('',#3249,.T.);
#3484=FACE_BOUND('',#3250,.T.);
#3485=FACE_BOUND('',#3251,.T.);
#3486=FACE_BOUND('',#3252,.T.);
#3487=FACE_BOUND('',#3253,.T.);
#3488=FACE_BOUND('',#3254,.T.);
#3489=FACE_BOUND('',#3255,.T.);
#3490=FACE_BOUND('',#3256,.T.);
#3491=FACE_BOUND('',#3257,.T.);
#3492=FACE_BOUND('',#3258,.T.);
#3493=FACE_BOUND('',#3259,.T.);
#3494=FACE_BOUND('',#3260,.T.);
#3495=FACE_BOUND('',#3261,.T.);
#3496=FACE_BOUND('',#3262,.T.);
#3497=FACE_BOUND('',#3263,.T.);
#3498=FACE_BOUND('',#3264,.T.);
#3499=FACE_BOUND('',#3265,.T.);
#3500=FACE_BOUND('',#3266,.T.);
#3501=FACE_BOUND('',#3267,.T.);
#3502=FACE_BOUND('',#3268,.T.);
#3503=FACE_BOUND('',#3269,.T.);
#3504=FACE_BOUND('',#3270,.T.);
#3505=FACE_BOUND('',#3271,.T.);
#3506=FACE_BOUND('',#3272,.T.);
#3507=FACE_BOUND('',#3273,.T.);
#3508=FACE_BOUND('',#3274,.T.);
#3509=FACE_BOUND('',#3275,.T.);
#3510=FACE_BOUND('',#3276,.T.);
#3511=FACE_BOUND('',#3277,.T.);
#3512=FACE_BOUND('',#3278,.T.);
#3513=FACE_BOUND('',#3279,.T.);
#3514=FACE_BOUND('',#3280,.T.);
#3515=FACE_BOUND('',#3281,.T.);
#3516=FACE_BOUND('',#3282,.T.);
#3517=FACE_BOUND('',#3283,.T.);
#3518=FACE_BOUND('',#3284,.T.);
#3519=FACE_BOUND('',#3285,.T.);
#3520=FACE_BOUND('',#3286,.T.);
#3521=FACE_BOUND('',#3287,.T.);
#3522=FACE_BOUND('',#3288,.T.);
#3523=FACE_BOUND('',#3289,.T.);
#3524=FACE_BOUND('',#3290,.T.);
#3525=FACE_BOUND('',#3291,.T.);
#3526=FACE_BOUND('',#3292,.T.);
#3527=FACE_BOUND('',#3293,.T.);
#3528=FACE_BOUND('',#3294,.T.);
#3529=FACE_BOUND('',#3295,.T.);
#3530=FACE_BOUND('',#3296,.T.);
#3531=FACE_BOUND('',#3297,.T.);
#3532=FACE_BOUND('',#3298,.T.);
#3533=FACE_BOUND('',#3299,.T.);
#3534=FACE_BOUND('',#3300,.T.);
#3535=FACE_BOUND('',#3301,.T.);
#3536=FACE_BOUND('',#3302,.T.);
#3537=FACE_BOUND('',#3303,.T.);
#3538=FACE_BOUND('',#3304,.T.);
#3539=FACE_BOUND('',#3305,.T.);
#3540=FACE_BOUND('',#3306,.T.);
#3541=FACE_BOUND('',#3307,.T.);
#3542=FACE_BOUND('',#3308,.T.);
#3543=FACE_BOUND('',#3309,.T.);
#3544=FACE_BOUND('',#3310,.T.);
#3545=FACE_BOUND('',#3311,.T.);
#3546=FACE_BOUND('',#3312,.T.);
#3547=FACE_BOUND('',#3313,.T.);
#3548=FACE_BOUND('',#3314,.T.);
#3549=FACE_BOUND('',#3315,.T.);
#3550=FACE_BOUND('',#3316,.T.);
#3551=FACE_BOUND('',#3317,.T.);
#3552=FACE_BOUND('',#3318,.T.);
#3553=FACE_BOUND('',#3319,.T.);
#3554=FACE_BOUND('',#3320,.T.);
#3555=FACE_BOUND('',#3321,.T.);
#3556=FACE_BOUND('',#3322,.T.);
#3557=FACE_BOUND('',#3323,.T.);
#3558=FACE_BOUND('',#3324,.T.);
#3559=FACE_BOUND('',#3325,.T.);
#3560=FACE_BOUND('',#3326,.T.);
#3561=FACE_BOUND('',#3327,.T.);
#3562=FACE_BOUND('',#3328,.T.);
#3563=FACE_BOUND('',#3329,.T.);
#3564=FACE_BOUND('',#3330,.T.);
#3565=FACE_BOUND('',#3331,.T.);
#3566=FACE_BOUND('',#3332,.T.);
#3567=FACE_BOUND('',#3333,.T.);
#3568=FACE_BOUND('',#3334,.T.);
#3569=FACE_BOUND('',#3335,.T.);
#3570=FACE_BOUND('',#3336,.T.);
#3571=FACE_BOUND('',#3337,.T.);
#3572=FACE_BOUND('',#3338,.T.);
#3573=PLANE('',#3893);
#3574=PLANE('',#3905);
#3575=PLANE('',#3910);
#3576=PLANE('',#3915);
#3577=PLANE('',#3916);
#3578=PLANE('',#3917);
#3579=PLANE('',#3918);
#3580=PLANE('',#3919);
#3581=PLANE('',#3920);
#3582=PLANE('',#3921);
#3583=PLANE('',#3930);
#3584=PLANE('',#3937);
#3585=PLANE('',#3940);
#3586=PLANE('',#3945);
#3587=PLANE('',#3946);
#3588=PLANE('',#3947);
#3589=PLANE('',#3948);
#3590=PLANE('',#3953);
#3591=PLANE('',#3955);
#3592=PLANE('',#3956);
#3593=PLANE('',#3961);
#3594=PLANE('',#3963);
#3595=PLANE('',#3964);
#3596=PLANE('',#3969);
#3597=PLANE('',#3979);
#3598=PLANE('',#3981);
#3599=PLANE('',#3983);
#3600=PLANE('',#3985);
#3601=PLANE('',#3994);
#3602=PLANE('',#3995);
#3603=PLANE('',#3996);
#3604=PLANE('',#3997);
#3605=PLANE('',#3998);
#3606=PLANE('',#3999);
#3607=PLANE('',#4000);
#3608=PLANE('',#4003);
#3609=PLANE('',#4004);
#3610=PLANE('',#4005);
#3611=PLANE('',#4006);
#3612=PLANE('',#4007);
#3613=PLANE('',#4008);
#3614=PLANE('',#4009);
#3615=PLANE('',#4010);
#3616=PLANE('',#4011);
#3617=PLANE('',#4012);
#3618=PLANE('',#4013);
#3619=PLANE('',#4014);
#3620=PLANE('',#4015);
#3621=PLANE('',#4018);
#3622=PLANE('',#4019);
#3623=PLANE('',#4020);
#3624=PLANE('',#4021);
#3625=PLANE('',#4022);
#3626=PLANE('',#4023);
#3627=PLANE('',#4026);
#3628=PLANE('',#4027);
#3629=PLANE('',#4028);
#3630=PLANE('',#4029);
#3631=PLANE('',#4030);
#3632=PLANE('',#4031);
#3633=PLANE('',#4032);
#3634=PLANE('',#4033);
#3635=PLANE('',#4034);
#3636=PLANE('',#4035);
#3637=PLANE('',#4036);
#3638=PLANE('',#4037);
#3639=PLANE('',#4038);
#3640=PLANE('',#4039);
#3641=PLANE('',#4040);
#3642=PLANE('',#4041);
#3643=PLANE('',#4042);
#3644=PLANE('',#4043);
#3645=PLANE('',#4044);
#3646=PLANE('',#4045);
#3647=PLANE('',#4046);
#3648=PLANE('',#4047);
#3649=PLANE('',#4048);
#3650=PLANE('',#4049);
#3651=PLANE('',#4050);
#3652=PLANE('',#4051);
#3653=PLANE('',#4052);
#3654=PLANE('',#4053);
#3655=PLANE('',#4054);
#3656=PLANE('',#4055);
#3657=PLANE('',#4056);
#3658=PLANE('',#4057);
#3659=PLANE('',#4058);
#3660=PLANE('',#4059);
#3661=PLANE('',#4060);
#3662=PLANE('',#4061);
#3663=PLANE('',#4062);
#3664=PLANE('',#4063);
#3665=PLANE('',#4064);
#3666=PLANE('',#4065);
#3667=PLANE('',#4066);
#3668=PLANE('',#4067);
#3669=PLANE('',#4068);
#3670=PLANE('',#4069);
#3671=PLANE('',#4070);
#3672=PLANE('',#4071);
#3673=ADVANCED_FACE('',(#3339,#3340,#3341,#3342,#3343,#3344,#3345,#3346,
#3347,#3348,#3349,#3350),#3573,.F.);
#3674=ADVANCED_FACE('',(#3351,#3352),#3574,.F.);
#3675=ADVANCED_FACE('',(#3353,#3354),#3575,.T.);
#3676=ADVANCED_FACE('',(#3355),#3576,.F.);
#3677=ADVANCED_FACE('',(#3356),#3577,.F.);
#3678=ADVANCED_FACE('',(#3357),#3578,.T.);
#3679=ADVANCED_FACE('',(#3358),#3579,.F.);
#3680=ADVANCED_FACE('',(#3359),#3580,.T.);
#3681=ADVANCED_FACE('',(#3360),#3581,.T.);
#3682=ADVANCED_FACE('',(#3361,#3362),#3582,.T.);
#3683=ADVANCED_FACE('',(#3363),#3583,.T.);
#3684=ADVANCED_FACE('',(#3364),#3584,.F.);
#3685=ADVANCED_FACE('',(#3365),#90,.T.);
#3686=ADVANCED_FACE('',(#3366),#3585,.T.);
#3687=ADVANCED_FACE('',(#3367),#91,.T.);
#3688=ADVANCED_FACE('',(#3368,#3369),#92,.F.);
#3689=ADVANCED_FACE('',(#3370),#3586,.T.);
#3690=ADVANCED_FACE('',(#3371,#3372),#3587,.T.);
#3691=ADVANCED_FACE('',(#3373),#3588,.T.);
#3692=ADVANCED_FACE('',(#3374),#3589,.F.);
#3693=ADVANCED_FACE('',(#3375),#93,.T.);
#3694=ADVANCED_FACE('',(#3376,#3377),#94,.F.);
#3695=ADVANCED_FACE('',(#3378,#3379),#3590,.T.);
#3696=ADVANCED_FACE('',(#3380),#3591,.T.);
#3697=ADVANCED_FACE('',(#3381),#3592,.F.);
#3698=ADVANCED_FACE('',(#3382),#95,.T.);
#3699=ADVANCED_FACE('',(#3383,#3384),#96,.F.);
#3700=ADVANCED_FACE('',(#3385,#3386),#3593,.T.);
#3701=ADVANCED_FACE('',(#3387),#3594,.T.);
#3702=ADVANCED_FACE('',(#3388),#3595,.F.);
#3703=ADVANCED_FACE('',(#3389),#97,.T.);
#3704=ADVANCED_FACE('',(#3390,#3391),#98,.F.);
#3705=ADVANCED_FACE('',(#3392,#3393),#3596,.T.);
#3706=ADVANCED_FACE('',(#3394),#99,.T.);
#3707=ADVANCED_FACE('',(#3395),#100,.T.);
#3708=ADVANCED_FACE('',(#3396),#101,.T.);
#3709=ADVANCED_FACE('',(#3397),#102,.T.);
#3710=ADVANCED_FACE('',(#3398),#3597,.T.);
#3711=ADVANCED_FACE('',(#3399),#103,.F.);
#3712=ADVANCED_FACE('',(#3400),#3598,.T.);
#3713=ADVANCED_FACE('',(#3401),#104,.F.);
#3714=ADVANCED_FACE('',(#3402),#3599,.T.);
#3715=ADVANCED_FACE('',(#3403),#105,.F.);
#3716=ADVANCED_FACE('',(#3404),#3600,.T.);
#3717=ADVANCED_FACE('',(#3405),#106,.F.);
#3718=ADVANCED_FACE('',(#3406),#107,.F.);
#3719=ADVANCED_FACE('',(#3407),#108,.F.);
#3720=ADVANCED_FACE('',(#3408),#109,.F.);
#3721=ADVANCED_FACE('',(#3409),#110,.F.);
#3722=ADVANCED_FACE('',(#3410),#16,.T.);
#3723=ADVANCED_FACE('',(#3411),#17,.T.);
#3724=ADVANCED_FACE('',(#3412),#18,.T.);
#3725=ADVANCED_FACE('',(#3413),#19,.T.);
#3726=ADVANCED_FACE('',(#3414),#111,.T.);
#3727=ADVANCED_FACE('',(#3415),#20,.T.);
#3728=ADVANCED_FACE('',(#3416),#21,.T.);
#3729=ADVANCED_FACE('',(#3417),#3601,.T.);
#3730=ADVANCED_FACE('',(#3418),#22,.T.);
#3731=ADVANCED_FACE('',(#3419),#23,.T.);
#3732=ADVANCED_FACE('',(#3420),#3602,.T.);
#3733=ADVANCED_FACE('',(#3421),#3603,.T.);
#3734=ADVANCED_FACE('',(#3422),#3604,.T.);
#3735=ADVANCED_FACE('',(#3423),#3605,.T.);
#3736=ADVANCED_FACE('',(#3424),#3606,.T.);
#3737=ADVANCED_FACE('',(#3425),#3607,.T.);
#3738=ADVANCED_FACE('',(#3426),#112,.F.);
#3739=ADVANCED_FACE('',(#3427),#3608,.T.);
#3740=ADVANCED_FACE('',(#3428),#24,.T.);
#3741=ADVANCED_FACE('',(#3429),#25,.T.);
#3742=ADVANCED_FACE('',(#3430),#26,.T.);
#3743=ADVANCED_FACE('',(#3431),#27,.T.);
#3744=ADVANCED_FACE('',(#3432),#28,.T.);
#3745=ADVANCED_FACE('',(#3433,#3434),#3609,.T.);
#3746=ADVANCED_FACE('',(#3435),#3610,.T.);
#3747=ADVANCED_FACE('',(#3436),#3611,.T.);
#3748=ADVANCED_FACE('',(#3437),#29,.T.);
#3749=ADVANCED_FACE('',(#3438),#30,.T.);
#3750=ADVANCED_FACE('',(#3439),#31,.T.);
#3751=ADVANCED_FACE('',(#3440),#32,.T.);
#3752=ADVANCED_FACE('',(#3441),#3612,.T.);
#3753=ADVANCED_FACE('',(#3442),#3613,.T.);
#3754=ADVANCED_FACE('',(#3443),#3614,.T.);
#3755=ADVANCED_FACE('',(#3444),#33,.T.);
#3756=ADVANCED_FACE('',(#3445),#34,.T.);
#3757=ADVANCED_FACE('',(#3446),#35,.T.);
#3758=ADVANCED_FACE('',(#3447),#3615,.T.);
#3759=ADVANCED_FACE('',(#3448),#36,.T.);
#3760=ADVANCED_FACE('',(#3449),#37,.T.);
#3761=ADVANCED_FACE('',(#3450),#3616,.T.);
#3762=ADVANCED_FACE('',(#3451),#3617,.T.);
#3763=ADVANCED_FACE('',(#3452),#38,.T.);
#3764=ADVANCED_FACE('',(#3453),#39,.T.);
#3765=ADVANCED_FACE('',(#3454),#40,.T.);
#3766=ADVANCED_FACE('',(#3455),#41,.T.);
#3767=ADVANCED_FACE('',(#3456),#42,.T.);
#3768=ADVANCED_FACE('',(#3457),#43,.T.);
#3769=ADVANCED_FACE('',(#3458),#3618,.T.);
#3770=ADVANCED_FACE('',(#3459),#44,.T.);
#3771=ADVANCED_FACE('',(#3460,#3461),#3619,.T.);
#3772=ADVANCED_FACE('',(#3462),#45,.T.);
#3773=ADVANCED_FACE('',(#3463),#46,.T.);
#3774=ADVANCED_FACE('',(#3464),#47,.T.);
#3775=ADVANCED_FACE('',(#3465),#48,.T.);
#3776=ADVANCED_FACE('',(#3466),#49,.T.);
#3777=ADVANCED_FACE('',(#3467),#50,.T.);
#3778=ADVANCED_FACE('',(#3468),#3620,.T.);
#3779=ADVANCED_FACE('',(#3469),#51,.T.);
#3780=ADVANCED_FACE('',(#3470),#113,.F.);
#3781=ADVANCED_FACE('',(#3471),#52,.T.);
#3782=ADVANCED_FACE('',(#3472),#53,.T.);
#3783=ADVANCED_FACE('',(#3473),#54,.T.);
#3784=ADVANCED_FACE('',(#3474),#55,.T.);
#3785=ADVANCED_FACE('',(#3475),#56,.T.);
#3786=ADVANCED_FACE('',(#3476),#3621,.T.);
#3787=ADVANCED_FACE('',(#3477),#3622,.T.);
#3788=ADVANCED_FACE('',(#3478),#3623,.T.);
#3789=ADVANCED_FACE('',(#3479),#3624,.T.);
#3790=ADVANCED_FACE('',(#3480),#3625,.T.);
#3791=ADVANCED_FACE('',(#3481),#3626,.T.);
#3792=ADVANCED_FACE('',(#3482),#114,.F.);
#3793=ADVANCED_FACE('',(#3483),#3627,.T.);
#3794=ADVANCED_FACE('',(#3484),#57,.T.);
#3795=ADVANCED_FACE('',(#3485,#3486),#3628,.T.);
#3796=ADVANCED_FACE('',(#3487),#3629,.T.);
#3797=ADVANCED_FACE('',(#3488),#3630,.T.);
#3798=ADVANCED_FACE('',(#3489),#58,.T.);
#3799=ADVANCED_FACE('',(#3490),#59,.T.);
#3800=ADVANCED_FACE('',(#3491),#60,.T.);
#3801=ADVANCED_FACE('',(#3492),#61,.T.);
#3802=ADVANCED_FACE('',(#3493),#3631,.T.);
#3803=ADVANCED_FACE('',(#3494),#3632,.T.);
#3804=ADVANCED_FACE('',(#3495),#3633,.T.);
#3805=ADVANCED_FACE('',(#3496),#62,.T.);
#3806=ADVANCED_FACE('',(#3497),#63,.T.);
#3807=ADVANCED_FACE('',(#3498),#64,.T.);
#3808=ADVANCED_FACE('',(#3499),#3634,.T.);
#3809=ADVANCED_FACE('',(#3500),#65,.T.);
#3810=ADVANCED_FACE('',(#3501),#66,.T.);
#3811=ADVANCED_FACE('',(#3502),#3635,.T.);
#3812=ADVANCED_FACE('',(#3503),#3636,.T.);
#3813=ADVANCED_FACE('',(#3504),#67,.T.);
#3814=ADVANCED_FACE('',(#3505),#68,.T.);
#3815=ADVANCED_FACE('',(#3506),#69,.T.);
#3816=ADVANCED_FACE('',(#3507),#70,.T.);
#3817=ADVANCED_FACE('',(#3508),#71,.T.);
#3818=ADVANCED_FACE('',(#3509),#72,.T.);
#3819=ADVANCED_FACE('',(#3510),#3637,.T.);
#3820=ADVANCED_FACE('',(#3511),#73,.T.);
#3821=ADVANCED_FACE('',(#3512,#3513),#3638,.T.);
#3822=ADVANCED_FACE('',(#3514),#3639,.T.);
#3823=ADVANCED_FACE('',(#3515),#3640,.T.);
#3824=ADVANCED_FACE('',(#3516),#3641,.T.);
#3825=ADVANCED_FACE('',(#3517),#3642,.T.);
#3826=ADVANCED_FACE('',(#3518),#3643,.T.);
#3827=ADVANCED_FACE('',(#3519),#3644,.T.);
#3828=ADVANCED_FACE('',(#3520),#3645,.T.);
#3829=ADVANCED_FACE('',(#3521),#74,.T.);
#3830=ADVANCED_FACE('',(#3522),#75,.T.);
#3831=ADVANCED_FACE('',(#3523),#76,.T.);
#3832=ADVANCED_FACE('',(#3524),#77,.T.);
#3833=ADVANCED_FACE('',(#3525),#3646,.T.);
#3834=ADVANCED_FACE('',(#3526),#3647,.T.);
#3835=ADVANCED_FACE('',(#3527),#3648,.T.);
#3836=ADVANCED_FACE('',(#3528),#78,.T.);
#3837=ADVANCED_FACE('',(#3529),#79,.T.);
#3838=ADVANCED_FACE('',(#3530),#80,.T.);
#3839=ADVANCED_FACE('',(#3531),#3649,.T.);
#3840=ADVANCED_FACE('',(#3532),#81,.T.);
#3841=ADVANCED_FACE('',(#3533),#82,.T.);
#3842=ADVANCED_FACE('',(#3534),#3650,.T.);
#3843=ADVANCED_FACE('',(#3535),#3651,.T.);
#3844=ADVANCED_FACE('',(#3536),#83,.T.);
#3845=ADVANCED_FACE('',(#3537),#84,.T.);
#3846=ADVANCED_FACE('',(#3538),#85,.T.);
#3847=ADVANCED_FACE('',(#3539),#86,.T.);
#3848=ADVANCED_FACE('',(#3540),#87,.T.);
#3849=ADVANCED_FACE('',(#3541),#88,.T.);
#3850=ADVANCED_FACE('',(#3542),#3652,.T.);
#3851=ADVANCED_FACE('',(#3543),#89,.T.);
#3852=ADVANCED_FACE('',(#3544,#3545),#3653,.T.);
#3853=ADVANCED_FACE('',(#3546),#3654,.T.);
#3854=ADVANCED_FACE('',(#3547),#3655,.T.);
#3855=ADVANCED_FACE('',(#3548),#3656,.T.);
#3856=ADVANCED_FACE('',(#3549),#3657,.T.);
#3857=ADVANCED_FACE('',(#3550),#3658,.T.);
#3858=ADVANCED_FACE('',(#3551),#3659,.T.);
#3859=ADVANCED_FACE('',(#3552),#3660,.T.);
#3860=ADVANCED_FACE('',(#3553),#3661,.T.);
#3861=ADVANCED_FACE('',(#3554),#3662,.T.);
#3862=ADVANCED_FACE('',(#3555),#3663,.T.);
#3863=ADVANCED_FACE('',(#3556),#3664,.T.);
#3864=ADVANCED_FACE('',(#3557),#3665,.T.);
#3865=ADVANCED_FACE('',(#3558),#3666,.T.);
#3866=ADVANCED_FACE('',(#3559),#3667,.T.);
#3867=ADVANCED_FACE('',(#3560),#3668,.F.);
#3868=ADVANCED_FACE('',(#3561),#3669,.F.);
#3869=ADVANCED_FACE('',(#3562),#3670,.F.);
#3870=ADVANCED_FACE('',(#3563),#3671,.F.);
#3871=ADVANCED_FACE('',(#3564),#3672,.F.);
#3872=ADVANCED_FACE('',(#3565),#12,.T.);
#3873=ADVANCED_FACE('',(#3566),#115,.T.);
#3874=ADVANCED_FACE('',(#3567),#116,.T.);
#3875=ADVANCED_FACE('',(#3568),#13,.T.);
#3876=ADVANCED_FACE('',(#3569),#14,.T.);
#3877=ADVANCED_FACE('',(#3570),#117,.T.);
#3878=ADVANCED_FACE('',(#3571),#118,.T.);
#3879=ADVANCED_FACE('',(#3572),#15,.T.);
#3880=CLOSED_SHELL('',(#3673,#3674,#3675,#3676,#3677,#3678,#3679,#3680,
#3681,#3682,#3683,#3684,#3685,#3686,#3687,#3688,#3689,#3690,#3691,#3692,
#3693,#3694,#3695,#3696,#3697,#3698,#3699,#3700,#3701,#3702,#3703,#3704,
#3705,#3706,#3707,#3708,#3709,#3710,#3711,#3712,#3713,#3714,#3715,#3716,
#3717,#3718,#3719,#3720,#3721,#3722,#3723,#3724,#3725,#3726,#3727,#3728,
#3729,#3730,#3731,#3732,#3733,#3734,#3735,#3736,#3737,#3738,#3739,#3740,
#3741,#3742,#3743,#3744,#3745,#3746,#3747,#3748,#3749,#3750,#3751,#3752,
#3753,#3754,#3755,#3756,#3757,#3758,#3759,#3760,#3761,#3762,#3763,#3764,
#3765,#3766,#3767,#3768,#3769,#3770,#3771,#3772,#3773,#3774,#3775,#3776,
#3777,#3778,#3779,#3780,#3781,#3782,#3783,#3784,#3785,#3786,#3787,#3788,
#3789,#3790,#3791,#3792,#3793,#3794,#3795,#3796,#3797,#3798,#3799,#3800,
#3801,#3802,#3803,#3804,#3805,#3806,#3807,#3808,#3809,#3810,#3811,#3812,
#3813,#3814,#3815,#3816,#3817,#3818,#3819,#3820,#3821,#3822,#3823,#3824,
#3825,#3826,#3827,#3828,#3829,#3830,#3831,#3832,#3833,#3834,#3835,#3836,
#3837,#3838,#3839,#3840,#3841,#3842,#3843,#3844,#3845,#3846,#3847,#3848,
#3849,#3850,#3851,#3852,#3853,#3854,#3855,#3856,#3857,#3858,#3859,#3860,
#3861,#3862,#3863,#3864,#3865,#3866,#3867,#3868,#3869,#3870,#3871,#3872,
#3873,#3874,#3875,#3876,#3877,#3878,#3879));
#3881=STYLED_ITEM('',(#3882),#3889);
#3882=PRESENTATION_STYLE_ASSIGNMENT((#3883));
#3883=SURFACE_STYLE_USAGE(.BOTH.,#3884);
#3884=SURFACE_SIDE_STYLE('',(#3885));
#3885=SURFACE_STYLE_FILL_AREA(#3886);
#3886=FILL_AREA_STYLE('',(#3887));
#3887=FILL_AREA_STYLE_COLOUR('',#3888);
#3888=COLOUR_RGB('',0.227450980392157,0.227450980392157,0.227450980392157);
#3889=MANIFOLD_SOLID_BREP('Bottom',#3880);
#3890=SHAPE_DEFINITION_REPRESENTATION(#6802,#3891);
#3891=SHAPE_REPRESENTATION('Bottom',(#3892),#6797);
#3892=AXIS2_PLACEMENT_3D('',#4834,#4088,#4089);
#3893=AXIS2_PLACEMENT_3D('',#4835,#4090,#4091);
#3894=AXIS2_PLACEMENT_3D('',#4839,#4093,#4094);
#3895=AXIS2_PLACEMENT_3D('',#4843,#4096,#4097);
#3896=AXIS2_PLACEMENT_3D('',#4847,#4099,#4100);
#3897=AXIS2_PLACEMENT_3D('',#4851,#4102,#4103);
#3898=AXIS2_PLACEMENT_3D('',#5026,#4125,#4126);
#3899=AXIS2_PLACEMENT_3D('',#5028,#4127,#4128);
#3900=AXIS2_PLACEMENT_3D('',#5030,#4129,#4130);
#3901=AXIS2_PLACEMENT_3D('',#5032,#4131,#4132);
#3902=AXIS2_PLACEMENT_3D('',#5057,#4134,#4135);
#3903=AXIS2_PLACEMENT_3D('',#5081,#4143,#4144);
#3904=AXIS2_PLACEMENT_3D('',#5115,#4151,#4152);
#3905=AXIS2_PLACEMENT_3D('',#5150,#4170,#4171);
#3906=AXIS2_PLACEMENT_3D('',#5159,#4176,#4177);
#3907=AXIS2_PLACEMENT_3D('',#5164,#4179,#4180);
#3908=AXIS2_PLACEMENT_3D('',#5168,#4182,#4183);
#3909=AXIS2_PLACEMENT_3D('',#5172,#4185,#4186);
#3910=AXIS2_PLACEMENT_3D('',#5175,#4188,#4189);
#3911=AXIS2_PLACEMENT_3D('',#5188,#4196,#4197);
#3912=AXIS2_PLACEMENT_3D('',#5193,#4199,#4200);
#3913=AXIS2_PLACEMENT_3D('',#5197,#4202,#4203);
#3914=AXIS2_PLACEMENT_3D('',#5201,#4205,#4206);
#3915=AXIS2_PLACEMENT_3D('',#5204,#4208,#4209);
#3916=AXIS2_PLACEMENT_3D('',#5221,#4218,#4219);
#3917=AXIS2_PLACEMENT_3D('',#5242,#4230,#4231);
#3918=AXIS2_PLACEMENT_3D('',#5251,#4236,#4237);
#3919=AXIS2_PLACEMENT_3D('',#5260,#4242,#4243);
#3920=AXIS2_PLACEMENT_3D('',#5269,#4248,#4249);
#3921=AXIS2_PLACEMENT_3D('',#5286,#4258,#4259);
#3922=AXIS2_PLACEMENT_3D('',#5287,#4260,#4261);
#3923=AXIS2_PLACEMENT_3D('',#5288,#4262,#4263);
#3924=AXIS2_PLACEMENT_3D('',#5289,#4264,#4265);
#3925=AXIS2_PLACEMENT_3D('',#5290,#4266,#4267);
#3926=AXIS2_PLACEMENT_3D('',#5291,#4268,#4269);
#3927=AXIS2_PLACEMENT_3D('',#5292,#4270,#4271);
#3928=AXIS2_PLACEMENT_3D('',#5293,#4272,#4273);
#3929=AXIS2_PLACEMENT_3D('',#5294,#4274,#4275);
#3930=AXIS2_PLACEMENT_3D('',#5295,#4276,#4277);
#3931=AXIS2_PLACEMENT_3D('',#5296,#4278,#4279);
#3932=AXIS2_PLACEMENT_3D('',#5299,#4281,#4282);
#3933=AXIS2_PLACEMENT_3D('',#5303,#4284,#4285);
#3934=AXIS2_PLACEMENT_3D('',#5308,#4288,#4289);
#3935=AXIS2_PLACEMENT_3D('',#5313,#4292,#4293);
#3936=AXIS2_PLACEMENT_3D('',#5318,#4296,#4297);
#3937=AXIS2_PLACEMENT_3D('',#5321,#4299,#4300);
#3938=AXIS2_PLACEMENT_3D('',#5325,#4303,#4304);
#3939=AXIS2_PLACEMENT_3D('',#5328,#4306,#4307);
#3940=AXIS2_PLACEMENT_3D('',#5329,#4308,#4309);
#3941=AXIS2_PLACEMENT_3D('',#5333,#4312,#4313);
#3942=AXIS2_PLACEMENT_3D('',#5336,#4315,#4316);
#3943=AXIS2_PLACEMENT_3D('',#5337,#4317,#4318);
#3944=AXIS2_PLACEMENT_3D('',#5338,#4319,#4320);
#3945=AXIS2_PLACEMENT_3D('',#5340,#4321,#4322);
#3946=AXIS2_PLACEMENT_3D('',#5342,#4324,#4325);
#3947=AXIS2_PLACEMENT_3D('',#5343,#4326,#4327);
#3948=AXIS2_PLACEMENT_3D('',#5347,#4330,#4331);
#3949=AXIS2_PLACEMENT_3D('',#5351,#4334,#4335);
#3950=AXIS2_PLACEMENT_3D('',#5352,#4336,#4337);
#3951=AXIS2_PLACEMENT_3D('',#5353,#4338,#4339);
#3952=AXIS2_PLACEMENT_3D('',#5354,#4340,#4341);
#3953=AXIS2_PLACEMENT_3D('',#5356,#4342,#4343);
#3954=AXIS2_PLACEMENT_3D('',#5357,#4344,#4345);
#3955=AXIS2_PLACEMENT_3D('',#5358,#4346,#4347);
#3956=AXIS2_PLACEMENT_3D('',#5362,#4350,#4351);
#3957=AXIS2_PLACEMENT_3D('',#5366,#4354,#4355);
#3958=AXIS2_PLACEMENT_3D('',#5367,#4356,#4357);
#3959=AXIS2_PLACEMENT_3D('',#5368,#4358,#4359);
#3960=AXIS2_PLACEMENT_3D('',#5369,#4360,#4361);
#3961=AXIS2_PLACEMENT_3D('',#5371,#4362,#4363);
#3962=AXIS2_PLACEMENT_3D('',#5372,#4364,#4365);
#3963=AXIS2_PLACEMENT_3D('',#5373,#4366,#4367);
#3964=AXIS2_PLACEMENT_3D('',#5377,#4370,#4371);
#3965=AXIS2_PLACEMENT_3D('',#5381,#4374,#4375);
#3966=AXIS2_PLACEMENT_3D('',#5382,#4376,#4377);
#3967=AXIS2_PLACEMENT_3D('',#5383,#4378,#4379);
#3968=AXIS2_PLACEMENT_3D('',#5384,#4380,#4381);
#3969=AXIS2_PLACEMENT_3D('',#5386,#4382,#4383);
#3970=AXIS2_PLACEMENT_3D('',#5387,#4384,#4385);
#3971=AXIS2_PLACEMENT_3D('',#5388,#4386,#4387);
#3972=AXIS2_PLACEMENT_3D('',#5389,#4388,#4389);
#3973=AXIS2_PLACEMENT_3D('',#5390,#4390,#4391);
#3974=AXIS2_PLACEMENT_3D('',#5391,#4392,#4393);
#3975=AXIS2_PLACEMENT_3D('',#5392,#4394,#4395);
#3976=AXIS2_PLACEMENT_3D('',#5393,#4396,#4397);
#3977=AXIS2_PLACEMENT_3D('',#5394,#4398,#4399);
#3978=AXIS2_PLACEMENT_3D('',#5395,#4400,#4401);
#3979=AXIS2_PLACEMENT_3D('',#5396,#4402,#4403);
#3980=AXIS2_PLACEMENT_3D('',#5399,#4406,#4407);
#3981=AXIS2_PLACEMENT_3D('',#5401,#4409,#4410);
#3982=AXIS2_PLACEMENT_3D('',#5403,#4412,#4413);
#3983=AXIS2_PLACEMENT_3D('',#5405,#4415,#4416);
#3984=AXIS2_PLACEMENT_3D('',#5407,#4418,#4419);
#3985=AXIS2_PLACEMENT_3D('',#5409,#4421,#4422);
#3986=AXIS2_PLACEMENT_3D('',#5411,#4424,#4425);
#3987=AXIS2_PLACEMENT_3D('',#5412,#4426,#4427);
#3988=AXIS2_PLACEMENT_3D('',#5413,#4428,#4429);
#3989=AXIS2_PLACEMENT_3D('',#5414,#4430,#4431);
#3990=AXIS2_PLACEMENT_3D('',#5415,#4432,#4433);
#3991=AXIS2_PLACEMENT_3D('',#5487,#4439,#4440);
#3992=AXIS2_PLACEMENT_3D('',#5488,#4441,#4442);
#3993=AXIS2_PLACEMENT_3D('',#5492,#4444,#4445);
#3994=AXIS2_PLACEMENT_3D('',#5527,#4448,#4449);
#3995=AXIS2_PLACEMENT_3D('',#5561,#4456,#4457);
#3996=AXIS2_PLACEMENT_3D('',#5565,#4460,#4461);
#3997=AXIS2_PLACEMENT_3D('',#5569,#4464,#4465);
#3998=AXIS2_PLACEMENT_3D('',#5573,#4468,#4469);
#3999=AXIS2_PLACEMENT_3D('',#5577,#4472,#4473);
#4000=AXIS2_PLACEMENT_3D('',#5581,#4476,#4477);
#4001=AXIS2_PLACEMENT_3D('',#5585,#4480,#4481);
#4002=AXIS2_PLACEMENT_3D('',#5588,#4483,#4484);
#4003=AXIS2_PLACEMENT_3D('',#5589,#4485,#4486);
#4004=AXIS2_PLACEMENT_3D('',#5657,#4492,#4493);
#4005=AXIS2_PLACEMENT_3D('',#5658,#4494,#4495);
#4006=AXIS2_PLACEMENT_3D('',#5667,#4500,#4501);
#4007=AXIS2_PLACEMENT_3D('',#5741,#4509,#4510);
#4008=AXIS2_PLACEMENT_3D('',#5747,#4514,#4515);
#4009=AXIS2_PLACEMENT_3D('',#5751,#4518,#4519);
#4010=AXIS2_PLACEMENT_3D('',#5794,#4525,#4526);
#4011=AXIS2_PLACEMENT_3D('',#5824,#4531,#4532);
#4012=AXIS2_PLACEMENT_3D('',#5828,#4535,#4536);
#4013=AXIS2_PLACEMENT_3D('',#5910,#4545,#4546);
#4014=AXIS2_PLACEMENT_3D('',#5926,#4548,#4549);
#4015=AXIS2_PLACEMENT_3D('',#6032,#4557,#4558);
#4016=AXIS2_PLACEMENT_3D('',#6053,#4564,#4565);
#4017=AXIS2_PLACEMENT_3D('',#6056,#4567,#4568);
#4018=AXIS2_PLACEMENT_3D('',#6122,#4574,#4575);
#4019=AXIS2_PLACEMENT_3D('',#6126,#4578,#4579);
#4020=AXIS2_PLACEMENT_3D('',#6130,#4582,#4583);
#4021=AXIS2_PLACEMENT_3D('',#6134,#4586,#4587);
#4022=AXIS2_PLACEMENT_3D('',#6138,#4590,#4591);
#4023=AXIS2_PLACEMENT_3D('',#6142,#4594,#4595);
#4024=AXIS2_PLACEMENT_3D('',#6146,#4598,#4599);
#4025=AXIS2_PLACEMENT_3D('',#6149,#4601,#4602);
#4026=AXIS2_PLACEMENT_3D('',#6150,#4603,#4604);
#4027=AXIS2_PLACEMENT_3D('',#6166,#4606,#4607);
#4028=AXIS2_PLACEMENT_3D('',#6167,#4608,#4609);
#4029=AXIS2_PLACEMENT_3D('',#6176,#4614,#4615);
#4030=AXIS2_PLACEMENT_3D('',#6250,#4623,#4624);
#4031=AXIS2_PLACEMENT_3D('',#6256,#4628,#4629);
#4032=AXIS2_PLACEMENT_3D('',#6260,#4632,#4633);
#4033=AXIS2_PLACEMENT_3D('',#6303,#4639,#4640);
#4034=AXIS2_PLACEMENT_3D('',#6333,#4645,#4646);
#4035=AXIS2_PLACEMENT_3D('',#6337,#4649,#4650);
#4036=AXIS2_PLACEMENT_3D('',#6419,#4659,#4660);
#4037=AXIS2_PLACEMENT_3D('',#6435,#4662,#4663);
#4038=AXIS2_PLACEMENT_3D('',#6436,#4664,#4665);
#4039=AXIS2_PLACEMENT_3D('',#6442,#4669,#4670);
#4040=AXIS2_PLACEMENT_3D('',#6446,#4673,#4674);
#4041=AXIS2_PLACEMENT_3D('',#6450,#4677,#4678);
#4042=AXIS2_PLACEMENT_3D('',#6452,#4680,#4681);
#4043=AXIS2_PLACEMENT_3D('',#6453,#4682,#4683);
#4044=AXIS2_PLACEMENT_3D('',#6462,#4688,#4689);
#4045=AXIS2_PLACEMENT_3D('',#6536,#4697,#4698);
#4046=AXIS2_PLACEMENT_3D('',#6542,#4702,#4703);
#4047=AXIS2_PLACEMENT_3D('',#6546,#4706,#4707);
#4048=AXIS2_PLACEMENT_3D('',#6589,#4713,#4714);
#4049=AXIS2_PLACEMENT_3D('',#6619,#4719,#4720);
#4050=AXIS2_PLACEMENT_3D('',#6623,#4723,#4724);
#4051=AXIS2_PLACEMENT_3D('',#6705,#4733,#4734);
#4052=AXIS2_PLACEMENT_3D('',#6721,#4736,#4737);
#4053=AXIS2_PLACEMENT_3D('',#6722,#4738,#4739);
#4054=AXIS2_PLACEMENT_3D('',#6728,#4743,#4744);
#4055=AXIS2_PLACEMENT_3D('',#6732,#4747,#4748);
#4056=AXIS2_PLACEMENT_3D('',#6736,#4751,#4752);
#4057=AXIS2_PLACEMENT_3D('',#6740,#4755,#4756);
#4058=AXIS2_PLACEMENT_3D('',#6744,#4759,#4760);
#4059=AXIS2_PLACEMENT_3D('',#6748,#4763,#4764);
#4060=AXIS2_PLACEMENT_3D('',#6752,#4767,#4768);
#4061=AXIS2_PLACEMENT_3D('',#6756,#4771,#4772);
#4062=AXIS2_PLACEMENT_3D('',#6760,#4775,#4776);
#4063=AXIS2_PLACEMENT_3D('',#6764,#4779,#4780);
#4064=AXIS2_PLACEMENT_3D('',#6768,#4783,#4784);
#4065=AXIS2_PLACEMENT_3D('',#6772,#4787,#4788);
#4066=AXIS2_PLACEMENT_3D('',#6774,#4790,#4791);
#4067=AXIS2_PLACEMENT_3D('',#6775,#4792,#4793);
#4068=AXIS2_PLACEMENT_3D('',#6776,#4794,#4795);
#4069=AXIS2_PLACEMENT_3D('',#6777,#4796,#4797);
#4070=AXIS2_PLACEMENT_3D('',#6778,#4798,#4799);
#4071=AXIS2_PLACEMENT_3D('',#6779,#4800,#4801);
#4072=AXIS2_PLACEMENT_3D('',#6780,#4802,#4803);
#4073=AXIS2_PLACEMENT_3D('',#6781,#4804,#4805);
#4074=AXIS2_PLACEMENT_3D('',#6782,#4806,#4807);
#4075=AXIS2_PLACEMENT_3D('',#6783,#4808,#4809);
#4076=AXIS2_PLACEMENT_3D('',#6784,#4810,#4811);
#4077=AXIS2_PLACEMENT_3D('',#6785,#4812,#4813);
#4078=AXIS2_PLACEMENT_3D('',#6786,#4814,#4815);
#4079=AXIS2_PLACEMENT_3D('',#6787,#4816,#4817);
#4080=AXIS2_PLACEMENT_3D('',#6788,#4818,#4819);
#4081=AXIS2_PLACEMENT_3D('',#6789,#4820,#4821);
#4082=AXIS2_PLACEMENT_3D('',#6790,#4822,#4823);
#4083=AXIS2_PLACEMENT_3D('',#6791,#4824,#4825);
#4084=AXIS2_PLACEMENT_3D('',#6792,#4826,#4827);
#4085=AXIS2_PLACEMENT_3D('',#6793,#4828,#4829);
#4086=AXIS2_PLACEMENT_3D('',#6794,#4830,#4831);
#4087=AXIS2_PLACEMENT_3D('',#6795,#4832,#4833);
#4088=DIRECTION('',(0.,0.,1.));
#4089=DIRECTION('',(1.,0.,0.));
#4090=DIRECTION('',(0.,0.,1.));
#4091=DIRECTION('',(1.,0.,0.));
#4092=DIRECTION('',(7.30409884621814E-17,1.,0.));
#4093=DIRECTION('',(0.,0.,1.));
#4094=DIRECTION('',(1.,0.,0.));
#4095=DIRECTION('',(-1.,-1.98254111540206E-16,0.));
#4096=DIRECTION('',(0.,0.,1.));
#4097=DIRECTION('',(1.,0.,0.));
#4098=DIRECTION('',(7.30409884621814E-17,1.,0.));
#4099=DIRECTION('',(0.,0.,1.));
#4100=DIRECTION('',(1.,0.,0.));
#4101=DIRECTION('',(-1.,-1.98254111540206E-16,0.));
#4102=DIRECTION('',(0.,0.,1.));
#4103=DIRECTION('',(1.,0.,0.));
#4104=DIRECTION('',(0.362919553441999,0.931820475053784,0.));
#4105=DIRECTION('',(1.,0.,0.));
#4106=DIRECTION('',(-0.999510468287048,0.0312861596333772,0.));
#4107=DIRECTION('',(0.,1.,0.));
#4108=DIRECTION('',(0.439385247314075,0.898298727842108,0.));
#4109=DIRECTION('',(0.,-1.,0.));
#4110=DIRECTION('',(1.,0.,0.));
#4111=DIRECTION('',(0.362919553442,0.931820475053784,0.));
#4112=DIRECTION('',(1.,0.,0.));
#4113=DIRECTION('',(-0.999510468287048,0.0312861596333773,0.));
#4114=DIRECTION('',(0.,1.,0.));
#4115=DIRECTION('',(0.439385247314075,0.898298727842108,0.));
#4116=DIRECTION('',(0.,-1.,0.));
#4117=DIRECTION('',(1.,0.,0.));
#4118=DIRECTION('',(0.362919553441999,0.931820475053784,0.));
#4119=DIRECTION('',(1.,0.,0.));
#4120=DIRECTION('',(-0.999510468287048,0.0312861596333773,0.));
#4121=DIRECTION('',(0.,1.,0.));
#4122=DIRECTION('',(0.439385247314075,0.898298727842108,0.));
#4123=DIRECTION('',(0.,-1.,0.));
#4124=DIRECTION('',(1.,0.,0.));
#4125=DIRECTION('',(0.,0.,1.));
#4126=DIRECTION('',(1.,0.,0.));
#4127=DIRECTION('',(0.,0.,1.));
#4128=DIRECTION('',(1.,0.,0.));
#4129=DIRECTION('',(0.,0.,1.));
#4130=DIRECTION('',(1.,0.,0.));
#4131=DIRECTION('',(0.,0.,1.));
#4132=DIRECTION('',(1.,0.,0.));
#4133=DIRECTION('',(-1.,0.,0.));
#4134=DIRECTION('',(0.,0.,-1.));
#4135=DIRECTION('',(-1.,0.,0.));
#4136=DIRECTION('',(0.,1.,0.));
#4137=DIRECTION('',(-1.,0.,0.));
#4138=DIRECTION('',(0.,-1.,0.));
#4139=DIRECTION('',(1.,0.,0.));
#4140=DIRECTION('',(0.376322186835212,0.926488862154081,0.));
#4141=DIRECTION('',(1.,0.,0.));
#4142=DIRECTION('',(1.,0.,0.));
#4143=DIRECTION('',(0.,0.,-1.));
#4144=DIRECTION('',(-1.,0.,0.));
#4145=DIRECTION('',(0.,-1.,0.));
#4146=DIRECTION('',(1.,0.,0.));
#4147=DIRECTION('',(0.,1.,0.));
#4148=DIRECTION('',(-1.,0.,0.));
#4149=DIRECTION('',(-0.283655857881646,-0.95892614642079,0.));
#4150=DIRECTION('',(-1.,0.,0.));
#4151=DIRECTION('',(0.,0.,-1.));
#4152=DIRECTION('',(-1.,0.,0.));
#4153=DIRECTION('',(1.,0.,0.));
#4154=DIRECTION('',(0.,1.,0.));
#4155=DIRECTION('',(-1.,0.,0.));
#4156=DIRECTION('',(0.,-1.,0.));
#4157=DIRECTION('',(1.,0.,0.));
#4158=DIRECTION('',(0.528054513512332,0.849210474946732,0.));
#4159=DIRECTION('',(0.811985967992525,-0.583676954987296,0.));
#4160=DIRECTION('',(0.,-1.,0.));
#4161=DIRECTION('',(1.,0.,0.));
#4162=DIRECTION('',(0.,1.,0.));
#4163=DIRECTION('',(-1.,0.,0.));
#4164=DIRECTION('',(0.,-1.,0.));
#4165=DIRECTION('',(-0.577933163743011,0.81608409998357,0.));
#4166=DIRECTION('',(-0.623343236923017,0.781948341632832,0.));
#4167=DIRECTION('',(-1.,0.,0.));
#4168=DIRECTION('',(0.619090052014246,-0.785320003245173,0.));
#4169=DIRECTION('',(-0.53336808488903,-0.845883257915541,0.));
#4170=DIRECTION('',(1.98254111540206E-16,-1.,0.));
#4171=DIRECTION('',(1.,1.98254111540206E-16,0.));
#4172=DIRECTION('',(0.,0.,-1.));
#4173=DIRECTION('',(-1.,-1.98254111540206E-16,0.));
#4174=DIRECTION('',(0.,0.,-1.));
#4175=DIRECTION('',(-1.,-1.98254111540206E-16,0.));
#4176=DIRECTION('',(-1.98254111540206E-16,1.,0.));
#4177=DIRECTION('',(-1.,-1.98254111540206E-16,0.));
#4178=DIRECTION('',(0.,0.,-1.));
#4179=DIRECTION('',(-1.98254111540206E-16,1.,0.));
#4180=DIRECTION('',(-1.,-1.98254111540206E-16,0.));
#4181=DIRECTION('',(1.,1.98254111540206E-16,0.));
#4182=DIRECTION('',(-1.98254111540206E-16,1.,0.));
#4183=DIRECTION('',(-1.,-1.98254111540206E-16,0.));
#4184=DIRECTION('',(0.,0.,1.));
#4185=DIRECTION('',(-1.98254111540206E-16,1.,0.));
#4186=DIRECTION('',(-1.,-1.98254111540206E-16,0.));
#4187=DIRECTION('',(-1.,-1.98254111540206E-16,0.));
#4188=DIRECTION('',(2.10269512239613E-16,-1.,0.));
#4189=DIRECTION('',(1.,2.10269512239613E-16,0.));
#4190=DIRECTION('',(-1.,-2.10269512239613E-16,0.));
#4191=DIRECTION('',(0.,0.,-1.));
#4192=DIRECTION('',(-1.,-2.10269512239613E-16,0.));
#4193=DIRECTION('',(0.,0.,-1.));
#4194=DIRECTION('',(-1.,-2.10269512239613E-16,0.));
#4195=DIRECTION('',(0.,0.,-1.));
#4196=DIRECTION('',(2.10269512239613E-16,-1.,0.));
#4197=DIRECTION('',(1.,2.10269512239613E-16,0.));
#4198=DIRECTION('',(0.,0.,-1.));
#4199=DIRECTION('',(2.10269512239613E-16,-1.,0.));
#4200=DIRECTION('',(1.,2.10269512239613E-16,0.));
#4201=DIRECTION('',(-1.,-2.10269512239613E-16,0.));
#4202=DIRECTION('',(2.10269512239613E-16,-1.,0.));
#4203=DIRECTION('',(1.,2.10269512239613E-16,0.));
#4204=DIRECTION('',(0.,0.,1.));
#4205=DIRECTION('',(2.10269512239613E-16,-1.,0.));
#4206=DIRECTION('',(1.,2.10269512239613E-16,0.));
#4207=DIRECTION('',(1.,2.10269512239613E-16,0.));
#4208=DIRECTION('',(2.10269512239613E-16,-1.,0.));
#4209=DIRECTION('',(1.,2.10269512239613E-16,0.));
#4210=DIRECTION('',(-1.,-2.10269512239613E-16,0.));
#4211=DIRECTION('',(0.,0.,-1.));
#4212=DIRECTION('',(-1.,-2.10269512239613E-16,0.));
#4213=DIRECTION('',(0.,0.,-1.));
#4214=DIRECTION('',(-1.,-2.10269512239613E-16,0.));
#4215=DIRECTION('',(0.,0.,-1.));
#4216=DIRECTION('',(-1.,-2.10269512239613E-16,0.));
#4217=DIRECTION('',(0.,0.,-1.));
#4218=DIRECTION('',(-1.,0.,0.));
#4219=DIRECTION('',(0.,0.,1.));
#4220=DIRECTION('',(0.,1.,0.));
#4221=DIRECTION('',(0.,0.,-1.));
#4222=DIRECTION('',(0.,1.,0.));
#4223=DIRECTION('',(0.,0.,-1.));
#4224=DIRECTION('',(0.,1.,0.));
#4225=DIRECTION('',(0.,0.,-1.));
#4226=DIRECTION('',(0.,1.,0.));
#4227=DIRECTION('',(0.,0.,-1.));
#4228=DIRECTION('',(0.,1.,0.));
#4229=DIRECTION('',(0.,0.,-1.));
#4230=DIRECTION('',(1.98254111540206E-16,-1.,0.));
#4231=DIRECTION('',(1.,1.98254111540206E-16,0.));
#4232=DIRECTION('',(0.,0.,-1.));
#4233=DIRECTION('',(-1.,-1.98254111540206E-16,0.));
#4234=DIRECTION('',(0.,0.,-1.));
#4235=DIRECTION('',(-1.,-1.98254111540206E-16,0.));
#4236=DIRECTION('',(-1.,7.30409884621814E-17,0.));
#4237=DIRECTION('',(-7.30409884621814E-17,-1.,0.));
#4238=DIRECTION('',(0.,0.,-1.));
#4239=DIRECTION('',(7.30409884621814E-17,1.,0.));
#4240=DIRECTION('',(0.,0.,-1.));
#4241=DIRECTION('',(7.30409884621814E-17,1.,0.));
#4242=DIRECTION('',(-1.,7.30409884621814E-17,0.));
#4243=DIRECTION('',(-7.30409884621814E-17,-1.,0.));
#4244=DIRECTION('',(0.,0.,-1.));
#4245=DIRECTION('',(7.30409884621814E-17,1.,0.));
#4246=DIRECTION('',(0.,0.,-1.));
#4247=DIRECTION('',(7.30409884621814E-17,1.,0.));
#4248=DIRECTION('',(-1.,0.,0.));
#4249=DIRECTION('',(0.,0.,1.));
#4250=DIRECTION('',(0.,1.,0.));
#4251=DIRECTION('',(0.,0.,-1.));
#4252=DIRECTION('',(0.,1.,0.));
#4253=DIRECTION('',(0.,0.,-1.));
#4254=DIRECTION('',(0.,1.,0.));
#4255=DIRECTION('',(0.,0.,-1.));
#4256=DIRECTION('',(0.,1.,0.));
#4257=DIRECTION('',(0.,0.,-1.));
#4258=DIRECTION('',(0.,0.,1.));
#4259=DIRECTION('',(1.,0.,0.));
#4260=DIRECTION('',(0.,0.,1.));
#4261=DIRECTION('',(1.,0.,0.));
#4262=DIRECTION('',(0.,0.,1.));
#4263=DIRECTION('',(1.,0.,0.));
#4264=DIRECTION('',(0.,0.,1.));
#4265=DIRECTION('',(1.,0.,0.));
#4266=DIRECTION('',(0.,0.,1.));
#4267=DIRECTION('',(1.,0.,0.));
#4268=DIRECTION('',(0.,0.,1.));
#4269=DIRECTION('',(1.,0.,0.));
#4270=DIRECTION('',(0.,0.,1.));
#4271=DIRECTION('',(1.,0.,0.));
#4272=DIRECTION('',(0.,0.,1.));
#4273=DIRECTION('',(1.,0.,0.));
#4274=DIRECTION('',(0.,0.,1.));
#4275=DIRECTION('',(1.,0.,0.));
#4276=DIRECTION('',(0.,0.,1.));
#4277=DIRECTION('',(1.,0.,0.));
#4278=DIRECTION('',(0.,0.,1.));
#4279=DIRECTION('',(1.,0.,0.));
#4280=DIRECTION('',(1.,0.,0.));
#4281=DIRECTION('',(0.,0.,1.));
#4282=DIRECTION('',(1.,0.,0.));
#4283=DIRECTION('',(0.,-1.,0.));
#4284=DIRECTION('',(0.,0.,1.));
#4285=DIRECTION('',(1.,0.,0.));
#4286=DIRECTION('',(1.,0.,0.));
#4287=DIRECTION('',(1.,0.,0.));
#4288=DIRECTION('',(0.,0.,1.));
#4289=DIRECTION('',(1.,0.,0.));
#4290=DIRECTION('',(0.,1.,0.));
#4291=DIRECTION('',(0.,1.,0.));
#4292=DIRECTION('',(0.,0.,-1.));
#4293=DIRECTION('',(1.,0.,0.));
#4294=DIRECTION('',(-1.,0.,0.));
#4295=DIRECTION('',(-1.,0.,0.));
#4296=DIRECTION('',(0.,0.,1.));
#4297=DIRECTION('',(1.,0.,0.));
#4298=DIRECTION('',(0.,-1.,0.));
#4299=DIRECTION('',(0.,1.,0.));
#4300=DIRECTION('',(0.,0.,1.));
#4301=DIRECTION('',(0.,0.,-1.));
#4302=DIRECTION('',(1.,0.,0.));
#4303=DIRECTION('',(0.,0.,-1.));
#4304=DIRECTION('',(-1.,0.,0.));
#4305=DIRECTION('',(0.,0.,-1.));
#4306=DIRECTION('',(0.,0.,1.));
#4307=DIRECTION('',(1.,0.,0.));
#4308=DIRECTION('',(1.,0.,0.));
#4309=DIRECTION('',(0.,0.,-1.));
#4310=DIRECTION('',(0.,0.,-1.));
#4311=DIRECTION('',(0.,-1.,0.));
#4312=DIRECTION('',(0.,0.,-1.));
#4313=DIRECTION('',(-1.,0.,0.));
#4314=DIRECTION('',(0.,0.,-1.));
#4315=DIRECTION('',(0.,0.,1.));
#4316=DIRECTION('',(1.,0.,0.));
#4317=DIRECTION('',(0.,0.,-1.));
#4318=DIRECTION('',(-1.,0.,0.));
#4319=DIRECTION('',(0.,0.,1.));
#4320=DIRECTION('',(1.,0.,0.));
#4321=DIRECTION('',(0.,1.,0.));
#4322=DIRECTION('',(0.,0.,1.));
#4323=DIRECTION('',(1.,0.,0.));
#4324=DIRECTION('',(0.,0.,1.));
#4325=DIRECTION('',(1.,0.,0.));
#4326=DIRECTION('',(-1.,0.,0.));
#4327=DIRECTION('',(0.,0.,1.));
#4328=DIRECTION('',(0.,1.,0.));
#4329=DIRECTION('',(0.,0.,-1.));
#4330=DIRECTION('',(0.,-1.,0.));
#4331=DIRECTION('',(0.,0.,-1.));
#4332=DIRECTION('',(0.,0.,-1.));
#4333=DIRECTION('',(-1.,0.,0.));
#4334=DIRECTION('',(0.,0.,-1.));
#4335=DIRECTION('',(-1.,0.,0.));
#4336=DIRECTION('',(0.,0.,-1.));
#4337=DIRECTION('',(1.,0.,0.));
#4338=DIRECTION('',(0.,0.,-1.));
#4339=DIRECTION('',(-1.,0.,0.));
#4340=DIRECTION('',(0.,0.,1.));
#4341=DIRECTION('',(1.,0.,0.));
#4342=DIRECTION('',(0.,0.,1.));
#4343=DIRECTION('',(1.,0.,0.));
#4344=DIRECTION('',(0.,0.,1.));
#4345=DIRECTION('',(1.,0.,0.));
#4346=DIRECTION('',(0.,1.,0.));
#4347=DIRECTION('',(0.,0.,1.));
#4348=DIRECTION('',(1.,0.,0.));
#4349=DIRECTION('',(0.,0.,-1.));
#4350=DIRECTION('',(-1.,0.,0.));
#4351=DIRECTION('',(0.,0.,1.));
#4352=DIRECTION('',(0.,0.,-1.));
#4353=DIRECTION('',(0.,1.,0.));
#4354=DIRECTION('',(0.,0.,-1.));
#4355=DIRECTION('',(-1.,0.,0.));
#4356=DIRECTION('',(0.,0.,1.));
#4357=DIRECTION('',(1.,0.,0.));
#4358=DIRECTION('',(0.,0.,-1.));
#4359=DIRECTION('',(-1.,0.,0.));
#4360=DIRECTION('',(0.,0.,1.));
#4361=DIRECTION('',(1.,0.,0.));
#4362=DIRECTION('',(0.,0.,1.));
#4363=DIRECTION('',(1.,0.,0.));
#4364=DIRECTION('',(0.,0.,1.));
#4365=DIRECTION('',(1.,0.,0.));
#4366=DIRECTION('',(0.,-1.,0.));
#4367=DIRECTION('',(0.,0.,-1.));
#4368=DIRECTION('',(-1.,0.,0.));
#4369=DIRECTION('',(0.,0.,-1.));
#4370=DIRECTION('',(1.,0.,0.));
#4371=DIRECTION('',(0.,0.,-1.));
#4372=DIRECTION('',(0.,0.,-1.));
#4373=DIRECTION('',(0.,-1.,0.));
#4374=DIRECTION('',(0.,0.,-1.));
#4375=DIRECTION('',(-1.,0.,0.));
#4376=DIRECTION('',(0.,0.,1.));
#4377=DIRECTION('',(1.,0.,0.));
#4378=DIRECTION('',(0.,0.,-1.));
#4379=DIRECTION('',(-1.,0.,0.));
#4380=DIRECTION('',(0.,0.,1.));
#4381=DIRECTION('',(1.,0.,0.));
#4382=DIRECTION('',(0.,0.,1.));
#4383=DIRECTION('',(1.,0.,0.));
#4384=DIRECTION('',(0.,0.,1.));
#4385=DIRECTION('',(1.,0.,0.));
#4386=DIRECTION('',(0.,0.,1.));
#4387=DIRECTION('',(1.,0.,0.));
#4388=DIRECTION('',(0.,0.,1.));
#4389=DIRECTION('',(1.,0.,0.));
#4390=DIRECTION('',(0.,0.,-1.));
#4391=DIRECTION('',(-1.,0.,0.));
#4392=DIRECTION('',(0.,0.,1.));
#4393=DIRECTION('',(1.,0.,0.));
#4394=DIRECTION('',(0.,0.,1.));
#4395=DIRECTION('',(1.,0.,0.));
#4396=DIRECTION('',(0.,0.,1.));
#4397=DIRECTION('',(1.,0.,0.));
#4398=DIRECTION('',(0.,0.,-1.));
#4399=DIRECTION('',(-1.,0.,0.));
#4400=DIRECTION('',(0.,0.,1.));
#4401=DIRECTION('',(1.,0.,0.));
#4402=DIRECTION('',(1.,1.98254111540206E-16,0.));
#4403=DIRECTION('',(-1.98254111540206E-16,1.,0.));
#4404=DIRECTION('',(-1.98254111540206E-16,1.,0.));
#4405=DIRECTION('',(-1.98254111540206E-16,1.,0.));
#4406=DIRECTION('',(-1.98254111540206E-16,1.,0.));
#4407=DIRECTION('',(-1.,-1.98254111540206E-16,0.));
#4408=DIRECTION('',(-1.98254111540206E-16,1.,0.));
#4409=DIRECTION('',(0.,0.,-1.));
#4410=DIRECTION('',(-1.,0.,0.));
#4411=DIRECTION('',(-1.98254111540206E-16,1.,0.));
#4412=DIRECTION('',(-1.98254111540206E-16,1.,0.));
#4413=DIRECTION('',(-1.,-1.98254111540206E-16,0.));
#4414=DIRECTION('',(-1.98254111540206E-16,1.,0.));
#4415=DIRECTION('',(-1.,-1.98254111540206E-16,0.));
#4416=DIRECTION('',(1.98254111540206E-16,-1.,0.));
#4417=DIRECTION('',(-1.98254111540206E-16,1.,0.));
#4418=DIRECTION('',(-1.98254111540206E-16,1.,0.));
#4419=DIRECTION('',(-1.,-1.98254111540206E-16,0.));
#4420=DIRECTION('',(-1.98254111540206E-16,1.,0.));
#4421=DIRECTION('',(0.,0.,1.));
#4422=DIRECTION('',(1.,0.,0.));
#4423=DIRECTION('',(-1.98254111540206E-16,1.,0.));
#4424=DIRECTION('',(-1.98254111540206E-16,1.,0.));
#4425=DIRECTION('',(-1.,-1.98254111540206E-16,0.));
#4426=DIRECTION('',(0.,0.,1.));
#4427=DIRECTION('',(1.,0.,0.));
#4428=DIRECTION('',(0.,0.,-1.));
#4429=DIRECTION('',(-1.,0.,0.));
#4430=DIRECTION('',(0.,0.,-1.));
#4431=DIRECTION('',(-1.,0.,0.));
#4432=DIRECTION('',(0.,0.,1.));
#4433=DIRECTION('',(1.,0.,0.));
#4434=DIRECTION('',(0.,0.,-1.));
#4435=DIRECTION('',(0.,0.,-1.));
#4436=DIRECTION('',(0.,0.,-1.));
#4437=DIRECTION('',(0.,0.,-1.));
#4438=DIRECTION('',(0.,0.,-1.));
#4439=DIRECTION('',(0.,0.,-1.));
#4440=DIRECTION('',(0.477423689718645,0.878673215988421,0.));
#4441=DIRECTION('',(0.,0.,-1.));
#4442=DIRECTION('',(-1.,0.,0.));
#4443=DIRECTION('',(0.,0.,-1.));
#4444=DIRECTION('',(0.,0.,-1.));
#4445=DIRECTION('',(-1.,0.,0.));
#4446=DIRECTION('',(0.,0.,-1.));
#4447=DIRECTION('',(0.,0.,-1.));
#4448=DIRECTION('',(-1.,0.,0.));
#4449=DIRECTION('',(0.,0.,1.));
#4450=DIRECTION('',(0.,1.,0.));
#4451=DIRECTION('',(0.,0.,-1.));
#4452=DIRECTION('',(0.,1.,0.));
#4453=DIRECTION('',(0.,0.,-1.));
#4454=DIRECTION('',(0.,0.,-1.));
#4455=DIRECTION('',(0.,0.,-1.));
#4456=DIRECTION('',(0.,1.,0.));
#4457=DIRECTION('',(0.,0.,1.));
#4458=DIRECTION('',(0.,0.,-1.));
#4459=DIRECTION('',(1.,0.,0.));
#4460=DIRECTION('',(-0.926488862154081,0.376322186835212,0.));
#4461=DIRECTION('',(-0.376322186835212,-0.926488862154081,0.));
#4462=DIRECTION('',(0.,0.,-1.));
#4463=DIRECTION('',(0.376322186835212,0.926488862154081,0.));
#4464=DIRECTION('',(0.,1.,0.));
#4465=DIRECTION('',(0.,0.,1.));
#4466=DIRECTION('',(0.,0.,-1.));
#4467=DIRECTION('',(1.,0.,0.));
#4468=DIRECTION('',(1.,0.,0.));
#4469=DIRECTION('',(0.,0.,-1.));
#4470=DIRECTION('',(0.,0.,-1.));
#4471=DIRECTION('',(0.,-1.,0.));
#4472=DIRECTION('',(0.,-1.,0.));
#4473=DIRECTION('',(0.,0.,-1.));
#4474=DIRECTION('',(0.,0.,-1.));
#4475=DIRECTION('',(-1.,0.,0.));
#4476=DIRECTION('',(-1.,0.,0.));
#4477=DIRECTION('',(0.,0.,1.));
#4478=DIRECTION('',(0.,0.,-1.));
#4479=DIRECTION('',(0.,1.,0.));
#4480=DIRECTION('',(0.,0.,-1.));
#4481=DIRECTION('',(0.995096917669537,-0.0989046229687257,0.));
#4482=DIRECTION('',(0.,0.,-1.));
#4483=DIRECTION('',(0.,0.,-1.));
#4484=DIRECTION('',(-1.,0.,0.));
#4485=DIRECTION('',(0.,-1.,0.));
#4486=DIRECTION('',(0.,0.,-1.));
#4487=DIRECTION('',(0.,0.,-1.));
#4488=DIRECTION('',(-1.,0.,0.));
#4489=DIRECTION('',(0.,0.,-1.));
#4490=DIRECTION('',(0.,0.,-1.));
#4491=DIRECTION('',(0.,0.,-1.));
#4492=DIRECTION('',(0.,0.,-1.));
#4493=DIRECTION('',(1.,0.,0.));
#4494=DIRECTION('',(0.0352085090706684,0.999379988237217,0.));
#4495=DIRECTION('',(-0.999379988237217,0.0352085090706684,0.));
#4496=DIRECTION('',(0.999379988237217,-0.0352085090706684,0.));
#4497=DIRECTION('',(0.,0.,-1.));
#4498=DIRECTION('',(0.999379988237217,-0.0352085090706684,0.));
#4499=DIRECTION('',(0.,0.,-1.));
#4500=DIRECTION('',(-1.,0.,0.));
#4501=DIRECTION('',(0.,0.,1.));
#4502=DIRECTION('',(0.,1.,0.));
#4503=DIRECTION('',(0.,0.,-1.));
#4504=DIRECTION('',(0.,1.,0.));
#4505=DIRECTION('',(0.,0.,-1.));
#4506=DIRECTION('',(0.,0.,-1.));
#4507=DIRECTION('',(0.,0.,-1.));
#4508=DIRECTION('',(0.,0.,-1.));
#4509=DIRECTION('',(-0.931820475053784,0.362919553441999,0.));
#4510=DIRECTION('',(-0.362919553441999,-0.931820475053784,0.));
#4511=DIRECTION('',(0.,0.,-1.));
#4512=DIRECTION('',(0.362919553441999,0.931820475053784,0.));
#4513=DIRECTION('',(0.,0.,-1.));
#4514=DIRECTION('',(0.,1.,0.));
#4515=DIRECTION('',(0.,0.,1.));
#4516=DIRECTION('',(0.,0.,-1.));
#4517=DIRECTION('',(1.,0.,0.));
#4518=DIRECTION('',(1.,0.,0.));
#4519=DIRECTION('',(0.,0.,-1.));
#4520=DIRECTION('',(0.,0.,-1.));
#4521=DIRECTION('',(0.,-1.,0.));
#4522=DIRECTION('',(0.,0.,-1.));
#4523=DIRECTION('',(0.,0.,-1.));
#4524=DIRECTION('',(0.,0.,-1.));
#4525=DIRECTION('',(-0.898298727842108,0.439385247314075,0.));
#4526=DIRECTION('',(-0.439385247314075,-0.898298727842108,0.));
#4527=DIRECTION('',(0.,0.,-1.));
#4528=DIRECTION('',(0.439385247314075,0.898298727842108,0.));
#4529=DIRECTION('',(0.,0.,-1.));
#4530=DIRECTION('',(0.,0.,-1.));
#4531=DIRECTION('',(-1.,0.,0.));
#4532=DIRECTION('',(0.,0.,1.));
#4533=DIRECTION('',(0.,0.,-1.));
#4534=DIRECTION('',(0.,1.,0.));
#4535=DIRECTION('',(-0.0312861596333773,-0.999510468287048,0.));
#4536=DIRECTION('',(0.999510468287049,-0.0312861596333773,0.));
#4537=DIRECTION('',(0.,0.,-1.));
#4538=DIRECTION('',(-0.999510468287048,0.0312861596333773,0.));
#4539=DIRECTION('',(0.,0.,-1.));
#4540=DIRECTION('',(0.,0.,-1.));
#4541=DIRECTION('',(0.,0.,-1.));
#4542=DIRECTION('',(0.,0.,-1.));
#4543=DIRECTION('',(0.,0.,-1.));
#4544=DIRECTION('',(0.,0.,-1.));
#4545=DIRECTION('',(0.,1.,0.));
#4546=DIRECTION('',(0.,0.,1.));
#4547=DIRECTION('',(1.,0.,0.));
#4548=DIRECTION('',(0.,0.,-1.));
#4549=DIRECTION('',(1.,0.,0.));
#4550=DIRECTION('',(0.,0.,-1.));
#4551=DIRECTION('',(0.,0.,-1.));
#4552=DIRECTION('',(0.,0.,-1.));
#4553=DIRECTION('',(0.,0.,-1.));
#4554=DIRECTION('',(0.,0.,-1.));
#4555=DIRECTION('',(0.,0.,-1.));
#4556=DIRECTION('',(0.,0.,-1.));
#4557=DIRECTION('',(1.,0.,0.));
#4558=DIRECTION('',(0.,0.,-1.));
#4559=DIRECTION('',(0.,-1.,0.));
#4560=DIRECTION('',(0.,0.,-1.));
#4561=DIRECTION('',(0.,-1.,0.));
#4562=DIRECTION('',(0.,0.,-1.));
#4563=DIRECTION('',(0.,0.,-1.));
#4564=DIRECTION('',(0.,0.,-1.));
#4565=DIRECTION('',(-0.295428520312513,-0.955364846216334,0.));
#4566=DIRECTION('',(0.,0.,-1.));
#4567=DIRECTION('',(0.,0.,-1.));
#4568=DIRECTION('',(-1.,0.,0.));
#4569=DIRECTION('',(0.,0.,-1.));
#4570=DIRECTION('',(0.,0.,-1.));
#4571=DIRECTION('',(0.,0.,-1.));
#4572=DIRECTION('',(0.,0.,-1.));
#4573=DIRECTION('',(0.,0.,-1.));
#4574=DIRECTION('',(0.,-1.,0.));
#4575=DIRECTION('',(0.,0.,-1.));
#4576=DIRECTION('',(0.,0.,-1.));
#4577=DIRECTION('',(-1.,0.,0.));
#4578=DIRECTION('',(0.95892614642079,-0.283655857881646,0.));
#4579=DIRECTION('',(0.283655857881646,0.95892614642079,0.));
#4580=DIRECTION('',(0.,0.,-1.));
#4581=DIRECTION('',(-0.283655857881646,-0.95892614642079,0.));
#4582=DIRECTION('',(0.,-1.,0.));
#4583=DIRECTION('',(0.,0.,-1.));
#4584=DIRECTION('',(0.,0.,-1.));
#4585=DIRECTION('',(-1.,0.,0.));
#4586=DIRECTION('',(-1.,0.,0.));
#4587=DIRECTION('',(0.,0.,1.));
#4588=DIRECTION('',(0.,0.,-1.));
#4589=DIRECTION('',(0.,1.,0.));
#4590=DIRECTION('',(0.,1.,0.));
#4591=DIRECTION('',(0.,0.,1.));
#4592=DIRECTION('',(0.,0.,-1.));
#4593=DIRECTION('',(1.,0.,0.));
#4594=DIRECTION('',(1.,0.,0.));
#4595=DIRECTION('',(0.,0.,-1.));
#4596=DIRECTION('',(0.,0.,-1.));
#4597=DIRECTION('',(0.,-1.,0.));
#4598=DIRECTION('',(0.,0.,-1.));
#4599=DIRECTION('',(-0.995686731646028,0.0927789438614731,0.));
#4600=DIRECTION('',(0.,0.,-1.));
#4601=DIRECTION('',(0.,0.,-1.));
#4602=DIRECTION('',(-1.,0.,0.));
#4603=DIRECTION('',(0.,1.,0.));
#4604=DIRECTION('',(0.,0.,1.));
#4605=DIRECTION('',(1.,0.,0.));
#4606=DIRECTION('',(0.,0.,-1.));
#4607=DIRECTION('',(1.,0.,0.));
#4608=DIRECTION('',(0.0352085090706687,0.999379988237217,0.));
#4609=DIRECTION('',(-0.999379988237217,0.0352085090706687,0.));
#4610=DIRECTION('',(0.999379988237217,-0.0352085090706687,0.));
#4611=DIRECTION('',(0.,0.,-1.));
#4612=DIRECTION('',(0.999379988237217,-0.0352085090706687,0.));
#4613=DIRECTION('',(0.,0.,-1.));
#4614=DIRECTION('',(-1.,0.,0.));
#4615=DIRECTION('',(0.,0.,1.));
#4616=DIRECTION('',(0.,1.,0.));
#4617=DIRECTION('',(0.,0.,-1.));
#4618=DIRECTION('',(0.,1.,0.));
#4619=DIRECTION('',(0.,0.,-1.));
#4620=DIRECTION('',(0.,0.,-1.));
#4621=DIRECTION('',(0.,0.,-1.));
#4622=DIRECTION('',(0.,0.,-1.));
#4623=DIRECTION('',(-0.931820475053784,0.362919553442,0.));
#4624=DIRECTION('',(-0.362919553442,-0.931820475053784,0.));
#4625=DIRECTION('',(0.,0.,-1.));
#4626=DIRECTION('',(0.362919553442,0.931820475053784,0.));
#4627=DIRECTION('',(0.,0.,-1.));
#4628=DIRECTION('',(0.,1.,0.));
#4629=DIRECTION('',(0.,0.,1.));
#4630=DIRECTION('',(0.,0.,-1.));
#4631=DIRECTION('',(1.,0.,0.));
#4632=DIRECTION('',(1.,0.,0.));
#4633=DIRECTION('',(0.,0.,-1.));
#4634=DIRECTION('',(0.,0.,-1.));
#4635=DIRECTION('',(0.,-1.,0.));
#4636=DIRECTION('',(0.,0.,-1.));
#4637=DIRECTION('',(0.,0.,-1.));
#4638=DIRECTION('',(0.,0.,-1.));
#4639=DIRECTION('',(-0.898298727842108,0.439385247314075,0.));
#4640=DIRECTION('',(-0.439385247314075,-0.898298727842108,0.));
#4641=DIRECTION('',(0.,0.,-1.));
#4642=DIRECTION('',(0.439385247314075,0.898298727842108,0.));
#4643=DIRECTION('',(0.,0.,-1.));
#4644=DIRECTION('',(0.,0.,-1.));
#4645=DIRECTION('',(-1.,0.,0.));
#4646=DIRECTION('',(0.,0.,1.));
#4647=DIRECTION('',(0.,0.,-1.));
#4648=DIRECTION('',(0.,1.,0.));
#4649=DIRECTION('',(-0.0312861596333773,-0.999510468287048,0.));
#4650=DIRECTION('',(0.999510468287049,-0.0312861596333773,0.));
#4651=DIRECTION('',(0.,0.,-1.));
#4652=DIRECTION('',(-0.999510468287048,0.0312861596333773,0.));
#4653=DIRECTION('',(0.,0.,-1.));
#4654=DIRECTION('',(0.,0.,-1.));
#4655=DIRECTION('',(0.,0.,-1.));
#4656=DIRECTION('',(0.,0.,-1.));
#4657=DIRECTION('',(0.,0.,-1.));
#4658=DIRECTION('',(0.,0.,-1.));
#4659=DIRECTION('',(0.,1.,0.));
#4660=DIRECTION('',(0.,0.,1.));
#4661=DIRECTION('',(1.,0.,0.));
#4662=DIRECTION('',(0.,0.,-1.));
#4663=DIRECTION('',(1.,0.,0.));
#4664=DIRECTION('',(0.,1.,0.));
#4665=DIRECTION('',(0.,0.,1.));
#4666=DIRECTION('',(0.,0.,-1.));
#4667=DIRECTION('',(1.,0.,0.));
#4668=DIRECTION('',(0.,0.,-1.));
#4669=DIRECTION('',(1.,0.,0.));
#4670=DIRECTION('',(0.,0.,-1.));
#4671=DIRECTION('',(0.,0.,-1.));
#4672=DIRECTION('',(0.,-1.,0.));
#4673=DIRECTION('',(0.,-1.,0.));
#4674=DIRECTION('',(0.,0.,-1.));
#4675=DIRECTION('',(0.,0.,-1.));
#4676=DIRECTION('',(-1.,0.,0.));
#4677=DIRECTION('',(-1.,0.,0.));
#4678=DIRECTION('',(0.,0.,1.));
#4679=DIRECTION('',(0.,1.,0.));
#4680=DIRECTION('',(0.,0.,-1.));
#4681=DIRECTION('',(1.,0.,0.));
#4682=DIRECTION('',(0.0352085090706684,0.999379988237217,0.));
#4683=DIRECTION('',(-0.999379988237217,0.0352085090706684,0.));
#4684=DIRECTION('',(0.999379988237217,-0.0352085090706684,0.));
#4685=DIRECTION('',(0.,0.,-1.));
#4686=DIRECTION('',(0.999379988237217,-0.0352085090706684,0.));
#4687=DIRECTION('',(0.,0.,-1.));
#4688=DIRECTION('',(-1.,0.,0.));
#4689=DIRECTION('',(0.,0.,1.));
#4690=DIRECTION('',(0.,1.,0.));
#4691=DIRECTION('',(0.,0.,-1.));
#4692=DIRECTION('',(0.,1.,0.));
#4693=DIRECTION('',(0.,0.,-1.));
#4694=DIRECTION('',(0.,0.,-1.));
#4695=DIRECTION('',(0.,0.,-1.));
#4696=DIRECTION('',(0.,0.,-1.));
#4697=DIRECTION('',(-0.931820475053784,0.362919553441999,0.));
#4698=DIRECTION('',(-0.362919553441999,-0.931820475053784,0.));
#4699=DIRECTION('',(0.,0.,-1.));
#4700=DIRECTION('',(0.362919553441999,0.931820475053784,0.));
#4701=DIRECTION('',(0.,0.,-1.));
#4702=DIRECTION('',(0.,1.,0.));
#4703=DIRECTION('',(0.,0.,1.));
#4704=DIRECTION('',(0.,0.,-1.));
#4705=DIRECTION('',(1.,0.,0.));
#4706=DIRECTION('',(1.,0.,0.));
#4707=DIRECTION('',(0.,0.,-1.));
#4708=DIRECTION('',(0.,0.,-1.));
#4709=DIRECTION('',(0.,-1.,0.));
#4710=DIRECTION('',(0.,0.,-1.));
#4711=DIRECTION('',(0.,0.,-1.));
#4712=DIRECTION('',(0.,0.,-1.));
#4713=DIRECTION('',(-0.898298727842108,0.439385247314075,0.));
#4714=DIRECTION('',(-0.439385247314075,-0.898298727842108,0.));
#4715=DIRECTION('',(0.,0.,-1.));
#4716=DIRECTION('',(0.439385247314075,0.898298727842108,0.));
#4717=DIRECTION('',(0.,0.,-1.));
#4718=DIRECTION('',(0.,0.,-1.));
#4719=DIRECTION('',(-1.,0.,0.));
#4720=DIRECTION('',(0.,0.,1.));
#4721=DIRECTION('',(0.,0.,-1.));
#4722=DIRECTION('',(0.,1.,0.));
#4723=DIRECTION('',(-0.0312861596333772,-0.999510468287048,0.));
#4724=DIRECTION('',(0.999510468287049,-0.0312861596333772,0.));
#4725=DIRECTION('',(0.,0.,-1.));
#4726=DIRECTION('',(-0.999510468287048,0.0312861596333772,0.));
#4727=DIRECTION('',(0.,0.,-1.));
#4728=DIRECTION('',(0.,0.,-1.));
#4729=DIRECTION('',(0.,0.,-1.));
#4730=DIRECTION('',(0.,0.,-1.));
#4731=DIRECTION('',(0.,0.,-1.));
#4732=DIRECTION('',(0.,0.,-1.));
#4733=DIRECTION('',(0.,1.,0.));
#4734=DIRECTION('',(0.,0.,1.));
#4735=DIRECTION('',(1.,0.,0.));
#4736=DIRECTION('',(0.,0.,-1.));
#4737=DIRECTION('',(1.,0.,0.));
#4738=DIRECTION('',(0.,1.,0.));
#4739=DIRECTION('',(0.,0.,1.));
#4740=DIRECTION('',(0.,0.,-1.));
#4741=DIRECTION('',(1.,0.,0.));
#4742=DIRECTION('',(0.,0.,-1.));
#4743=DIRECTION('',(0.845883257915541,-0.53336808488903,0.));
#4744=DIRECTION('',(0.53336808488903,0.845883257915541,0.));
#4745=DIRECTION('',(0.,0.,-1.));
#4746=DIRECTION('',(-0.53336808488903,-0.845883257915541,0.));
#4747=DIRECTION('',(0.785320003245173,0.619090052014246,0.));
#4748=DIRECTION('',(-0.619090052014246,0.785320003245173,0.));
#4749=DIRECTION('',(0.,0.,-1.));
#4750=DIRECTION('',(0.619090052014246,-0.785320003245173,0.));
#4751=DIRECTION('',(0.,-1.,0.));
#4752=DIRECTION('',(0.,0.,-1.));
#4753=DIRECTION('',(0.,0.,-1.));
#4754=DIRECTION('',(-1.,0.,0.));
#4755=DIRECTION('',(-0.781948341632832,-0.623343236923017,0.));
#4756=DIRECTION('',(0.623343236923017,-0.781948341632832,0.));
#4757=DIRECTION('',(0.,0.,-1.));
#4758=DIRECTION('',(-0.623343236923017,0.781948341632832,0.));
#4759=DIRECTION('',(-0.81608409998357,-0.577933163743011,0.));
#4760=DIRECTION('',(0.577933163743011,-0.81608409998357,0.));
#4761=DIRECTION('',(0.,0.,-1.));
#4762=DIRECTION('',(-0.577933163743011,0.81608409998357,0.));
#4763=DIRECTION('',(1.,0.,0.));
#4764=DIRECTION('',(0.,0.,-1.));
#4765=DIRECTION('',(0.,0.,-1.));
#4766=DIRECTION('',(0.,-1.,0.));
#4767=DIRECTION('',(0.,-1.,0.));
#4768=DIRECTION('',(0.,0.,-1.));
#4769=DIRECTION('',(0.,0.,-1.));
#4770=DIRECTION('',(-1.,0.,0.));
#4771=DIRECTION('',(-1.,0.,0.));
#4772=DIRECTION('',(0.,0.,1.));
#4773=DIRECTION('',(0.,0.,-1.));
#4774=DIRECTION('',(0.,1.,0.));
#4775=DIRECTION('',(0.,1.,0.));
#4776=DIRECTION('',(0.,0.,1.));
#4777=DIRECTION('',(0.,0.,-1.));
#4778=DIRECTION('',(1.,0.,0.));
#4779=DIRECTION('',(1.,0.,0.));
#4780=DIRECTION('',(0.,0.,-1.));
#4781=DIRECTION('',(0.,0.,-1.));
#4782=DIRECTION('',(0.,-1.,0.));
#4783=DIRECTION('',(0.583676954987296,0.811985967992525,0.));
#4784=DIRECTION('',(-0.811985967992525,0.583676954987296,0.));
#4785=DIRECTION('',(0.,0.,-1.));
#4786=DIRECTION('',(0.811985967992525,-0.583676954987296,0.));
#4787=DIRECTION('',(-0.849210474946732,0.528054513512332,0.));
#4788=DIRECTION('',(-0.528054513512332,-0.849210474946732,0.));
#4789=DIRECTION('',(0.528054513512332,0.849210474946732,0.));
#4790=DIRECTION('',(0.,0.,-1.));
#4791=DIRECTION('',(1.,0.,0.));
#4792=DIRECTION('',(0.,0.,1.));
#4793=DIRECTION('',(1.,0.,0.));
#4794=DIRECTION('',(0.,0.,1.));
#4795=DIRECTION('',(1.,0.,0.));
#4796=DIRECTION('',(0.,0.,1.));
#4797=DIRECTION('',(1.,0.,0.));
#4798=DIRECTION('',(0.,0.,1.));
#4799=DIRECTION('',(1.,0.,0.));
#4800=DIRECTION('',(0.,0.,1.));
#4801=DIRECTION('',(1.,0.,0.));
#4802=DIRECTION('',(0.,0.,1.));
#4803=DIRECTION('',(1.,0.,0.));
#4804=DIRECTION('',(0.,-1.,0.));
#4805=DIRECTION('',(0.,0.,-1.));
#4806=DIRECTION('',(1.,0.,0.));
#4807=DIRECTION('',(0.,0.,-1.));
#4808=DIRECTION('',(-1.,-1.98254111540206E-16,0.));
#4809=DIRECTION('',(1.98254111540206E-16,-1.,0.));
#4810=DIRECTION('',(1.,0.,0.));
#4811=DIRECTION('',(0.,0.,-1.));
#4812=DIRECTION('',(-7.30409884621814E-17,-1.,0.));
#4813=DIRECTION('',(1.,-7.30409884621814E-17,0.));
#4814=DIRECTION('',(0.,-1.,0.));
#4815=DIRECTION('',(0.,0.,-1.));
#4816=DIRECTION('',(0.,0.,1.));
#4817=DIRECTION('',(1.,0.,0.));
#4818=DIRECTION('',(0.,-1.,0.));
#4819=DIRECTION('',(0.,0.,-1.));
#4820=DIRECTION('',(0.,0.,1.));
#4821=DIRECTION('',(1.,0.,0.));
#4822=DIRECTION('',(1.,0.,0.));
#4823=DIRECTION('',(0.,0.,-1.));
#4824=DIRECTION('',(7.30409884621814E-17,1.,0.));
#4825=DIRECTION('',(-1.,7.30409884621814E-17,0.));
#4826=DIRECTION('',(0.,-1.,0.));
#4827=DIRECTION('',(0.,0.,-1.));
#4828=DIRECTION('',(1.,1.98254111540206E-16,0.));
#4829=DIRECTION('',(-1.98254111540206E-16,1.,0.));
#4830=DIRECTION('',(1.,0.,0.));
#4831=DIRECTION('',(0.,0.,-1.));
#4832=DIRECTION('',(0.,0.,1.));
#4833=DIRECTION('',(1.,0.,0.));
#4834=CARTESIAN_POINT('',(0.,0.,0.));
#4835=CARTESIAN_POINT('',(0.,0.,0.));
#4836=CARTESIAN_POINT('',(0.034,-2.48339360771416E-18,0.));
#4837=CARTESIAN_POINT('',(0.034,0.0425,0.));
#4838=CARTESIAN_POINT('',(0.034,-0.0425,0.));
#4839=CARTESIAN_POINT('',(0.03,-0.0425,0.));
#4840=CARTESIAN_POINT('',(0.03,-0.0465,0.));
#4841=CARTESIAN_POINT('',(-0.03,-0.0465,0.));
#4842=CARTESIAN_POINT('',(-0.03,-0.0465,0.));
#4843=CARTESIAN_POINT('',(-0.03,-0.0425,0.));
#4844=CARTESIAN_POINT('',(-0.034,-0.0425,0.));
#4845=CARTESIAN_POINT('',(-0.034,0.0425,0.));
#4846=CARTESIAN_POINT('',(-0.034,0.0425,0.));
#4847=CARTESIAN_POINT('',(-0.03,0.0425,0.));
#4848=CARTESIAN_POINT('',(-0.03,0.0465,0.));
#4849=CARTESIAN_POINT('',(-9.2188161866196E-18,0.0465,0.));
#4850=CARTESIAN_POINT('',(0.03,0.0465,0.));
#4851=CARTESIAN_POINT('',(0.03,0.0425,0.));
#4852=CARTESIAN_POINT('',(0.00467330260660754,-0.0433160269568922,0.));
#4853=CARTESIAN_POINT('',(0.00460164994771293,-0.0435,0.));
#4854=CARTESIAN_POINT('',(0.00474495526550215,-0.0431320539137845,0.));
#4855=CARTESIAN_POINT('',(0.00475463805724467,-0.0431320539137845,0.));
#4856=CARTESIAN_POINT('',(0.00476432084898718,-0.0431320539137845,0.));
#4857=CARTESIAN_POINT('',(0.00476432084898718,-0.0431320539137845,0.));
#4858=CARTESIAN_POINT('',(0.00495023045044348,-0.043366764785623,0.));
#4859=CARTESIAN_POINT('',(0.00514775940199079,-0.0434577830280026,0.));
#4860=CARTESIAN_POINT('',(0.00514775940199079,-0.0434577830280026,0.));
#4861=CARTESIAN_POINT('',(0.00514775940199079,-0.0434577830280026,0.));
#4862=CARTESIAN_POINT('',(0.0053452883535381,-0.0435488012703823,0.));
#4863=CARTESIAN_POINT('',(0.00566210929935319,-0.0435488012703823,0.));
#4864=CARTESIAN_POINT('',(0.00566210929935319,-0.0435488012703823,0.));
#4865=CARTESIAN_POINT('',(0.00566210929935319,-0.0435488012703823,0.));
#4866=CARTESIAN_POINT('',(0.00605174483907201,-0.0435488012703823,0.));
#4867=CARTESIAN_POINT('',(0.00627561098415896,-0.0433257097486347,0.));
#4868=CARTESIAN_POINT('',(0.00627561098415896,-0.0433257097486347,0.));
#4869=CARTESIAN_POINT('',(0.00627561098415896,-0.0433257097486347,0.));
#4870=CARTESIAN_POINT('',(0.00649947712924591,-0.0431026182268872,0.));
#4871=CARTESIAN_POINT('',(0.00649947712924591,-0.0426912932336651,0.));
#4872=CARTESIAN_POINT('',(0.00649947712924591,-0.0426912932336651,0.));
#4873=CARTESIAN_POINT('',(0.00649947712924591,-0.0426912932336651,0.));
#4874=CARTESIAN_POINT('',(0.00649947712924591,-0.0422606026569581,0.));
#4875=CARTESIAN_POINT('',(0.00619814865021884,-0.0420561020953561,0.));
#4876=CARTESIAN_POINT('',(0.00619814865021884,-0.0420561020953561,0.));
#4877=CARTESIAN_POINT('',(0.00619814865021884,-0.0420561020953561,0.));
#4878=CARTESIAN_POINT('',(0.00589682017119176,-0.0418516015337543,0.));
#4879=CARTESIAN_POINT('',(0.00528951547310121,-0.041829912080251,0.));
#4880=CARTESIAN_POINT('',(0.00528951547310121,-0.041829912080251,0.));
#4881=CARTESIAN_POINT('',(0.00505441728959294,-0.0418225531585267,0.));
#4882=CARTESIAN_POINT('',(0.00481931910608467,-0.0418151942368024,0.));
#4883=CARTESIAN_POINT('',(0.00481931910608467,-0.0417559355513381,0.));
#4884=CARTESIAN_POINT('',(0.00481931910608467,-0.041696676865874,0.));
#4885=CARTESIAN_POINT('',(0.00481931910608467,-0.041696676865874,0.));
#4886=CARTESIAN_POINT('',(0.00481931910608467,-0.0412853518726519,0.));
#4887=CARTESIAN_POINT('',(0.00524071420271893,-0.0412853518726519,0.));
#4888=CARTESIAN_POINT('',(0.00524071420271893,-0.0412853518726519,0.));
#4889=CARTESIAN_POINT('',(0.00524071420271893,-0.0412853518726519,0.));
#4890=CARTESIAN_POINT('',(0.00556528138192804,-0.0412853518726519,0.));
#4891=CARTESIAN_POINT('',(0.00600371819202913,-0.0414813315775205,0.));
#4892=CARTESIAN_POINT('',(0.00600371819202913,-0.0414813315775205,0.));
#4893=CARTESIAN_POINT('',(0.00612572136798482,-0.0412319028622333,0.));
#4894=CARTESIAN_POINT('',(0.00624772454394051,-0.0409824741469461,0.));
#4895=CARTESIAN_POINT('',(0.00624772454394051,-0.0409824741469461,0.));
#4896=CARTESIAN_POINT('',(0.00578062667028158,-0.0407376931716953,0.));
#4897=CARTESIAN_POINT('',(0.00521205313916109,-0.0407376931716953,0.));
#4898=CARTESIAN_POINT('',(0.00521205313916109,-0.0407376931716953,0.));
#4899=CARTESIAN_POINT('',(0.00521205313916109,-0.0407376931716953,0.));
#4900=CARTESIAN_POINT('',(0.00466749293156203,-0.0407376931716953,0.));
#4901=CARTESIAN_POINT('',(0.00437700917928657,-0.0409751152252218,0.));
#4902=CARTESIAN_POINT('',(0.00437700917928657,-0.0409751152252218,0.));
#4903=CARTESIAN_POINT('',(0.00437700917928657,-0.0409751152252218,0.));
#4904=CARTESIAN_POINT('',(0.00408652542701112,-0.0412125372787482,0.));
#4905=CARTESIAN_POINT('',(0.00408652542701112,-0.041696676865874,0.));
#4906=CARTESIAN_POINT('',(0.00408652542701112,-0.041696676865874,0.));
#4907=CARTESIAN_POINT('',(0.00408652542701112,-0.042598338432937,0.));
#4908=CARTESIAN_POINT('',(0.00408652542701112,-0.0435,0.));
#4909=CARTESIAN_POINT('',(0.00434408768736202,-0.0435,0.));
#4910=CARTESIAN_POINT('',(0.00016576939463186,-0.0433160269568922,0.));
#4911=CARTESIAN_POINT('',(9.41167357372472E-5,-0.0435,0.));
#4912=CARTESIAN_POINT('',(0.000237422053526472,-0.0431320539137845,0.));
#4913=CARTESIAN_POINT('',(0.000247104845268988,-0.0431320539137845,0.));
#4914=CARTESIAN_POINT('',(0.000256787637011502,-0.0431320539137845,0.));
#4915=CARTESIAN_POINT('',(0.000256787637011502,-0.0431320539137845,0.));
#4916=CARTESIAN_POINT('',(0.000442697238467794,-0.043366764785623,0.));
#4917=CARTESIAN_POINT('',(0.000640226190015105,-0.0434577830280026,0.));
#4918=CARTESIAN_POINT('',(0.000640226190015105,-0.0434577830280026,0.));
#4919=CARTESIAN_POINT('',(0.000640226190015105,-0.0434577830280026,0.));
#4920=CARTESIAN_POINT('',(0.000837755141562415,-0.0435488012703823,0.));
#4921=CARTESIAN_POINT('',(0.00115457608737751,-0.0435488012703823,0.));
#4922=CARTESIAN_POINT('',(0.00115457608737751,-0.0435488012703823,0.));
#4923=CARTESIAN_POINT('',(0.00115457608737751,-0.0435488012703823,0.));
#4924=CARTESIAN_POINT('',(0.00154421162709633,-0.0435488012703823,0.));
#4925=CARTESIAN_POINT('',(0.00176807777218328,-0.0433257097486347,0.));
#4926=CARTESIAN_POINT('',(0.00176807777218328,-0.0433257097486347,0.));
#4927=CARTESIAN_POINT('',(0.00176807777218328,-0.0433257097486347,0.));
#4928=CARTESIAN_POINT('',(0.00199194391727023,-0.0431026182268872,0.));
#4929=CARTESIAN_POINT('',(0.00199194391727023,-0.0426912932336651,0.));
#4930=CARTESIAN_POINT('',(0.00199194391727023,-0.0426912932336651,0.));
#4931=CARTESIAN_POINT('',(0.00199194391727023,-0.0426912932336651,0.));
#4932=CARTESIAN_POINT('',(0.00199194391727023,-0.0422606026569581,0.));
#4933=CARTESIAN_POINT('',(0.00169061543824316,-0.0420561020953561,0.));
#4934=CARTESIAN_POINT('',(0.00169061543824316,-0.0420561020953561,0.));
#4935=CARTESIAN_POINT('',(0.00169061543824316,-0.0420561020953561,0.));
#4936=CARTESIAN_POINT('',(0.00138928695921608,-0.0418516015337543,0.));
#4937=CARTESIAN_POINT('',(0.000781982261125528,-0.041829912080251,0.));
#4938=CARTESIAN_POINT('',(0.000781982261125528,-0.041829912080251,0.));
#4939=CARTESIAN_POINT('',(0.000546884077617259,-0.0418225531585267,0.));
#4940=CARTESIAN_POINT('',(0.00031178589410899,-0.0418151942368024,0.));
#4941=CARTESIAN_POINT('',(0.00031178589410899,-0.0417559355513381,0.));
#4942=CARTESIAN_POINT('',(0.00031178589410899,-0.041696676865874,0.));
#4943=CARTESIAN_POINT('',(0.00031178589410899,-0.041696676865874,0.));
#4944=CARTESIAN_POINT('',(0.00031178589410899,-0.0412853518726519,0.));
#4945=CARTESIAN_POINT('',(0.000733180990743251,-0.0412853518726519,0.));
#4946=CARTESIAN_POINT('',(0.000733180990743251,-0.0412853518726519,0.));
#4947=CARTESIAN_POINT('',(0.000733180990743251,-0.0412853518726519,0.));
#4948=CARTESIAN_POINT('',(0.00105774816995236,-0.0412853518726519,0.));
#4949=CARTESIAN_POINT('',(0.00149618498005345,-0.0414813315775205,0.));
#4950=CARTESIAN_POINT('',(0.00149618498005345,-0.0414813315775205,0.));
#4951=CARTESIAN_POINT('',(0.00161818815600914,-0.0412319028622333,0.));
#4952=CARTESIAN_POINT('',(0.00174019133196484,-0.0409824741469461,0.));
#4953=CARTESIAN_POINT('',(0.00174019133196484,-0.0409824741469461,0.));
#4954=CARTESIAN_POINT('',(0.0012730934583059,-0.0407376931716953,0.));
#4955=CARTESIAN_POINT('',(0.000704519927185406,-0.0407376931716953,0.));
#4956=CARTESIAN_POINT('',(0.000704519927185406,-0.0407376931716953,0.));
#4957=CARTESIAN_POINT('',(0.000704519927185406,-0.0407376931716953,0.));
#4958=CARTESIAN_POINT('',(0.000159959719586352,-0.0407376931716953,0.));
#4959=CARTESIAN_POINT('',(-0.000130524032689105,-0.0409751152252218,0.));
#4960=CARTESIAN_POINT('',(-0.000130524032689105,-0.0409751152252218,0.));
#4961=CARTESIAN_POINT('',(-0.000130524032689105,-0.0409751152252218,0.));
#4962=CARTESIAN_POINT('',(-0.000421007784964561,-0.0412125372787482,0.));
#4963=CARTESIAN_POINT('',(-0.000421007784964561,-0.041696676865874,0.));
#4964=CARTESIAN_POINT('',(-0.000421007784964561,-0.041696676865874,0.));
#4965=CARTESIAN_POINT('',(-0.000421007784964561,-0.042598338432937,0.));
#4966=CARTESIAN_POINT('',(-0.000421007784964561,-0.0435,0.));
#4967=CARTESIAN_POINT('',(-0.000163445524613657,-0.0435,0.));
#4968=CARTESIAN_POINT('',(-0.00596614896006817,-0.0433160269568922,0.));
#4969=CARTESIAN_POINT('',(-0.00603780161896279,-0.0435,0.));
#4970=CARTESIAN_POINT('',(-0.00589449630117356,-0.0431320539137845,0.));
#4971=CARTESIAN_POINT('',(-0.00588481350943105,-0.0431320539137845,0.));
#4972=CARTESIAN_POINT('',(-0.00587513071768853,-0.0431320539137845,0.));
#4973=CARTESIAN_POINT('',(-0.00587513071768853,-0.0431320539137845,0.));
#4974=CARTESIAN_POINT('',(-0.00568922111623224,-0.043366764785623,0.));
#4975=CARTESIAN_POINT('',(-0.00549169216468493,-0.0434577830280026,0.));
#4976=CARTESIAN_POINT('',(-0.00549169216468493,-0.0434577830280026,0.));
#4977=CARTESIAN_POINT('',(-0.00549169216468493,-0.0434577830280026,0.));
#4978=CARTESIAN_POINT('',(-0.00529416321313762,-0.0435488012703823,0.));
#4979=CARTESIAN_POINT('',(-0.00497734226732252,-0.0435488012703823,0.));
#4980=CARTESIAN_POINT('',(-0.00497734226732252,-0.0435488012703823,0.));
#4981=CARTESIAN_POINT('',(-0.00497734226732252,-0.0435488012703823,0.));
#4982=CARTESIAN_POINT('',(-0.00458770672760371,-0.0435488012703823,0.));
#4983=CARTESIAN_POINT('',(-0.00436384058251676,-0.0433257097486347,0.));
#4984=CARTESIAN_POINT('',(-0.00436384058251676,-0.0433257097486347,0.));
#4985=CARTESIAN_POINT('',(-0.00436384058251676,-0.0433257097486347,0.));
#4986=CARTESIAN_POINT('',(-0.00413997443742981,-0.0431026182268872,0.));
#4987=CARTESIAN_POINT('',(-0.00413997443742981,-0.0426912932336651,0.));
#4988=CARTESIAN_POINT('',(-0.00413997443742981,-0.0426912932336651,0.));
#4989=CARTESIAN_POINT('',(-0.00413997443742981,-0.0426912932336651,0.));
#4990=CARTESIAN_POINT('',(-0.00413997443742981,-0.0422606026569581,0.));
#4991=CARTESIAN_POINT('',(-0.00444130291645688,-0.0420561020953561,0.));
#4992=CARTESIAN_POINT('',(-0.00444130291645688,-0.0420561020953561,0.));
#4993=CARTESIAN_POINT('',(-0.00444130291645688,-0.0420561020953561,0.));
#4994=CARTESIAN_POINT('',(-0.00474263139548395,-0.0418516015337543,0.));
#4995=CARTESIAN_POINT('',(-0.00534993609357451,-0.041829912080251,0.));
#4996=CARTESIAN_POINT('',(-0.00534993609357451,-0.041829912080251,0.));
#4997=CARTESIAN_POINT('',(-0.00558503427708277,-0.0418225531585267,0.));
#4998=CARTESIAN_POINT('',(-0.00582013246059104,-0.0418151942368024,0.));
#4999=CARTESIAN_POINT('',(-0.00582013246059104,-0.0417559355513381,0.));
#5000=CARTESIAN_POINT('',(-0.00582013246059104,-0.041696676865874,0.));
#5001=CARTESIAN_POINT('',(-0.00582013246059104,-0.041696676865874,0.));
#5002=CARTESIAN_POINT('',(-0.00582013246059104,-0.0412853518726519,0.));
#5003=CARTESIAN_POINT('',(-0.00539873736395678,-0.0412853518726519,0.));
#5004=CARTESIAN_POINT('',(-0.00539873736395678,-0.0412853518726519,0.));
#5005=CARTESIAN_POINT('',(-0.00539873736395678,-0.0412853518726519,0.));
#5006=CARTESIAN_POINT('',(-0.00507417018474767,-0.0412853518726519,0.));
#5007=CARTESIAN_POINT('',(-0.00463573337464658,-0.0414813315775205,0.));
#5008=CARTESIAN_POINT('',(-0.00463573337464658,-0.0414813315775205,0.));
#5009=CARTESIAN_POINT('',(-0.00451373019869089,-0.0412319028622333,0.));
#5010=CARTESIAN_POINT('',(-0.0043917270227352,-0.0409824741469461,0.));
#5011=CARTESIAN_POINT('',(-0.0043917270227352,-0.0409824741469461,0.));
#5012=CARTESIAN_POINT('',(-0.00485882489639413,-0.0407376931716953,0.));
#5013=CARTESIAN_POINT('',(-0.00542739842751463,-0.0407376931716953,0.));
#5014=CARTESIAN_POINT('',(-0.00542739842751463,-0.0407376931716953,0.));
#5015=CARTESIAN_POINT('',(-0.00542739842751463,-0.0407376931716953,0.));
#5016=CARTESIAN_POINT('',(-0.00597195863511368,-0.0407376931716953,0.));
#5017=CARTESIAN_POINT('',(-0.00626244238738914,-0.0409751152252218,0.));
#5018=CARTESIAN_POINT('',(-0.00626244238738914,-0.0409751152252218,0.));
#5019=CARTESIAN_POINT('',(-0.00626244238738914,-0.0409751152252218,0.));
#5020=CARTESIAN_POINT('',(-0.00655292613966459,-0.0412125372787482,0.));
#5021=CARTESIAN_POINT('',(-0.00655292613966459,-0.041696676865874,0.));
#5022=CARTESIAN_POINT('',(-0.00655292613966459,-0.041696676865874,0.));
#5023=CARTESIAN_POINT('',(-0.00655292613966459,-0.042598338432937,0.));
#5024=CARTESIAN_POINT('',(-0.00655292613966459,-0.0435,0.));
#5025=CARTESIAN_POINT('',(-0.00629536387931369,-0.0435,0.));
#5026=CARTESIAN_POINT('',(-0.0289279486030327,0.0225803486379581,0.));
#5027=CARTESIAN_POINT('',(-0.0274029486030327,0.0225803486379581,0.));
#5028=CARTESIAN_POINT('',(0.0288720513969674,0.0412803486379581,0.));
#5029=CARTESIAN_POINT('',(0.0303970513969673,0.0412803486379581,0.));
#5030=CARTESIAN_POINT('',(0.0288720513969674,-0.0414196513620419,0.));
#5031=CARTESIAN_POINT('',(0.0303970513969673,-0.0414196513620419,0.));
#5032=CARTESIAN_POINT('',(-0.0289279486030327,-0.0414196513620419,0.));
#5033=CARTESIAN_POINT('',(-0.0274029486030327,-0.0414196513620419,0.));
#5034=CARTESIAN_POINT('',(-0.00817033967233434,-0.0435488012703823,0.));
#5035=CARTESIAN_POINT('',(-0.00769394631860259,-0.0435488012703823,0.));
#5036=CARTESIAN_POINT('',(-0.00742166621480306,-0.0431781440024788,0.));
#5037=CARTESIAN_POINT('',(-0.00817033967233434,-0.0435488012703823,0.));
#5038=CARTESIAN_POINT('',(-0.00742166621480306,-0.0431781440024788,0.));
#5039=CARTESIAN_POINT('',(-0.00742166621480306,-0.0431781440024788,0.));
#5040=CARTESIAN_POINT('',(-0.00714938611100353,-0.0428074867345754,0.));
#5041=CARTESIAN_POINT('',(-0.00714938611100353,-0.0421513807661025,0.));
#5042=CARTESIAN_POINT('',(-0.00714938611100353,-0.0421513807661025,0.));
#5043=CARTESIAN_POINT('',(-0.00714938611100353,-0.0421513807661025,0.));
#5044=CARTESIAN_POINT('',(-0.00714938611100353,-0.0414859793175569,0.));
#5045=CARTESIAN_POINT('',(-0.00742631395483947,-0.041114547426314,0.));
#5046=CARTESIAN_POINT('',(-0.00742631395483947,-0.041114547426314,0.));
#5047=CARTESIAN_POINT('',(-0.00742631395483947,-0.041114547426314,0.));
#5048=CARTESIAN_POINT('',(-0.0077032417986754,-0.0407431155350711,0.));
#5049=CARTESIAN_POINT('',(-0.00818970525581936,-0.0407431155350711,0.));
#5050=CARTESIAN_POINT('',(-0.00818970525581936,-0.0407431155350711,0.));
#5051=CARTESIAN_POINT('',(-0.00818970525581936,-0.0407431155350711,0.));
#5052=CARTESIAN_POINT('',(-0.00870095665982417,-0.0407431155350711,0.));
#5053=CARTESIAN_POINT('',(-0.00896975095859639,-0.0411397226848445,0.));
#5054=CARTESIAN_POINT('',(-0.00896975095859639,-0.0411397226848445,0.));
#5055=CARTESIAN_POINT('',(-0.00898175762035711,-0.0411397226848445,0.));
#5056=CARTESIAN_POINT('',(-0.00899376428211783,-0.0411397226848445,0.));
#5057=CARTESIAN_POINT('',(-0.011976340969924,-0.0405527040609244,0.));
#5058=CARTESIAN_POINT('',(-0.00893770924232041,-0.040599814591842,0.));
#5059=CARTESIAN_POINT('',(-0.00893799140168094,-0.0401664084588869,0.));
#5060=CARTESIAN_POINT('',(-0.00893799140168094,-0.0397330067004919,0.));
#5061=CARTESIAN_POINT('',(-0.00930826135791472,-0.0397330067004919,0.));
#5062=CARTESIAN_POINT('',(-0.0096785313141485,-0.0397330067004919,0.));
#5063=CARTESIAN_POINT('',(-0.0096785313141485,-0.041616503350246,0.));
#5064=CARTESIAN_POINT('',(-0.0096785313141485,-0.0435,0.));
#5065=CARTESIAN_POINT('',(-0.00939540648359736,-0.0435,0.));
#5066=CARTESIAN_POINT('',(-0.00911228165304622,-0.0435,0.));
#5067=CARTESIAN_POINT('',(-0.0090410163058213,-0.0433245478136257,0.));
#5068=CARTESIAN_POINT('',(-0.00896975095859639,-0.0431490956272512,0.));
#5069=CARTESIAN_POINT('',(-0.00895387118013867,-0.0431490956272512,0.));
#5070=CARTESIAN_POINT('',(-0.00893799140168094,-0.0431490956272512,0.));
#5071=CARTESIAN_POINT('',(-0.00893799140168094,-0.0431490956272512,0.));
#5072=CARTESIAN_POINT('',(-0.00868623881637555,-0.0435488012703823,0.));
#5073=CARTESIAN_POINT('',(-0.00817033967233434,-0.0435488012703823,0.));
#5074=CARTESIAN_POINT('',(-0.00266819009256749,-0.0435488012703823,0.));
#5075=CARTESIAN_POINT('',(-0.00219102211549635,-0.0435488012703823,0.));
#5076=CARTESIAN_POINT('',(-0.00191990394670591,-0.0432025446376699,0.));
#5077=CARTESIAN_POINT('',(-0.00266819009256749,-0.0435488012703823,0.));
#5078=CARTESIAN_POINT('',(-0.00191990394670591,-0.0432025446376699,0.));
#5079=CARTESIAN_POINT('',(-0.00190053836322089,-0.0432025446376699,0.));
#5080=CARTESIAN_POINT('',(-0.00188117277973586,-0.0432025446376699,0.));
#5081=CARTESIAN_POINT('',(0.00626774122782713,-0.0442318192405236,0.));
#5082=CARTESIAN_POINT('',(-0.00192030665488888,-0.0435944727011483,0.));
#5083=CARTESIAN_POINT('',(-0.00191990394670591,-0.0441429373717031,0.));
#5084=CARTESIAN_POINT('',(-0.00191990394670591,-0.0446913706959991,0.));
#5085=CARTESIAN_POINT('',(-0.00155079592548124,-0.0446913706959991,0.));
#5086=CARTESIAN_POINT('',(-0.00118168790425656,-0.0446913706959991,0.));
#5087=CARTESIAN_POINT('',(-0.00118168790425656,-0.0427424183740657,0.));
#5088=CARTESIAN_POINT('',(-0.00118168790425656,-0.0407934660521322,0.));
#5089=CARTESIAN_POINT('',(-0.00148185444827453,-0.0407934660521322,0.));
#5090=CARTESIAN_POINT('',(-0.0017820209922925,-0.0407934660521322,0.));
#5091=CARTESIAN_POINT('',(-0.00183392075603238,-0.0409689182385066,0.));
#5092=CARTESIAN_POINT('',(-0.00188582051977227,-0.0411443704248809,0.));
#5093=CARTESIAN_POINT('',(-0.00190286223323909,-0.0411443704248809,0.));
#5094=CARTESIAN_POINT('',(-0.00191990394670591,-0.0411443704248809,0.));
#5095=CARTESIAN_POINT('',(-0.00191990394670591,-0.0411443704248809,0.));
#5096=CARTESIAN_POINT('',(-0.00217940276540533,-0.0407431155350711,0.));
#5097=CARTESIAN_POINT('',(-0.00268755567605252,-0.0407431155350711,0.));
#5098=CARTESIAN_POINT('',(-0.00268755567605252,-0.0407431155350711,0.));
#5099=CARTESIAN_POINT('',(-0.00268755567605252,-0.0407431155350711,0.));
#5100=CARTESIAN_POINT('',(-0.00316704752314188,-0.0407431155350711,0.));
#5101=CARTESIAN_POINT('',(-0.0034381656919323,-0.0411133854913049,0.));
#5102=CARTESIAN_POINT('',(-0.0034381656919323,-0.0411133854913049,0.));
#5103=CARTESIAN_POINT('',(-0.0034381656919323,-0.0411133854913049,0.));
#5104=CARTESIAN_POINT('',(-0.00370928386072273,-0.0414836554475386,0.));
#5105=CARTESIAN_POINT('',(-0.00370928386072273,-0.0421420852860297,0.));
#5106=CARTESIAN_POINT('',(-0.00370928386072273,-0.0421420852860297,0.));
#5107=CARTESIAN_POINT('',(-0.00370928386072273,-0.0421420852860297,0.));
#5108=CARTESIAN_POINT('',(-0.00370928386072273,-0.042575099732755,0.));
#5109=CARTESIAN_POINT('',(-0.00358185832139122,-0.042894631860258,0.));
#5110=CARTESIAN_POINT('',(-0.00358185832139122,-0.042894631860258,0.));
#5111=CARTESIAN_POINT('',(-0.00358185832139122,-0.042894631860258,0.));
#5112=CARTESIAN_POINT('',(-0.00345443278205972,-0.0432141639877609,0.));
#5113=CARTESIAN_POINT('',(-0.00321972191022116,-0.0433814826290716,0.));
#5114=CARTESIAN_POINT('',(-0.00321972191022116,-0.0433814826290716,0.));
#5115=CARTESIAN_POINT('',(-0.00269121615720702,-0.0426232721227881,0.));
#5116=CARTESIAN_POINT('',(0.00295673728649445,-0.0435,0.));
#5117=CARTESIAN_POINT('',(0.00258762926526977,-0.0435,0.));
#5118=CARTESIAN_POINT('',(0.00332584530771912,-0.0435,0.));
#5119=CARTESIAN_POINT('',(0.00332584530771912,-0.041616503350246,0.));
#5120=CARTESIAN_POINT('',(0.00332584530771912,-0.0397330067004919,0.));
#5121=CARTESIAN_POINT('',(0.00295673728649445,-0.0397330067004919,0.));
#5122=CARTESIAN_POINT('',(0.00258762926526977,-0.0397330067004919,0.));
#5123=CARTESIAN_POINT('',(0.00258762926526977,-0.041616503350246,0.));
#5124=CARTESIAN_POINT('',(0.00713389364421551,-0.0435,0.));
#5125=CARTESIAN_POINT('',(0.00670785080754484,-0.0435,0.));
#5126=CARTESIAN_POINT('',(0.00755993648088618,-0.0435,0.));
#5127=CARTESIAN_POINT('',(0.00802354854951781,-0.0427544250358263,0.));
#5128=CARTESIAN_POINT('',(0.00848716061814944,-0.0420088500716526,0.));
#5129=CARTESIAN_POINT('',(0.00864557109105698,-0.0421227197025447,0.));
#5130=CARTESIAN_POINT('',(0.00880398156396453,-0.0422365893334367,0.));
#5131=CARTESIAN_POINT('',(0.00880398156396453,-0.0428682946667183,0.));
#5132=CARTESIAN_POINT('',(0.00880398156396453,-0.0435,0.));
#5133=CARTESIAN_POINT('',(0.00917928657190442,-0.0435,0.));
#5134=CARTESIAN_POINT('',(0.00955459157984431,-0.0435,0.));
#5135=CARTESIAN_POINT('',(0.00955459157984431,-0.041730372981138,0.));
#5136=CARTESIAN_POINT('',(0.00955459157984431,-0.0399607459622758,0.));
#5137=CARTESIAN_POINT('',(0.00917928657190442,-0.0399607459622758,0.));
#5138=CARTESIAN_POINT('',(0.00880398156396453,-0.0399607459622758,0.));
#5139=CARTESIAN_POINT('',(0.00880398156396453,-0.0407706146636198,0.));
#5140=CARTESIAN_POINT('',(0.00880398156396453,-0.0415804833649638,0.));
#5141=CARTESIAN_POINT('',(0.0086564158178086,-0.0413721096866648,0.));
#5142=CARTESIAN_POINT('',(0.00850885007165267,-0.0411637360083659,0.));
#5143=CARTESIAN_POINT('',(0.00802935822456331,-0.0405622409853209,0.));
#5144=CARTESIAN_POINT('',(0.00754986637747396,-0.0399607459622758,0.));
#5145=CARTESIAN_POINT('',(0.00713350633254581,-0.0399607459622758,0.));
#5146=CARTESIAN_POINT('',(0.00671714628761765,-0.0399607459622758,0.));
#5147=CARTESIAN_POINT('',(0.00733452108912042,-0.0407438901584105,0.));
#5148=CARTESIAN_POINT('',(0.00795189589062319,-0.0415270343545451,0.));
#5149=CARTESIAN_POINT('',(0.00732987334908401,-0.0425135171772726,0.));
#5150=CARTESIAN_POINT('',(6.93889390390723E-18,0.0475,0.003));
#5151=CARTESIAN_POINT('',(0.03,0.0475,0.003));
#5152=CARTESIAN_POINT('',(0.03,0.0475,0.013));
#5153=CARTESIAN_POINT('',(0.03,0.0475,0.001));
#5154=CARTESIAN_POINT('',(6.93889390390723E-18,0.0475,0.001));
#5155=CARTESIAN_POINT('',(-0.03,0.0475,0.001));
#5156=CARTESIAN_POINT('',(-0.03,0.0475,0.013));
#5157=CARTESIAN_POINT('',(-0.03,0.0475,0.013));
#5158=CARTESIAN_POINT('',(6.93889390390723E-18,0.0475,0.013));
#5159=CARTESIAN_POINT('',(-0.00275527459470552,0.0475,0.00981));
#5160=CARTESIAN_POINT('',(-0.00410527459470557,0.0475,0.00981));
#5161=CARTESIAN_POINT('',(-0.00275527459470552,0.0475,0.01116));
#5162=CARTESIAN_POINT('',(-0.00410527459470557,0.0475,0.009455));
#5163=CARTESIAN_POINT('',(-0.00410527459470551,0.0475,0.0091));
#5164=CARTESIAN_POINT('',(-0.00275527459470552,0.0475,0.0091));
#5165=CARTESIAN_POINT('',(-0.00275527459470552,0.0475,0.00775));
#5166=CARTESIAN_POINT('',(0.000464725405294484,0.0475,0.00775));
#5167=CARTESIAN_POINT('',(0.00368472540529448,0.0475,0.00775));
#5168=CARTESIAN_POINT('',(0.00368472540529448,0.0475,0.0091));
#5169=CARTESIAN_POINT('',(0.00503472540529448,0.0475,0.0091));
#5170=CARTESIAN_POINT('',(0.00503472540529448,0.0475,0.009455));
#5171=CARTESIAN_POINT('',(0.00503472540529448,0.0475,0.00981));
#5172=CARTESIAN_POINT('',(0.00368472540529448,0.0475,0.00981));
#5173=CARTESIAN_POINT('',(0.00368472540529448,0.0475,0.01116));
#5174=CARTESIAN_POINT('',(0.000464725405294484,0.0475,0.01116));
#5175=CARTESIAN_POINT('',(0.,0.0455,0.013));
#5176=CARTESIAN_POINT('',(0.,0.0455,0.005));
#5177=CARTESIAN_POINT('',(0.031,0.0455,0.005));
#5178=CARTESIAN_POINT('',(0.025,0.0455,0.005));
#5179=CARTESIAN_POINT('',(0.031,0.0455,0.013));
#5180=CARTESIAN_POINT('',(0.031,0.0455,0.013));
#5181=CARTESIAN_POINT('',(0.,0.0455,0.013));
#5182=CARTESIAN_POINT('',(-0.031,0.0455,0.013));
#5183=CARTESIAN_POINT('',(-0.031,0.0455,0.013));
#5184=CARTESIAN_POINT('',(-0.031,0.0455,0.003));
#5185=CARTESIAN_POINT('',(0.,0.0455,0.003));
#5186=CARTESIAN_POINT('',(0.025,0.0455,0.003));
#5187=CARTESIAN_POINT('',(0.025,0.0455,0.005));
#5188=CARTESIAN_POINT('',(-0.00275527459470552,0.0455,0.0091));
#5189=CARTESIAN_POINT('',(-0.00275527459470552,0.0455,0.00775));
#5190=CARTESIAN_POINT('',(-0.00410527459470551,0.0455,0.0091));
#5191=CARTESIAN_POINT('',(-0.00410527459470557,0.0455,0.009455));
#5192=CARTESIAN_POINT('',(-0.00410527459470551,0.0455,0.00981));
#5193=CARTESIAN_POINT('',(-0.00275527459470552,0.0455,0.00981));
#5194=CARTESIAN_POINT('',(-0.00275527459470552,0.0455,0.01116));
#5195=CARTESIAN_POINT('',(0.000464725405294484,0.0455,0.01116));
#5196=CARTESIAN_POINT('',(0.00368472540529448,0.0455,0.01116));
#5197=CARTESIAN_POINT('',(0.00368472540529448,0.0455,0.00981));
#5198=CARTESIAN_POINT('',(0.00503472540529448,0.0455,0.00981));
#5199=CARTESIAN_POINT('',(0.00503472540529448,0.0455,0.009455));
#5200=CARTESIAN_POINT('',(0.00503472540529448,0.0455,0.0091));
#5201=CARTESIAN_POINT('',(0.00368472540529448,0.0455,0.0091));
#5202=CARTESIAN_POINT('',(0.00368472540529448,0.0455,0.00775));
#5203=CARTESIAN_POINT('',(0.000464725405294484,0.0455,0.00775));
#5204=CARTESIAN_POINT('',(0.,-0.0455,0.013));
#5205=CARTESIAN_POINT('',(0.,-0.0455,0.013));
#5206=CARTESIAN_POINT('',(0.031,-0.0455,0.013));
#5207=CARTESIAN_POINT('',(-0.031,-0.0455,0.013));
#5208=CARTESIAN_POINT('',(0.031,-0.0455,0.013));
#5209=CARTESIAN_POINT('',(0.031,-0.0455,0.005));
#5210=CARTESIAN_POINT('',(0.,-0.0455,0.005));
#5211=CARTESIAN_POINT('',(0.025,-0.0455,0.005));
#5212=CARTESIAN_POINT('',(0.025,-0.0455,0.005));
#5213=CARTESIAN_POINT('',(0.025,-0.0455,0.003));
#5214=CARTESIAN_POINT('',(0.,-0.0455,0.003));
#5215=CARTESIAN_POINT('',(-0.025,-0.0455,0.003));
#5216=CARTESIAN_POINT('',(-0.025,-0.0455,0.005));
#5217=CARTESIAN_POINT('',(-0.025,-0.0455,0.005));
#5218=CARTESIAN_POINT('',(0.,-0.0455,0.005));
#5219=CARTESIAN_POINT('',(-0.031,-0.0455,0.005));
#5220=CARTESIAN_POINT('',(-0.031,-0.0455,0.013));
#5221=CARTESIAN_POINT('',(-0.033,-6.93889390390723E-18,0.013));
#5222=CARTESIAN_POINT('',(-0.033,-6.93889390390723E-18,0.003));
#5223=CARTESIAN_POINT('',(-0.033,0.0265803486379581,0.003));
#5224=CARTESIAN_POINT('',(-0.033,0.0435,0.003));
#5225=CARTESIAN_POINT('',(-0.033,0.0435,0.013));
#5226=CARTESIAN_POINT('',(-0.033,0.0435,0.013));
#5227=CARTESIAN_POINT('',(-0.033,-6.93889390390723E-18,0.013));
#5228=CARTESIAN_POINT('',(-0.033,-0.0435,0.013));
#5229=CARTESIAN_POINT('',(-0.033,-0.0435,0.005));
#5230=CARTESIAN_POINT('',(-0.033,-0.0435,0.005));
#5231=CARTESIAN_POINT('',(-0.033,-6.93889390390723E-18,0.005));
#5232=CARTESIAN_POINT('',(-0.033,-0.0375,0.005));
#5233=CARTESIAN_POINT('',(-0.033,-0.0375,0.005));
#5234=CARTESIAN_POINT('',(-0.033,-0.0375,0.003));
#5235=CARTESIAN_POINT('',(-0.033,-6.93889390390723E-18,0.003));
#5236=CARTESIAN_POINT('',(-0.033,0.0185803486379581,0.003));
#5237=CARTESIAN_POINT('',(-0.033,0.0185803486379581,0.005));
#5238=CARTESIAN_POINT('',(-0.033,0.0185803486379581,0.005));
#5239=CARTESIAN_POINT('',(-0.033,-6.93889390390723E-18,0.005));
#5240=CARTESIAN_POINT('',(-0.033,0.0265803486379581,0.005));
#5241=CARTESIAN_POINT('',(-0.033,0.0265803486379581,0.005));
#5242=CARTESIAN_POINT('',(0.,-0.0475,0.003));
#5243=CARTESIAN_POINT('',(-0.03,-0.0475,0.003));
#5244=CARTESIAN_POINT('',(-0.03,-0.0475,0.013));
#5245=CARTESIAN_POINT('',(-0.03,-0.0475,0.001));
#5246=CARTESIAN_POINT('',(0.03,-0.0475,0.001));
#5247=CARTESIAN_POINT('',(0.03,-0.0475,0.001));
#5248=CARTESIAN_POINT('',(0.03,-0.0475,0.013));
#5249=CARTESIAN_POINT('',(0.03,-0.0475,0.013));
#5250=CARTESIAN_POINT('',(0.,-0.0475,0.013));
#5251=CARTESIAN_POINT('',(0.035,0.,0.003));
#5252=CARTESIAN_POINT('',(0.035,-0.0425,0.));
#5253=CARTESIAN_POINT('',(0.035,-0.0425,0.013));
#5254=CARTESIAN_POINT('',(0.035,-0.0425,0.001));
#5255=CARTESIAN_POINT('',(0.035,0.,0.001));
#5256=CARTESIAN_POINT('',(0.035,0.0425,0.001));
#5257=CARTESIAN_POINT('',(0.035,0.0425,0.003));
#5258=CARTESIAN_POINT('',(0.035,0.0425,0.013));
#5259=CARTESIAN_POINT('',(0.035,0.,0.013));
#5260=CARTESIAN_POINT('',(-0.035,-6.93889390390723E-18,0.003));
#5261=CARTESIAN_POINT('',(-0.035,0.0425,0.));
#5262=CARTESIAN_POINT('',(-0.035,0.0425,0.013));
#5263=CARTESIAN_POINT('',(-0.035,0.0425,0.001));
#5264=CARTESIAN_POINT('',(-0.035,-0.0425,0.001));
#5265=CARTESIAN_POINT('',(-0.035,-0.0425,0.001));
#5266=CARTESIAN_POINT('',(-0.035,-0.0425,0.003));
#5267=CARTESIAN_POINT('',(-0.035,-0.0425,0.013));
#5268=CARTESIAN_POINT('',(-0.035,-6.93889390390723E-18,0.013));
#5269=CARTESIAN_POINT('',(0.033,6.93889390390723E-18,0.013));
#5270=CARTESIAN_POINT('',(0.033,6.93889390390723E-18,0.013));
#5271=CARTESIAN_POINT('',(0.033,-0.0435,0.013));
#5272=CARTESIAN_POINT('',(0.033,0.0435,0.013));
#5273=CARTESIAN_POINT('',(0.033,0.0435,0.005));
#5274=CARTESIAN_POINT('',(0.033,0.0435,0.005));
#5275=CARTESIAN_POINT('',(0.033,6.93889390390723E-18,0.005));
#5276=CARTESIAN_POINT('',(0.033,0.0375,0.005));
#5277=CARTESIAN_POINT('',(0.033,0.0375,0.005));
#5278=CARTESIAN_POINT('',(0.033,0.0375,0.003));
#5279=CARTESIAN_POINT('',(0.033,6.93889390390723E-18,0.003));
#5280=CARTESIAN_POINT('',(0.033,-0.0375,0.003));
#5281=CARTESIAN_POINT('',(0.033,-0.0375,0.005));
#5282=CARTESIAN_POINT('',(0.033,-0.0375,0.005));
#5283=CARTESIAN_POINT('',(0.033,6.93889390390723E-18,0.005));
#5284=CARTESIAN_POINT('',(0.033,-0.0435,0.005));
#5285=CARTESIAN_POINT('',(0.033,-0.0435,0.013));
#5286=CARTESIAN_POINT('',(0.,0.,0.013));
#5287=CARTESIAN_POINT('',(0.031,-0.0435,0.013));
#5288=CARTESIAN_POINT('',(-0.031,-0.0435,0.013));
#5289=CARTESIAN_POINT('',(-0.031,0.0435,0.013));
#5290=CARTESIAN_POINT('',(0.031,0.0435,0.013));
#5291=CARTESIAN_POINT('',(-0.03,0.0425,0.013));
#5292=CARTESIAN_POINT('',(-0.03,-0.0425,0.013));
#5293=CARTESIAN_POINT('',(0.03,-0.0425,0.013));
#5294=CARTESIAN_POINT('',(0.03,0.0425,0.013));
#5295=CARTESIAN_POINT('',(0.,0.,0.003));
#5296=CARTESIAN_POINT('',(-0.031,0.0435,0.003));
#5297=CARTESIAN_POINT('',(-0.0295,0.0265803486379581,0.003));
#5298=CARTESIAN_POINT('',(-0.026,0.0265803486379581,0.003));
#5299=CARTESIAN_POINT('',(-0.026,0.0255803486379581,0.003));
#5300=CARTESIAN_POINT('',(-0.025,0.0255803486379581,0.003));
#5301=CARTESIAN_POINT('',(-0.025,0.0225803486379581,0.003));
#5302=CARTESIAN_POINT('',(-0.025,0.0195803486379581,0.003));
#5303=CARTESIAN_POINT('',(-0.026,0.0195803486379581,0.003));
#5304=CARTESIAN_POINT('',(-0.026,0.0185803486379581,0.003));
#5305=CARTESIAN_POINT('',(-0.0295,0.0185803486379581,0.003));
#5306=CARTESIAN_POINT('',(-0.0295,-0.0375,0.003));
#5307=CARTESIAN_POINT('',(-0.026,-0.0375,0.003));
#5308=CARTESIAN_POINT('',(-0.026,-0.0385,0.003));
#5309=CARTESIAN_POINT('',(-0.025,-0.0385,0.003));
#5310=CARTESIAN_POINT('',(-0.025,-0.042,0.003));
#5311=CARTESIAN_POINT('',(0.025,-0.042,0.003));
#5312=CARTESIAN_POINT('',(0.025,-0.0385,0.003));
#5313=CARTESIAN_POINT('',(0.026,-0.0385,0.003));
#5314=CARTESIAN_POINT('',(0.026,-0.0375,0.003));
#5315=CARTESIAN_POINT('',(0.0295,-0.0375,0.003));
#5316=CARTESIAN_POINT('',(0.0295,0.0375,0.003));
#5317=CARTESIAN_POINT('',(0.026,0.0375,0.003));
#5318=CARTESIAN_POINT('',(0.026,0.0385,0.003));
#5319=CARTESIAN_POINT('',(0.025,0.0385,0.003));
#5320=CARTESIAN_POINT('',(0.025,0.042,0.003));
#5321=CARTESIAN_POINT('',(-0.0295,0.0185803486379581,0.005));
#5322=CARTESIAN_POINT('',(-0.026,0.0185803486379581,0.005));
#5323=CARTESIAN_POINT('',(-0.026,0.0185803486379581,0.005));
#5324=CARTESIAN_POINT('',(-0.0295,0.0185803486379581,0.005));
#5325=CARTESIAN_POINT('',(-0.026,0.0195803486379581,0.005));
#5326=CARTESIAN_POINT('',(-0.025,0.0195803486379581,0.005));
#5327=CARTESIAN_POINT('',(-0.025,0.0195803486379581,0.005));
#5328=CARTESIAN_POINT('',(-0.026,0.0195803486379581,0.005));
#5329=CARTESIAN_POINT('',(-0.025,0.0225803486379581,0.005));
#5330=CARTESIAN_POINT('',(-0.025,0.0255803486379581,0.005));
#5331=CARTESIAN_POINT('',(-0.025,0.0255803486379581,0.005));
#5332=CARTESIAN_POINT('',(-0.025,0.0225803486379581,0.005));
#5333=CARTESIAN_POINT('',(-0.026,0.0255803486379581,0.005));
#5334=CARTESIAN_POINT('',(-0.026,0.0265803486379581,0.005));
#5335=CARTESIAN_POINT('',(-0.026,0.0265803486379581,0.005));
#5336=CARTESIAN_POINT('',(-0.026,0.0255803486379581,0.005));
#5337=CARTESIAN_POINT('',(-0.0289279486030327,0.0225803486379581,0.005));
#5338=CARTESIAN_POINT('',(-0.0289279486030327,0.0225803486379581,0.005));
#5339=CARTESIAN_POINT('',(-0.0274029486030327,0.0225803486379581,0.005));
#5340=CARTESIAN_POINT('',(-0.0295,0.0265803486379581,0.005));
#5341=CARTESIAN_POINT('',(-0.0295,0.0265803486379581,0.005));
#5342=CARTESIAN_POINT('',(0.,0.,0.005));
#5343=CARTESIAN_POINT('',(0.025,-0.042,0.005));
#5344=CARTESIAN_POINT('',(0.025,-0.042,0.005));
#5345=CARTESIAN_POINT('',(0.025,-0.0385,0.005));
#5346=CARTESIAN_POINT('',(0.025,-0.0385,0.005));
#5347=CARTESIAN_POINT('',(0.0295,-0.0375,0.005));
#5348=CARTESIAN_POINT('',(0.026,-0.0375,0.005));
#5349=CARTESIAN_POINT('',(0.026,-0.0375,0.005));
#5350=CARTESIAN_POINT('',(0.0295,-0.0375,0.005));
#5351=CARTESIAN_POINT('',(0.026,-0.0385,0.005));
#5352=CARTESIAN_POINT('',(0.026,-0.0385,0.005));
#5353=CARTESIAN_POINT('',(0.0288720513969674,-0.0414196513620419,0.005));
#5354=CARTESIAN_POINT('',(0.0288720513969674,-0.0414196513620419,0.005));
#5355=CARTESIAN_POINT('',(0.0303970513969673,-0.0414196513620419,0.005));
#5356=CARTESIAN_POINT('',(0.,0.,0.005));
#5357=CARTESIAN_POINT('',(0.031,-0.0435,0.005));
#5358=CARTESIAN_POINT('',(-0.0295,-0.0375,0.005));
#5359=CARTESIAN_POINT('',(-0.0295,-0.0375,0.005));
#5360=CARTESIAN_POINT('',(-0.026,-0.0375,0.005));
#5361=CARTESIAN_POINT('',(-0.026,-0.0375,0.005));
#5362=CARTESIAN_POINT('',(-0.025,-0.042,0.005));
#5363=CARTESIAN_POINT('',(-0.025,-0.0385,0.005));
#5364=CARTESIAN_POINT('',(-0.025,-0.0385,0.005));
#5365=CARTESIAN_POINT('',(-0.025,-0.042,0.005));
#5366=CARTESIAN_POINT('',(-0.026,-0.0385,0.005));
#5367=CARTESIAN_POINT('',(-0.026,-0.0385,0.005));
#5368=CARTESIAN_POINT('',(-0.0289279486030327,-0.0414196513620419,0.005));
#5369=CARTESIAN_POINT('',(-0.0289279486030327,-0.0414196513620419,0.005));
#5370=CARTESIAN_POINT('',(-0.0274029486030327,-0.0414196513620419,0.005));
#5371=CARTESIAN_POINT('',(0.,0.,0.005));
#5372=CARTESIAN_POINT('',(-0.031,-0.0435,0.005));
#5373=CARTESIAN_POINT('',(0.0295,0.0375,0.005));
#5374=CARTESIAN_POINT('',(0.0295,0.0375,0.005));
#5375=CARTESIAN_POINT('',(0.026,0.0375,0.005));
#5376=CARTESIAN_POINT('',(0.026,0.0375,0.005));
#5377=CARTESIAN_POINT('',(0.025,0.042,0.005));
#5378=CARTESIAN_POINT('',(0.025,0.0385,0.005));
#5379=CARTESIAN_POINT('',(0.025,0.0385,0.005));
#5380=CARTESIAN_POINT('',(0.025,0.042,0.005));
#5381=CARTESIAN_POINT('',(0.026,0.0385,0.005));
#5382=CARTESIAN_POINT('',(0.026,0.0385,0.005));
#5383=CARTESIAN_POINT('',(0.0288720513969674,0.0412803486379581,0.005));
#5384=CARTESIAN_POINT('',(0.0288720513969674,0.0412803486379581,0.005));
#5385=CARTESIAN_POINT('',(0.0303970513969673,0.0412803486379581,0.005));
#5386=CARTESIAN_POINT('',(0.,0.,0.005));
#5387=CARTESIAN_POINT('',(0.031,0.0435,0.005));
#5388=CARTESIAN_POINT('',(-0.03,0.0425,0.003));
#5389=CARTESIAN_POINT('',(-0.03,0.0425,0.001));
#5390=CARTESIAN_POINT('',(0.03,0.0425,0.003));
#5391=CARTESIAN_POINT('',(0.03,0.0425,0.001));
#5392=CARTESIAN_POINT('',(0.03,-0.0425,0.003));
#5393=CARTESIAN_POINT('',(0.03,-0.0425,0.001));
#5394=CARTESIAN_POINT('',(-0.03,-0.0425,0.003));
#5395=CARTESIAN_POINT('',(-0.03,-0.0425,0.001));
#5396=CARTESIAN_POINT('',(-0.00410527459470557,0.0425,0.009455));
#5397=CARTESIAN_POINT('',(-0.00410527459470551,0.0425,0.0091));
#5398=CARTESIAN_POINT('',(-0.00410527459470557,0.0425,0.00981));
#5399=CARTESIAN_POINT('',(-0.00275527459470552,0.0425,0.00981));
#5400=CARTESIAN_POINT('',(-0.00275527459470552,0.0425,0.01116));
#5401=CARTESIAN_POINT('',(0.000464725405294485,0.0425,0.01116));
#5402=CARTESIAN_POINT('',(0.00368472540529448,0.0425,0.01116));
#5403=CARTESIAN_POINT('',(0.00368472540529448,0.0425,0.00981));
#5404=CARTESIAN_POINT('',(0.00503472540529448,0.0425,0.00981));
#5405=CARTESIAN_POINT('',(0.00503472540529448,0.0425,0.009455));
#5406=CARTESIAN_POINT('',(0.00503472540529448,0.0425,0.0091));
#5407=CARTESIAN_POINT('',(0.00368472540529448,0.0425,0.0091));
#5408=CARTESIAN_POINT('',(0.00368472540529448,0.0425,0.00775));
#5409=CARTESIAN_POINT('',(0.000464725405294485,0.0425,0.00775));
#5410=CARTESIAN_POINT('',(-0.00275527459470552,0.0425,0.00775));
#5411=CARTESIAN_POINT('',(-0.00275527459470552,0.0425,0.0091));
#5412=CARTESIAN_POINT('',(0.031,0.0435,0.013));
#5413=CARTESIAN_POINT('',(-0.031,0.0435,0.013));
#5414=CARTESIAN_POINT('',(0.031,-0.0435,0.013));
#5415=CARTESIAN_POINT('',(-0.031,-0.0435,0.013));
#5416=CARTESIAN_POINT('',(-0.00842983849103374,-0.0429600875324374,0.002));
#5417=CARTESIAN_POINT('',(-0.00842983849103374,-0.0429600875324374,0.));
#5418=CARTESIAN_POINT('',(-0.00861833017028804,-0.0429600875324374,0.002));
#5419=CARTESIAN_POINT('',(-0.00861833017028804,-0.0429600875324374,0.));
#5420=CARTESIAN_POINT('',(-0.00875660043637116,-0.0429052183792298,0.002));
#5421=CARTESIAN_POINT('',(-0.00875660043637116,-0.0429052183792298,0.));
#5422=CARTESIAN_POINT('',(-0.00884464928928309,-0.0427954800728146,0.002));
#5423=CARTESIAN_POINT('',(-0.00884464928928309,-0.0427954800728146,0.));
#5424=CARTESIAN_POINT('',(-0.00842983849103374,-0.0429600875324374,0.));
#5425=CARTESIAN_POINT('',(-0.00871257600991519,-0.0429600875324374,0.));
#5426=CARTESIAN_POINT('',(-0.00884464928928309,-0.0427954800728146,0.));
#5427=CARTESIAN_POINT('',(-0.00842983849103374,-0.0429600875324374,0.));
#5428=CARTESIAN_POINT('',(-0.00884464928928309,-0.0427954800728146,0.));
#5429=CARTESIAN_POINT('',(-0.00842983849103374,-0.0429600875324374,0.002));
#5430=CARTESIAN_POINT('',(-0.00842983849103374,-0.0429600875324374,0.002));
#5431=CARTESIAN_POINT('',(-0.00842983849103374,-0.0429600875324374,0.002));
#5432=CARTESIAN_POINT('',(-0.00871257600991519,-0.0429600875324374,0.002));
#5433=CARTESIAN_POINT('',(-0.00884464928928309,-0.0427954800728146,0.002));
#5434=CARTESIAN_POINT('',(-0.00884464928928309,-0.0427954800728146,0.002));
#5435=CARTESIAN_POINT('',(-0.00884464928928309,-0.0427954800728146,0.002));
#5436=CARTESIAN_POINT('',(-0.00803478058793912,-0.0427602347108718,0.002));
#5437=CARTESIAN_POINT('',(-0.00803478058793912,-0.0427602347108718,0.));
#5438=CARTESIAN_POINT('',(-0.00812670255754807,-0.0428934699252489,0.002));
#5439=CARTESIAN_POINT('',(-0.00812670255754807,-0.0428934699252489,0.));
#5440=CARTESIAN_POINT('',(-0.00825838852524627,-0.0429600875324374,0.002));
#5441=CARTESIAN_POINT('',(-0.00825838852524627,-0.0429600875324374,0.));
#5442=CARTESIAN_POINT('',(-0.00842983849103374,-0.0429600875324374,0.002));
#5443=CARTESIAN_POINT('',(-0.00842983849103374,-0.0429600875324374,0.));
#5444=CARTESIAN_POINT('',(-0.00803478058793912,-0.0427602347108718,0.));
#5445=CARTESIAN_POINT('',(-0.00817266354235254,-0.0429600875324374,0.));
#5446=CARTESIAN_POINT('',(-0.00842983849103374,-0.0429600875324374,0.));
#5447=CARTESIAN_POINT('',(-0.00803478058793912,-0.0427602347108718,0.));
#5448=CARTESIAN_POINT('',(-0.00803478058793912,-0.0427602347108718,0.002));
#5449=CARTESIAN_POINT('',(-0.00803478058793912,-0.0427602347108718,0.002));
#5450=CARTESIAN_POINT('',(-0.00803478058793912,-0.0427602347108718,0.002));
#5451=CARTESIAN_POINT('',(-0.00817266354235254,-0.0429600875324374,0.002));
#5452=CARTESIAN_POINT('',(-0.00842983849103374,-0.0429600875324374,0.002));
#5453=CARTESIAN_POINT('',(-0.0078968976335257,-0.0421614508695147,0.002));
#5454=CARTESIAN_POINT('',(-0.0078968976335257,-0.0421614508695147,0.));
#5455=CARTESIAN_POINT('',(-0.0078968976335257,-0.0424274048827091,0.002));
#5456=CARTESIAN_POINT('',(-0.0078968976335257,-0.0424274048827091,0.));
#5457=CARTESIAN_POINT('',(-0.00794285861833017,-0.0426269994964948,0.002));
#5458=CARTESIAN_POINT('',(-0.00794285861833017,-0.0426269994964948,0.));
#5459=CARTESIAN_POINT('',(-0.00803478058793912,-0.0427602347108718,0.002));
#5460=CARTESIAN_POINT('',(-0.00803478058793912,-0.0427602347108718,0.));
#5461=CARTESIAN_POINT('',(-0.0078968976335257,-0.0421614508695147,0.));
#5462=CARTESIAN_POINT('',(-0.0078968976335257,-0.0425603818893063,0.));
#5463=CARTESIAN_POINT('',(-0.00803478058793912,-0.0427602347108718,0.));
#5464=CARTESIAN_POINT('',(-0.0078968976335257,-0.0421614508695147,0.));
#5465=CARTESIAN_POINT('',(-0.0078968976335257,-0.0421614508695147,0.002));
#5466=CARTESIAN_POINT('',(-0.0078968976335257,-0.0421614508695147,0.002));
#5467=CARTESIAN_POINT('',(-0.0078968976335257,-0.0421614508695147,0.002));
#5468=CARTESIAN_POINT('',(-0.0078968976335257,-0.0425603818893063,0.002));
#5469=CARTESIAN_POINT('',(-0.00803478058793912,-0.0427602347108718,0.002));
#5470=CARTESIAN_POINT('',(-0.00803361865293002,-0.0415525969247454,0.002));
#5471=CARTESIAN_POINT('',(-0.00803361865293002,-0.0415525969247454,0.));
#5472=CARTESIAN_POINT('',(-0.00794247130666047,-0.0416920291258376,0.002));
#5473=CARTESIAN_POINT('',(-0.00794247130666047,-0.0416920291258376,0.));
#5474=CARTESIAN_POINT('',(-0.0078968976335257,-0.0418949804407607,0.002));
#5475=CARTESIAN_POINT('',(-0.0078968976335257,-0.0418949804407607,0.));
#5476=CARTESIAN_POINT('',(-0.0078968976335257,-0.0421614508695147,0.002));
#5477=CARTESIAN_POINT('',(-0.0078968976335257,-0.0421614508695147,0.));
#5478=CARTESIAN_POINT('',(-0.00803361865293002,-0.0415525969247454,0.));
#5479=CARTESIAN_POINT('',(-0.0078968976335257,-0.0417617452263837,0.));
#5480=CARTESIAN_POINT('',(-0.0078968976335257,-0.0421614508695147,0.));
#5481=CARTESIAN_POINT('',(-0.00803361865293002,-0.0415525969247454,0.));
#5482=CARTESIAN_POINT('',(-0.00803361865293002,-0.0415525969247454,0.002));
#5483=CARTESIAN_POINT('',(-0.00803361865293002,-0.0415525969247454,0.002));
#5484=CARTESIAN_POINT('',(-0.00803361865293002,-0.0415525969247454,0.002));
#5485=CARTESIAN_POINT('',(-0.0078968976335257,-0.0417617452263837,0.002));
#5486=CARTESIAN_POINT('',(-0.0078968976335257,-0.0421614508695147,0.002));
#5487=CARTESIAN_POINT('',(-0.00840413892613685,-0.0417752420328686,0.002));
#5488=CARTESIAN_POINT('',(-0.00840413892613685,-0.0417752420328686,0.));
#5489=CARTESIAN_POINT('',(-0.00841744451760332,-0.041343448623107,0.));
#5490=CARTESIAN_POINT('',(-0.00841744451760332,-0.041343448623107,0.002));
#5491=CARTESIAN_POINT('',(-0.00841744451760332,-0.041343448623107,0.002));
#5492=CARTESIAN_POINT('',(-0.00840413892613685,-0.0417752420328686,0.002));
#5493=CARTESIAN_POINT('',(-0.00885471939269531,-0.0415320694062512,0.002));
#5494=CARTESIAN_POINT('',(-0.00885471939269531,-0.0415320694062512,0.));
#5495=CARTESIAN_POINT('',(-0.00876512129310457,-0.0414063222174884,0.002));
#5496=CARTESIAN_POINT('',(-0.00876512129310457,-0.0414063222174884,0.));
#5497=CARTESIAN_POINT('',(-0.00861936300140724,-0.041343448623107,0.002));
#5498=CARTESIAN_POINT('',(-0.00861936300140724,-0.041343448623107,0.));
#5499=CARTESIAN_POINT('',(-0.00841744451760332,-0.041343448623107,0.002));
#5500=CARTESIAN_POINT('',(-0.00841744451760332,-0.041343448623107,0.));
#5501=CARTESIAN_POINT('',(-0.00885471939269531,-0.0415320694062512,0.));
#5502=CARTESIAN_POINT('',(-0.0087203222433092,-0.041343448623107,0.));
#5503=CARTESIAN_POINT('',(-0.00841744451760332,-0.041343448623107,0.));
#5504=CARTESIAN_POINT('',(-0.00885471939269531,-0.0415320694062512,0.));
#5505=CARTESIAN_POINT('',(-0.00885471939269531,-0.0415320694062512,0.002));
#5506=CARTESIAN_POINT('',(-0.00885471939269531,-0.0415320694062512,0.002));
#5507=CARTESIAN_POINT('',(-0.00885471939269531,-0.0415320694062512,0.002));
#5508=CARTESIAN_POINT('',(-0.0087203222433092,-0.041343448623107,0.002));
#5509=CARTESIAN_POINT('',(-0.00841744451760332,-0.041343448623107,0.002));
#5510=CARTESIAN_POINT('',(-0.00898911654208142,-0.0421568031294783,0.002));
#5511=CARTESIAN_POINT('',(-0.00898911654208142,-0.0421568031294783,0.));
#5512=CARTESIAN_POINT('',(-0.00898911654208142,-0.041866061169423,0.002));
#5513=CARTESIAN_POINT('',(-0.00898911654208142,-0.041866061169423,0.));
#5514=CARTESIAN_POINT('',(-0.00894431749228605,-0.041657816595014,0.002));
#5515=CARTESIAN_POINT('',(-0.00894431749228605,-0.041657816595014,0.));
#5516=CARTESIAN_POINT('',(-0.00885471939269531,-0.0415320694062512,0.002));
#5517=CARTESIAN_POINT('',(-0.00885471939269531,-0.0415320694062512,0.));
#5518=CARTESIAN_POINT('',(-0.00898911654208142,-0.0421568031294783,0.));
#5519=CARTESIAN_POINT('',(-0.00898911654208142,-0.0417206901893954,0.));
#5520=CARTESIAN_POINT('',(-0.00885471939269531,-0.0415320694062512,0.));
#5521=CARTESIAN_POINT('',(-0.00898911654208142,-0.0421568031294783,0.));
#5522=CARTESIAN_POINT('',(-0.00898911654208142,-0.0421568031294783,0.002));
#5523=CARTESIAN_POINT('',(-0.00898911654208142,-0.0421568031294783,0.002));
#5524=CARTESIAN_POINT('',(-0.00898911654208142,-0.0421568031294783,0.002));
#5525=CARTESIAN_POINT('',(-0.00898911654208142,-0.0417206901893954,0.002));
#5526=CARTESIAN_POINT('',(-0.00885471939269531,-0.0415320694062512,0.002));
#5527=CARTESIAN_POINT('',(-0.00898911654208142,-0.0421966962314574,0.002));
#5528=CARTESIAN_POINT('',(-0.00898911654208142,-0.0421966962314574,0.));
#5529=CARTESIAN_POINT('',(-0.00898911654208142,-0.0422365893334367,0.));
#5530=CARTESIAN_POINT('',(-0.00898911654208142,-0.0422365893334367,0.002));
#5531=CARTESIAN_POINT('',(-0.00898911654208142,-0.0422365893334367,0.002));
#5532=CARTESIAN_POINT('',(-0.00898911654208142,-0.0421966962314574,0.002));
#5533=CARTESIAN_POINT('',(-0.00817033967233434,-0.0435488012703823,0.002));
#5534=CARTESIAN_POINT('',(-0.00817033967233434,-0.0435488012703823,0.));
#5535=CARTESIAN_POINT('',(-0.00785274410317984,-0.0435488012703823,0.002));
#5536=CARTESIAN_POINT('',(-0.00785274410317984,-0.0435488012703823,0.));
#5537=CARTESIAN_POINT('',(-0.00760318628400275,-0.0434252488477478,0.002));
#5538=CARTESIAN_POINT('',(-0.00760318628400275,-0.0434252488477478,0.));
#5539=CARTESIAN_POINT('',(-0.00742166621480306,-0.0431781440024788,0.002));
#5540=CARTESIAN_POINT('',(-0.00742166621480306,-0.0431781440024788,0.));
#5541=CARTESIAN_POINT('',(-0.00817033967233434,-0.0435488012703823,0.002));
#5542=CARTESIAN_POINT('',(-0.00817033967233434,-0.0435488012703823,0.002));
#5543=CARTESIAN_POINT('',(-0.00817033967233434,-0.0435488012703823,0.002));
#5544=CARTESIAN_POINT('',(-0.00769394631860259,-0.0435488012703823,0.002));
#5545=CARTESIAN_POINT('',(-0.00742166621480306,-0.0431781440024788,0.002));
#5546=CARTESIAN_POINT('',(-0.00742166621480306,-0.0431781440024788,0.002));
#5547=CARTESIAN_POINT('',(-0.00742166621480306,-0.0431781440024788,0.002));
#5548=CARTESIAN_POINT('',(-0.00893799140168094,-0.0431490956272512,0.002));
#5549=CARTESIAN_POINT('',(-0.00893799140168094,-0.0431490956272512,0.));
#5550=CARTESIAN_POINT('',(-0.00877015634481068,-0.0434155660560053,0.002));
#5551=CARTESIAN_POINT('',(-0.00877015634481068,-0.0434155660560053,0.));
#5552=CARTESIAN_POINT('',(-0.00851427243502848,-0.0435488012703823,0.002));
#5553=CARTESIAN_POINT('',(-0.00851427243502848,-0.0435488012703823,0.));
#5554=CARTESIAN_POINT('',(-0.00817033967233434,-0.0435488012703823,0.002));
#5555=CARTESIAN_POINT('',(-0.00817033967233434,-0.0435488012703823,0.));
#5556=CARTESIAN_POINT('',(-0.00893799140168094,-0.0431490956272512,0.002));
#5557=CARTESIAN_POINT('',(-0.00893799140168094,-0.0431490956272512,0.002));
#5558=CARTESIAN_POINT('',(-0.00893799140168094,-0.0431490956272512,0.002));
#5559=CARTESIAN_POINT('',(-0.00868623881637555,-0.0435488012703823,0.002));
#5560=CARTESIAN_POINT('',(-0.00817033967233434,-0.0435488012703823,0.002));
#5561=CARTESIAN_POINT('',(-0.00895387118013867,-0.0431490956272512,0.002));
#5562=CARTESIAN_POINT('',(-0.00896975095859639,-0.0431490956272512,0.002));
#5563=CARTESIAN_POINT('',(-0.00896975095859639,-0.0431490956272512,0.002));
#5564=CARTESIAN_POINT('',(-0.00895387118013867,-0.0431490956272512,0.002));
#5565=CARTESIAN_POINT('',(-0.0090410163058213,-0.0433245478136257,0.002));
#5566=CARTESIAN_POINT('',(-0.00911228165304622,-0.0435,0.002));
#5567=CARTESIAN_POINT('',(-0.00911228165304622,-0.0435,0.002));
#5568=CARTESIAN_POINT('',(-0.0090410163058213,-0.0433245478136257,0.002));
#5569=CARTESIAN_POINT('',(-0.00939540648359736,-0.0435,0.002));
#5570=CARTESIAN_POINT('',(-0.0096785313141485,-0.0435,0.002));
#5571=CARTESIAN_POINT('',(-0.0096785313141485,-0.0435,0.002));
#5572=CARTESIAN_POINT('',(-0.00939540648359736,-0.0435,0.002));
#5573=CARTESIAN_POINT('',(-0.0096785313141485,-0.041616503350246,0.002));
#5574=CARTESIAN_POINT('',(-0.0096785313141485,-0.0397330067004919,0.002));
#5575=CARTESIAN_POINT('',(-0.0096785313141485,-0.0397330067004919,0.002));
#5576=CARTESIAN_POINT('',(-0.0096785313141485,-0.041616503350246,0.002));
#5577=CARTESIAN_POINT('',(-0.00930826135791472,-0.0397330067004919,0.002));
#5578=CARTESIAN_POINT('',(-0.00893799140168094,-0.0397330067004919,0.002));
#5579=CARTESIAN_POINT('',(-0.00893799140168094,-0.0397330067004919,0.002));
#5580=CARTESIAN_POINT('',(-0.00930826135791472,-0.0397330067004919,0.002));
#5581=CARTESIAN_POINT('',(-0.00893799140168094,-0.0401664084588869,0.002));
#5582=CARTESIAN_POINT('',(-0.00893799140168094,-0.0405998102172819,0.002));
#5583=CARTESIAN_POINT('',(-0.00893770924232041,-0.040599814591842,0.002));
#5584=CARTESIAN_POINT('',(-0.00893799140168094,-0.0401664084588869,0.002));
#5585=CARTESIAN_POINT('',(-0.011976340969924,-0.0405527040609244,0.002));
#5586=CARTESIAN_POINT('',(-0.00899429023898856,-0.0411397226848445,0.002));
#5587=CARTESIAN_POINT('',(-0.00899376428211783,-0.0411397226848445,0.002));
#5588=CARTESIAN_POINT('',(-0.011976340969924,-0.0405527040609244,0.002));
#5589=CARTESIAN_POINT('',(-0.00898175762035711,-0.0411397226848445,0.002));
#5590=CARTESIAN_POINT('',(-0.00896975095859639,-0.0411397226848445,0.002));
#5591=CARTESIAN_POINT('',(-0.00896975095859639,-0.0411397226848445,0.002));
#5592=CARTESIAN_POINT('',(-0.00898175762035711,-0.0411397226848445,0.002));
#5593=CARTESIAN_POINT('',(-0.00818970525581936,-0.0407431155350711,0.002));
#5594=CARTESIAN_POINT('',(-0.00818970525581936,-0.0407431155350711,0.));
#5595=CARTESIAN_POINT('',(-0.0085305395251559,-0.0407431155350711,0.002));
#5596=CARTESIAN_POINT('',(-0.0085305395251559,-0.0407431155350711,0.));
#5597=CARTESIAN_POINT('',(-0.00879055475941491,-0.0408753179183289,0.002));
#5598=CARTESIAN_POINT('',(-0.00879055475941491,-0.0408753179183289,0.));
#5599=CARTESIAN_POINT('',(-0.00896975095859639,-0.0411397226848445,0.002));
#5600=CARTESIAN_POINT('',(-0.00896975095859639,-0.0411397226848445,0.));
#5601=CARTESIAN_POINT('',(-0.00818970525581936,-0.0407431155350711,0.002));
#5602=CARTESIAN_POINT('',(-0.00818970525581936,-0.0407431155350711,0.002));
#5603=CARTESIAN_POINT('',(-0.00818970525581936,-0.0407431155350711,0.002));
#5604=CARTESIAN_POINT('',(-0.00870095665982417,-0.0407431155350711,0.002));
#5605=CARTESIAN_POINT('',(-0.00896975095859639,-0.0411397226848445,0.002));
#5606=CARTESIAN_POINT('',(-0.00742631395483947,-0.041114547426314,0.002));
#5607=CARTESIAN_POINT('',(-0.00742631395483947,-0.041114547426314,0.));
#5608=CARTESIAN_POINT('',(-0.00761093251739676,-0.0408669261654854,0.002));
#5609=CARTESIAN_POINT('',(-0.00761093251739676,-0.0408669261654854,0.));
#5610=CARTESIAN_POINT('',(-0.00786539628439005,-0.0407431155350711,0.002));
#5611=CARTESIAN_POINT('',(-0.00786539628439005,-0.0407431155350711,0.));
#5612=CARTESIAN_POINT('',(-0.00818970525581936,-0.0407431155350711,0.002));
#5613=CARTESIAN_POINT('',(-0.00818970525581936,-0.0407431155350711,0.));
#5614=CARTESIAN_POINT('',(-0.00742631395483947,-0.041114547426314,0.002));
#5615=CARTESIAN_POINT('',(-0.00742631395483947,-0.041114547426314,0.002));
#5616=CARTESIAN_POINT('',(-0.00742631395483947,-0.041114547426314,0.002));
#5617=CARTESIAN_POINT('',(-0.0077032417986754,-0.0407431155350711,0.002));
#5618=CARTESIAN_POINT('',(-0.00818970525581936,-0.0407431155350711,0.002));
#5619=CARTESIAN_POINT('',(-0.00714938611100353,-0.0421513807661025,0.002));
#5620=CARTESIAN_POINT('',(-0.00714938611100353,-0.0421513807661025,0.));
#5621=CARTESIAN_POINT('',(-0.00714938611100353,-0.0417077798004054,0.002));
#5622=CARTESIAN_POINT('',(-0.00714938611100353,-0.0417077798004054,0.));
#5623=CARTESIAN_POINT('',(-0.00724169539228218,-0.0413621686871425,0.002));
#5624=CARTESIAN_POINT('',(-0.00724169539228218,-0.0413621686871425,0.));
#5625=CARTESIAN_POINT('',(-0.00742631395483947,-0.041114547426314,0.002));
#5626=CARTESIAN_POINT('',(-0.00742631395483947,-0.041114547426314,0.));
#5627=CARTESIAN_POINT('',(-0.00714938611100353,-0.0421513807661025,0.002));
#5628=CARTESIAN_POINT('',(-0.00714938611100353,-0.0421513807661025,0.002));
#5629=CARTESIAN_POINT('',(-0.00714938611100353,-0.0421513807661025,0.002));
#5630=CARTESIAN_POINT('',(-0.00714938611100353,-0.0414859793175569,0.002));
#5631=CARTESIAN_POINT('',(-0.00742631395483947,-0.041114547426314,0.002));
#5632=CARTESIAN_POINT('',(-0.00742166621480306,-0.0431781440024788,0.002));
#5633=CARTESIAN_POINT('',(-0.00742166621480306,-0.0431781440024788,0.));
#5634=CARTESIAN_POINT('',(-0.00724014614560337,-0.0429310391572098,0.002));
#5635=CARTESIAN_POINT('',(-0.00724014614560337,-0.0429310391572098,0.));
#5636=CARTESIAN_POINT('',(-0.00714938611100353,-0.0425887847450844,0.002));
#5637=CARTESIAN_POINT('',(-0.00714938611100353,-0.0425887847450844,0.));
#5638=CARTESIAN_POINT('',(-0.00714938611100353,-0.0421513807661025,0.002));
#5639=CARTESIAN_POINT('',(-0.00714938611100353,-0.0421513807661025,0.));
#5640=CARTESIAN_POINT('',(-0.00742166621480306,-0.0431781440024788,0.002));
#5641=CARTESIAN_POINT('',(-0.00714938611100353,-0.0428074867345754,0.002));
#5642=CARTESIAN_POINT('',(-0.00714938611100353,-0.0421513807661025,0.002));
#5643=CARTESIAN_POINT('',(-0.00884464928928309,-0.0427954800728146,0.002));
#5644=CARTESIAN_POINT('',(-0.00884464928928309,-0.0427954800728146,0.));
#5645=CARTESIAN_POINT('',(-0.00893269814219503,-0.0426857417663994,0.002));
#5646=CARTESIAN_POINT('',(-0.00893269814219503,-0.0426857417663994,0.));
#5647=CARTESIAN_POINT('',(-0.00898085389312781,-0.0424994448532734,0.002));
#5648=CARTESIAN_POINT('',(-0.00898085389312781,-0.0424994448532734,0.));
#5649=CARTESIAN_POINT('',(-0.00898911654208142,-0.0422365893334367,0.002));
#5650=CARTESIAN_POINT('',(-0.00898911654208142,-0.0422365893334367,0.));
#5651=CARTESIAN_POINT('',(-0.00884464928928309,-0.0427954800728146,0.));
#5652=CARTESIAN_POINT('',(-0.008976722568651,-0.0426308726131919,0.));
#5653=CARTESIAN_POINT('',(-0.00898911654208142,-0.0422365893334367,0.));
#5654=CARTESIAN_POINT('',(-0.00884464928928309,-0.0427954800728146,0.002));
#5655=CARTESIAN_POINT('',(-0.008976722568651,-0.0426308726131919,0.002));
#5656=CARTESIAN_POINT('',(-0.00898911654208142,-0.0422365893334367,0.002));
#5657=CARTESIAN_POINT('',(0.,0.,0.002));
#5658=CARTESIAN_POINT('',(-0.00567721445447152,-0.0422509198652155,0.002));
#5659=CARTESIAN_POINT('',(-0.00567721445447152,-0.0422509198652155,0.));
#5660=CARTESIAN_POINT('',(-0.00582013246059104,-0.0422458848135095,0.));
#5661=CARTESIAN_POINT('',(-0.00553429644835199,-0.0422559549169217,0.));
#5662=CARTESIAN_POINT('',(-0.00582013246059104,-0.0422458848135095,0.002));
#5663=CARTESIAN_POINT('',(-0.00582013246059104,-0.0422458848135095,0.002));
#5664=CARTESIAN_POINT('',(-0.00567721445447152,-0.0422509198652155,0.002));
#5665=CARTESIAN_POINT('',(-0.00553429644835199,-0.0422559549169217,0.002));
#5666=CARTESIAN_POINT('',(-0.00553429644835199,-0.0422559549169217,0.002));
#5667=CARTESIAN_POINT('',(-0.00582013246059104,-0.0423574305743832,0.002));
#5668=CARTESIAN_POINT('',(-0.00582013246059104,-0.0423574305743832,0.));
#5669=CARTESIAN_POINT('',(-0.00582013246059104,-0.042468976335257,0.));
#5670=CARTESIAN_POINT('',(-0.00582013246059104,-0.042468976335257,0.002));
#5671=CARTESIAN_POINT('',(-0.00582013246059104,-0.042468976335257,0.002));
#5672=CARTESIAN_POINT('',(-0.00582013246059104,-0.0423574305743832,0.002));
#5673=CARTESIAN_POINT('',(-0.0056663697277199,-0.042860935744994,0.002));
#5674=CARTESIAN_POINT('',(-0.0056663697277199,-0.042860935744994,0.));
#5675=CARTESIAN_POINT('',(-0.00576887821630066,-0.0427623003731103,0.002));
#5676=CARTESIAN_POINT('',(-0.00576887821630066,-0.0427623003731103,0.));
#5677=CARTESIAN_POINT('',(-0.00582013246059104,-0.0426316472365313,0.002));
#5678=CARTESIAN_POINT('',(-0.00582013246059104,-0.0426316472365313,0.));
#5679=CARTESIAN_POINT('',(-0.00582013246059104,-0.042468976335257,0.002));
#5680=CARTESIAN_POINT('',(-0.00582013246059104,-0.042468976335257,0.));
#5681=CARTESIAN_POINT('',(-0.0056663697277199,-0.042860935744994,0.));
#5682=CARTESIAN_POINT('',(-0.00582013246059104,-0.0427129826871684,0.));
#5683=CARTESIAN_POINT('',(-0.00582013246059104,-0.042468976335257,0.));
#5684=CARTESIAN_POINT('',(-0.0056663697277199,-0.042860935744994,0.));
#5685=CARTESIAN_POINT('',(-0.0056663697277199,-0.042860935744994,0.002));
#5686=CARTESIAN_POINT('',(-0.0056663697277199,-0.042860935744994,0.002));
#5687=CARTESIAN_POINT('',(-0.0056663697277199,-0.042860935744994,0.002));
#5688=CARTESIAN_POINT('',(-0.00582013246059104,-0.0427129826871684,0.002));
#5689=CARTESIAN_POINT('',(-0.00582013246059104,-0.042468976335257,0.002));
#5690=CARTESIAN_POINT('',(-0.00525543204616756,-0.0430088888028196,0.002));
#5691=CARTESIAN_POINT('',(-0.00525543204616756,-0.0430088888028196,0.));
#5692=CARTESIAN_POINT('',(-0.00542688201195503,-0.0430088888028196,0.002));
#5693=CARTESIAN_POINT('',(-0.00542688201195503,-0.0430088888028196,0.));
#5694=CARTESIAN_POINT('',(-0.00556386123913914,-0.0429595711168778,0.002));
#5695=CARTESIAN_POINT('',(-0.00556386123913914,-0.0429595711168778,0.));
#5696=CARTESIAN_POINT('',(-0.0056663697277199,-0.042860935744994,0.002));
#5697=CARTESIAN_POINT('',(-0.0056663697277199,-0.042860935744994,0.));
#5698=CARTESIAN_POINT('',(-0.00525543204616756,-0.0430088888028196,0.));
#5699=CARTESIAN_POINT('',(-0.00551260699484876,-0.0430088888028196,0.));
#5700=CARTESIAN_POINT('',(-0.0056663697277199,-0.042860935744994,0.));
#5701=CARTESIAN_POINT('',(-0.00525543204616756,-0.0430088888028196,0.));
#5702=CARTESIAN_POINT('',(-0.00525543204616756,-0.0430088888028196,0.002));
#5703=CARTESIAN_POINT('',(-0.00525543204616756,-0.0430088888028196,0.002));
#5704=CARTESIAN_POINT('',(-0.00525543204616756,-0.0430088888028196,0.002));
#5705=CARTESIAN_POINT('',(-0.00551260699484876,-0.0430088888028196,0.002));
#5706=CARTESIAN_POINT('',(-0.0056663697277199,-0.042860935744994,0.002));
#5707=CARTESIAN_POINT('',(-0.00489755606336419,-0.0426959409737016,0.002));
#5708=CARTESIAN_POINT('',(-0.00489755606336419,-0.0426959409737016,0.));
#5709=CARTESIAN_POINT('',(-0.00489755606336419,-0.0429045728597803,0.002));
#5710=CARTESIAN_POINT('',(-0.00489755606336419,-0.0429045728597803,0.));
#5711=CARTESIAN_POINT('',(-0.00501684805763198,-0.0430088888028196,0.002));
#5712=CARTESIAN_POINT('',(-0.00501684805763198,-0.0430088888028196,0.));
#5713=CARTESIAN_POINT('',(-0.00525543204616756,-0.0430088888028196,0.002));
#5714=CARTESIAN_POINT('',(-0.00525543204616756,-0.0430088888028196,0.));
#5715=CARTESIAN_POINT('',(-0.00489755606336419,-0.0426959409737016,0.));
#5716=CARTESIAN_POINT('',(-0.00489755606336419,-0.0430088888028196,0.));
#5717=CARTESIAN_POINT('',(-0.00525543204616756,-0.0430088888028196,0.));
#5718=CARTESIAN_POINT('',(-0.00489755606336419,-0.0426959409737016,0.));
#5719=CARTESIAN_POINT('',(-0.00489755606336419,-0.0426959409737016,0.002));
#5720=CARTESIAN_POINT('',(-0.00489755606336419,-0.0426959409737016,0.002));
#5721=CARTESIAN_POINT('',(-0.00489755606336419,-0.0426959409737016,0.002));
#5722=CARTESIAN_POINT('',(-0.00489755606336419,-0.0430088888028196,0.002));
#5723=CARTESIAN_POINT('',(-0.00525543204616756,-0.0430088888028196,0.002));
#5724=CARTESIAN_POINT('',(-0.00505480460126264,-0.0423717611061621,0.002));
#5725=CARTESIAN_POINT('',(-0.00505480460126264,-0.0423717611061621,0.));
#5726=CARTESIAN_POINT('',(-0.00494997224266367,-0.0424427682456073,0.002));
#5727=CARTESIAN_POINT('',(-0.00494997224266367,-0.0424427682456073,0.));
#5728=CARTESIAN_POINT('',(-0.00489755606336419,-0.0425508282014537,0.002));
#5729=CARTESIAN_POINT('',(-0.00489755606336419,-0.0425508282014537,0.));
#5730=CARTESIAN_POINT('',(-0.00489755606336419,-0.0426959409737016,0.002));
#5731=CARTESIAN_POINT('',(-0.00489755606336419,-0.0426959409737016,0.));
#5732=CARTESIAN_POINT('',(-0.00505480460126264,-0.0423717611061621,0.));
#5733=CARTESIAN_POINT('',(-0.00489755606336419,-0.0424782718153298,0.));
#5734=CARTESIAN_POINT('',(-0.00489755606336419,-0.0426959409737016,0.));
#5735=CARTESIAN_POINT('',(-0.00505480460126264,-0.0423717611061621,0.));
#5736=CARTESIAN_POINT('',(-0.00505480460126264,-0.0423717611061621,0.002));
#5737=CARTESIAN_POINT('',(-0.00505480460126264,-0.0423717611061621,0.002));
#5738=CARTESIAN_POINT('',(-0.00505480460126264,-0.0423717611061621,0.002));
#5739=CARTESIAN_POINT('',(-0.00489755606336419,-0.0424782718153298,0.002));
#5740=CARTESIAN_POINT('',(-0.00489755606336419,-0.0426959409737016,0.002));
#5741=CARTESIAN_POINT('',(-0.00596614896006817,-0.0433160269568922,0.002));
#5742=CARTESIAN_POINT('',(-0.00603780161896279,-0.0435,0.002));
#5743=CARTESIAN_POINT('',(-0.00603780161896279,-0.0435,0.002));
#5744=CARTESIAN_POINT('',(-0.00596614896006817,-0.0433160269568922,0.002));
#5745=CARTESIAN_POINT('',(-0.00589449630117356,-0.0431320539137845,0.002));
#5746=CARTESIAN_POINT('',(-0.00589449630117356,-0.0431320539137845,0.002));
#5747=CARTESIAN_POINT('',(-0.00629536387931369,-0.0435,0.002));
#5748=CARTESIAN_POINT('',(-0.00655292613966459,-0.0435,0.002));
#5749=CARTESIAN_POINT('',(-0.00655292613966459,-0.0435,0.002));
#5750=CARTESIAN_POINT('',(-0.00629536387931369,-0.0435,0.002));
#5751=CARTESIAN_POINT('',(-0.00655292613966459,-0.042598338432937,0.002));
#5752=CARTESIAN_POINT('',(-0.00655292613966459,-0.041696676865874,0.002));
#5753=CARTESIAN_POINT('',(-0.00655292613966459,-0.041696676865874,0.002));
#5754=CARTESIAN_POINT('',(-0.00655292613966459,-0.042598338432937,0.002));
#5755=CARTESIAN_POINT('',(-0.00626244238738914,-0.0409751152252218,0.002));
#5756=CARTESIAN_POINT('',(-0.00626244238738914,-0.0409751152252218,0.));
#5757=CARTESIAN_POINT('',(-0.00645609822223944,-0.0411333965942394,0.002));
#5758=CARTESIAN_POINT('',(-0.00645609822223944,-0.0411333965942394,0.));
#5759=CARTESIAN_POINT('',(-0.00655292613966459,-0.0413739171411235,0.002));
#5760=CARTESIAN_POINT('',(-0.00655292613966459,-0.0413739171411235,0.));
#5761=CARTESIAN_POINT('',(-0.00655292613966459,-0.041696676865874,0.002));
#5762=CARTESIAN_POINT('',(-0.00655292613966459,-0.041696676865874,0.));
#5763=CARTESIAN_POINT('',(-0.00626244238738914,-0.0409751152252218,0.002));
#5764=CARTESIAN_POINT('',(-0.00626244238738914,-0.0409751152252218,0.002));
#5765=CARTESIAN_POINT('',(-0.00626244238738914,-0.0409751152252218,0.002));
#5766=CARTESIAN_POINT('',(-0.00655292613966459,-0.0412125372787482,0.002));
#5767=CARTESIAN_POINT('',(-0.00655292613966459,-0.041696676865874,0.002));
#5768=CARTESIAN_POINT('',(-0.00542739842751463,-0.0407376931716953,0.002));
#5769=CARTESIAN_POINT('',(-0.00542739842751463,-0.0407376931716953,0.));
#5770=CARTESIAN_POINT('',(-0.005790438565914,-0.0407376931716953,0.002));
#5771=CARTESIAN_POINT('',(-0.005790438565914,-0.0407376931716953,0.));
#5772=CARTESIAN_POINT('',(-0.00606878655253883,-0.0408168338562041,0.002));
#5773=CARTESIAN_POINT('',(-0.00606878655253883,-0.0408168338562041,0.));
#5774=CARTESIAN_POINT('',(-0.00626244238738914,-0.0409751152252218,0.002));
#5775=CARTESIAN_POINT('',(-0.00626244238738914,-0.0409751152252218,0.));
#5776=CARTESIAN_POINT('',(-0.00542739842751463,-0.0407376931716953,0.002));
#5777=CARTESIAN_POINT('',(-0.00542739842751463,-0.0407376931716953,0.002));
#5778=CARTESIAN_POINT('',(-0.00542739842751463,-0.0407376931716953,0.002));
#5779=CARTESIAN_POINT('',(-0.00597195863511368,-0.0407376931716953,0.002));
#5780=CARTESIAN_POINT('',(-0.00626244238738914,-0.0409751152252218,0.002));
#5781=CARTESIAN_POINT('',(-0.0043917270227352,-0.0409824741469461,0.002));
#5782=CARTESIAN_POINT('',(-0.0043917270227352,-0.0409824741469461,0.));
#5783=CARTESIAN_POINT('',(-0.00470312560517449,-0.0408192868301122,0.002));
#5784=CARTESIAN_POINT('',(-0.00470312560517449,-0.0408192868301122,0.));
#5785=CARTESIAN_POINT('',(-0.00504834940676763,-0.0407376931716953,0.002));
#5786=CARTESIAN_POINT('',(-0.00504834940676763,-0.0407376931716953,0.));
#5787=CARTESIAN_POINT('',(-0.00542739842751463,-0.0407376931716953,0.002));
#5788=CARTESIAN_POINT('',(-0.00542739842751463,-0.0407376931716953,0.));
#5789=CARTESIAN_POINT('',(-0.0043917270227352,-0.0409824741469461,0.002));
#5790=CARTESIAN_POINT('',(-0.0043917270227352,-0.0409824741469461,0.002));
#5791=CARTESIAN_POINT('',(-0.0043917270227352,-0.0409824741469461,0.002));
#5792=CARTESIAN_POINT('',(-0.00485882489639413,-0.0407376931716953,0.002));
#5793=CARTESIAN_POINT('',(-0.00542739842751463,-0.0407376931716953,0.002));
#5794=CARTESIAN_POINT('',(-0.00451373019869089,-0.0412319028622333,0.002));
#5795=CARTESIAN_POINT('',(-0.00463573337464658,-0.0414813315775205,0.002));
#5796=CARTESIAN_POINT('',(-0.00463573337464658,-0.0414813315775205,0.002));
#5797=CARTESIAN_POINT('',(-0.00451373019869089,-0.0412319028622333,0.002));
#5798=CARTESIAN_POINT('',(-0.00539873736395678,-0.0412853518726519,0.002));
#5799=CARTESIAN_POINT('',(-0.00539873736395678,-0.0412853518726519,0.));
#5800=CARTESIAN_POINT('',(-0.00518235924448404,-0.0412853518726519,0.002));
#5801=CARTESIAN_POINT('',(-0.00518235924448404,-0.0412853518726519,0.));
#5802=CARTESIAN_POINT('',(-0.00492802458138064,-0.0413506784409414,0.002));
#5803=CARTESIAN_POINT('',(-0.00492802458138064,-0.0413506784409414,0.));
#5804=CARTESIAN_POINT('',(-0.00463573337464658,-0.0414813315775205,0.002));
#5805=CARTESIAN_POINT('',(-0.00463573337464658,-0.0414813315775205,0.));
#5806=CARTESIAN_POINT('',(-0.00539873736395678,-0.0412853518726519,0.002));
#5807=CARTESIAN_POINT('',(-0.00539873736395678,-0.0412853518726519,0.002));
#5808=CARTESIAN_POINT('',(-0.00539873736395678,-0.0412853518726519,0.002));
#5809=CARTESIAN_POINT('',(-0.00507417018474767,-0.0412853518726519,0.002));
#5810=CARTESIAN_POINT('',(-0.00463573337464658,-0.0414813315775205,0.002));
#5811=CARTESIAN_POINT('',(-0.00582013246059104,-0.041696676865874,0.002));
#5812=CARTESIAN_POINT('',(-0.00582013246059104,-0.041696676865874,0.));
#5813=CARTESIAN_POINT('',(-0.00582013246059104,-0.041422460203726,0.002));
#5814=CARTESIAN_POINT('',(-0.00582013246059104,-0.041422460203726,0.));
#5815=CARTESIAN_POINT('',(-0.00567966742837962,-0.0412853518726519,0.002));
#5816=CARTESIAN_POINT('',(-0.00567966742837962,-0.0412853518726519,0.));
#5817=CARTESIAN_POINT('',(-0.00539873736395678,-0.0412853518726519,0.002));
#5818=CARTESIAN_POINT('',(-0.00539873736395678,-0.0412853518726519,0.));
#5819=CARTESIAN_POINT('',(-0.00582013246059104,-0.041696676865874,0.002));
#5820=CARTESIAN_POINT('',(-0.00582013246059104,-0.041696676865874,0.002));
#5821=CARTESIAN_POINT('',(-0.00582013246059104,-0.041696676865874,0.002));
#5822=CARTESIAN_POINT('',(-0.00582013246059104,-0.0412853518726519,0.002));
#5823=CARTESIAN_POINT('',(-0.00539873736395678,-0.0412853518726519,0.002));
#5824=CARTESIAN_POINT('',(-0.00582013246059104,-0.0417559355513381,0.002));
#5825=CARTESIAN_POINT('',(-0.00582013246059104,-0.0418151942368024,0.002));
#5826=CARTESIAN_POINT('',(-0.00582013246059104,-0.0418151942368024,0.002));
#5827=CARTESIAN_POINT('',(-0.00582013246059104,-0.0417559355513381,0.002));
#5828=CARTESIAN_POINT('',(-0.00558503427708277,-0.0418225531585267,0.002));
#5829=CARTESIAN_POINT('',(-0.00534993609357451,-0.041829912080251,0.002));
#5830=CARTESIAN_POINT('',(-0.00534993609357451,-0.041829912080251,0.002));
#5831=CARTESIAN_POINT('',(-0.00558503427708277,-0.0418225531585267,0.002));
#5832=CARTESIAN_POINT('',(-0.00444130291645688,-0.0420561020953561,0.002));
#5833=CARTESIAN_POINT('',(-0.00444130291645688,-0.0420561020953561,0.));
#5834=CARTESIAN_POINT('',(-0.00464218856914159,-0.0419197683876215,0.002));
#5835=CARTESIAN_POINT('',(-0.00464218856914159,-0.0419197683876215,0.));
#5836=CARTESIAN_POINT('',(-0.00494506629484747,-0.0418443717159198,0.002));
#5837=CARTESIAN_POINT('',(-0.00494506629484747,-0.0418443717159198,0.));
#5838=CARTESIAN_POINT('',(-0.00534993609357451,-0.041829912080251,0.002));
#5839=CARTESIAN_POINT('',(-0.00534993609357451,-0.041829912080251,0.));
#5840=CARTESIAN_POINT('',(-0.00444130291645688,-0.0420561020953561,0.002));
#5841=CARTESIAN_POINT('',(-0.00444130291645688,-0.0420561020953561,0.002));
#5842=CARTESIAN_POINT('',(-0.00444130291645688,-0.0420561020953561,0.002));
#5843=CARTESIAN_POINT('',(-0.00474263139548395,-0.0418516015337543,0.002));
#5844=CARTESIAN_POINT('',(-0.00534993609357451,-0.041829912080251,0.002));
#5845=CARTESIAN_POINT('',(-0.00413997443742981,-0.0426912932336651,0.002));
#5846=CARTESIAN_POINT('',(-0.00413997443742981,-0.0426912932336651,0.));
#5847=CARTESIAN_POINT('',(-0.00413997443742981,-0.0424041661825271,0.002));
#5848=CARTESIAN_POINT('',(-0.00413997443742981,-0.0424041661825271,0.));
#5849=CARTESIAN_POINT('',(-0.00424041726377216,-0.0421924358030908,0.002));
#5850=CARTESIAN_POINT('',(-0.00424041726377216,-0.0421924358030908,0.));
#5851=CARTESIAN_POINT('',(-0.00444130291645688,-0.0420561020953561,0.002));
#5852=CARTESIAN_POINT('',(-0.00444130291645688,-0.0420561020953561,0.));
#5853=CARTESIAN_POINT('',(-0.00413997443742981,-0.0426912932336651,0.002));
#5854=CARTESIAN_POINT('',(-0.00413997443742981,-0.0426912932336651,0.002));
#5855=CARTESIAN_POINT('',(-0.00413997443742981,-0.0426912932336651,0.002));
#5856=CARTESIAN_POINT('',(-0.00413997443742981,-0.0422606026569581,0.002));
#5857=CARTESIAN_POINT('',(-0.00444130291645688,-0.0420561020953561,0.002));
#5858=CARTESIAN_POINT('',(-0.00436384058251676,-0.0433257097486347,0.002));
#5859=CARTESIAN_POINT('',(-0.00436384058251676,-0.0433257097486347,0.));
#5860=CARTESIAN_POINT('',(-0.00421459648579212,-0.0431769820674697,0.002));
#5861=CARTESIAN_POINT('',(-0.00421459648579212,-0.0431769820674697,0.));
#5862=CARTESIAN_POINT('',(-0.00413997443742981,-0.0429655098958132,0.002));
#5863=CARTESIAN_POINT('',(-0.00413997443742981,-0.0429655098958132,0.));
#5864=CARTESIAN_POINT('',(-0.00413997443742981,-0.0426912932336651,0.002));
#5865=CARTESIAN_POINT('',(-0.00413997443742981,-0.0426912932336651,0.));
#5866=CARTESIAN_POINT('',(-0.00436384058251676,-0.0433257097486347,0.002));
#5867=CARTESIAN_POINT('',(-0.00436384058251676,-0.0433257097486347,0.002));
#5868=CARTESIAN_POINT('',(-0.00436384058251676,-0.0433257097486347,0.002));
#5869=CARTESIAN_POINT('',(-0.00413997443742981,-0.0431026182268872,0.002));
#5870=CARTESIAN_POINT('',(-0.00413997443742981,-0.0426912932336651,0.002));
#5871=CARTESIAN_POINT('',(-0.00497734226732252,-0.0435488012703823,0.002));
#5872=CARTESIAN_POINT('',(-0.00497734226732252,-0.0435488012703823,0.));
#5873=CARTESIAN_POINT('',(-0.00471758524084331,-0.0435488012703823,0.002));
#5874=CARTESIAN_POINT('',(-0.00471758524084331,-0.0435488012703823,0.));
#5875=CARTESIAN_POINT('',(-0.00451308467924139,-0.0434744374297998,0.002));
#5876=CARTESIAN_POINT('',(-0.00451308467924139,-0.0434744374297998,0.));
#5877=CARTESIAN_POINT('',(-0.00436384058251676,-0.0433257097486347,0.002));
#5878=CARTESIAN_POINT('',(-0.00436384058251676,-0.0433257097486347,0.));
#5879=CARTESIAN_POINT('',(-0.00497734226732252,-0.0435488012703823,0.002));
#5880=CARTESIAN_POINT('',(-0.00497734226732252,-0.0435488012703823,0.002));
#5881=CARTESIAN_POINT('',(-0.00497734226732252,-0.0435488012703823,0.002));
#5882=CARTESIAN_POINT('',(-0.00458770672760371,-0.0435488012703823,0.002));
#5883=CARTESIAN_POINT('',(-0.00436384058251676,-0.0433257097486347,0.002));
#5884=CARTESIAN_POINT('',(-0.00549169216468493,-0.0434577830280026,0.002));
#5885=CARTESIAN_POINT('',(-0.00549169216468493,-0.0434577830280026,0.));
#5886=CARTESIAN_POINT('',(-0.00536000619698672,-0.0435184618562557,0.002));
#5887=CARTESIAN_POINT('',(-0.00536000619698672,-0.0435184618562557,0.));
#5888=CARTESIAN_POINT('',(-0.00518855623119925,-0.0435488012703823,0.002));
#5889=CARTESIAN_POINT('',(-0.00518855623119925,-0.0435488012703823,0.));
#5890=CARTESIAN_POINT('',(-0.00497734226732252,-0.0435488012703823,0.002));
#5891=CARTESIAN_POINT('',(-0.00497734226732252,-0.0435488012703823,0.));
#5892=CARTESIAN_POINT('',(-0.00549169216468493,-0.0434577830280026,0.002));
#5893=CARTESIAN_POINT('',(-0.00549169216468493,-0.0434577830280026,0.002));
#5894=CARTESIAN_POINT('',(-0.00549169216468493,-0.0434577830280026,0.002));
#5895=CARTESIAN_POINT('',(-0.00529416321313762,-0.0435488012703823,0.002));
#5896=CARTESIAN_POINT('',(-0.00497734226732252,-0.0435488012703823,0.002));
#5897=CARTESIAN_POINT('',(-0.00587513071768853,-0.0431320539137845,0.002));
#5898=CARTESIAN_POINT('',(-0.00587513071768853,-0.0431320539137845,0.));
#5899=CARTESIAN_POINT('',(-0.00575119098338434,-0.0432885278283435,0.002));
#5900=CARTESIAN_POINT('',(-0.00575119098338434,-0.0432885278283435,0.));
#5901=CARTESIAN_POINT('',(-0.00562337813238314,-0.0433971041997495,0.002));
#5902=CARTESIAN_POINT('',(-0.00562337813238314,-0.0433971041997495,0.));
#5903=CARTESIAN_POINT('',(-0.00549169216468493,-0.0434577830280026,0.002));
#5904=CARTESIAN_POINT('',(-0.00549169216468493,-0.0434577830280026,0.));
#5905=CARTESIAN_POINT('',(-0.00587513071768853,-0.0431320539137845,0.002));
#5906=CARTESIAN_POINT('',(-0.00587513071768853,-0.0431320539137845,0.002));
#5907=CARTESIAN_POINT('',(-0.00587513071768853,-0.0431320539137845,0.002));
#5908=CARTESIAN_POINT('',(-0.00568922111623224,-0.043366764785623,0.002));
#5909=CARTESIAN_POINT('',(-0.00549169216468493,-0.0434577830280026,0.002));
#5910=CARTESIAN_POINT('',(-0.00588481350943105,-0.0431320539137845,0.002));
#5911=CARTESIAN_POINT('',(-0.00588481350943105,-0.0431320539137845,0.002));
#5912=CARTESIAN_POINT('',(-0.00553429644835199,-0.0422559549169217,0.002));
#5913=CARTESIAN_POINT('',(-0.00553429644835199,-0.0422559549169217,0.));
#5914=CARTESIAN_POINT('',(-0.00531946757555806,-0.0422621519036369,0.002));
#5915=CARTESIAN_POINT('',(-0.00531946757555806,-0.0422621519036369,0.));
#5916=CARTESIAN_POINT('',(-0.00515963695986161,-0.042300753966717,0.002));
#5917=CARTESIAN_POINT('',(-0.00515963695986161,-0.042300753966717,0.));
#5918=CARTESIAN_POINT('',(-0.00505480460126264,-0.0423717611061621,0.002));
#5919=CARTESIAN_POINT('',(-0.00505480460126264,-0.0423717611061621,0.));
#5920=CARTESIAN_POINT('',(-0.00553429644835199,-0.0422559549169217,0.));
#5921=CARTESIAN_POINT('',(-0.00521205313916109,-0.0422652503969944,0.));
#5922=CARTESIAN_POINT('',(-0.00505480460126264,-0.0423717611061621,0.));
#5923=CARTESIAN_POINT('',(-0.00553429644835199,-0.0422559549169217,0.002));
#5924=CARTESIAN_POINT('',(-0.00521205313916109,-0.0422652503969944,0.002));
#5925=CARTESIAN_POINT('',(-0.00505480460126264,-0.0423717611061621,0.002));
#5926=CARTESIAN_POINT('',(0.,0.,0.002));
#5927=CARTESIAN_POINT('',(-0.00245052093419575,-0.0413333785196948,0.002));
#5928=CARTESIAN_POINT('',(-0.00245052093419575,-0.0413333785196948,0.));
#5929=CARTESIAN_POINT('',(-0.00226770982609706,-0.0413333785196948,0.002));
#5930=CARTESIAN_POINT('',(-0.00226770982609706,-0.0413333785196948,0.));
#5931=CARTESIAN_POINT('',(-0.00213434550783015,-0.0413894096079115,0.002));
#5932=CARTESIAN_POINT('',(-0.00213434550783015,-0.0413894096079115,0.));
#5933=CARTESIAN_POINT('',(-0.00205042797939502,-0.0415014717843449,0.002));
#5934=CARTESIAN_POINT('',(-0.00205042797939502,-0.0415014717843449,0.));
#5935=CARTESIAN_POINT('',(-0.00245052093419575,-0.0413333785196948,0.));
#5936=CARTESIAN_POINT('',(-0.00217630427204772,-0.0413333785196948,0.));
#5937=CARTESIAN_POINT('',(-0.00205042797939502,-0.0415014717843449,0.));
#5938=CARTESIAN_POINT('',(-0.00245052093419575,-0.0413333785196948,0.));
#5939=CARTESIAN_POINT('',(-0.00205042797939502,-0.0415014717843449,0.));
#5940=CARTESIAN_POINT('',(-0.00245052093419575,-0.0413333785196948,0.002));
#5941=CARTESIAN_POINT('',(-0.00245052093419575,-0.0413333785196948,0.002));
#5942=CARTESIAN_POINT('',(-0.00245052093419575,-0.0413333785196948,0.002));
#5943=CARTESIAN_POINT('',(-0.00217630427204772,-0.0413333785196948,0.002));
#5944=CARTESIAN_POINT('',(-0.00205042797939502,-0.0415014717843449,0.002));
#5945=CARTESIAN_POINT('',(-0.00205042797939502,-0.0415014717843449,0.002));
#5946=CARTESIAN_POINT('',(-0.00205042797939502,-0.0415014717843449,0.002));
#5947=CARTESIAN_POINT('',(-0.00283395948719935,-0.0415332313412603,0.002));
#5948=CARTESIAN_POINT('',(-0.00283395948719935,-0.0415332313412603,0.));
#5949=CARTESIAN_POINT('',(-0.00275236582878243,-0.0413999961268833,0.002));
#5950=CARTESIAN_POINT('',(-0.00275236582878243,-0.0413999961268833,0.));
#5951=CARTESIAN_POINT('',(-0.00262455297778122,-0.0413333785196948,0.002));
#5952=CARTESIAN_POINT('',(-0.00262455297778122,-0.0413333785196948,0.));
#5953=CARTESIAN_POINT('',(-0.00245052093419575,-0.0413333785196948,0.002));
#5954=CARTESIAN_POINT('',(-0.00245052093419575,-0.0413333785196948,0.));
#5955=CARTESIAN_POINT('',(-0.00283395948719935,-0.0415332313412603,0.));
#5956=CARTESIAN_POINT('',(-0.00271156899957396,-0.0413333785196948,0.));
#5957=CARTESIAN_POINT('',(-0.00245052093419575,-0.0413333785196948,0.));
#5958=CARTESIAN_POINT('',(-0.00283395948719935,-0.0415332313412603,0.));
#5959=CARTESIAN_POINT('',(-0.00283395948719935,-0.0415332313412603,0.002));
#5960=CARTESIAN_POINT('',(-0.00283395948719935,-0.0415332313412603,0.002));
#5961=CARTESIAN_POINT('',(-0.00283395948719935,-0.0415332313412603,0.002));
#5962=CARTESIAN_POINT('',(-0.00271156899957396,-0.0413333785196948,0.002));
#5963=CARTESIAN_POINT('',(-0.00245052093419575,-0.0413333785196948,0.002));
#5964=CARTESIAN_POINT('',(-0.00295634997482475,-0.0421320151826175,0.002));
#5965=CARTESIAN_POINT('',(-0.00295634997482475,-0.0421320151826175,0.));
#5966=CARTESIAN_POINT('',(-0.00295634997482475,-0.041866061169423,0.002));
#5967=CARTESIAN_POINT('',(-0.00295634997482475,-0.041866061169423,0.));
#5968=CARTESIAN_POINT('',(-0.00291555314561628,-0.0416664665556373,0.002));
#5969=CARTESIAN_POINT('',(-0.00291555314561628,-0.0416664665556373,0.));
#5970=CARTESIAN_POINT('',(-0.00283395948719935,-0.0415332313412603,0.002));
#5971=CARTESIAN_POINT('',(-0.00283395948719935,-0.0415332313412603,0.));
#5972=CARTESIAN_POINT('',(-0.00295634997482475,-0.0421320151826175,0.));
#5973=CARTESIAN_POINT('',(-0.00295634997482475,-0.0417330841628258,0.));
#5974=CARTESIAN_POINT('',(-0.00283395948719935,-0.0415332313412603,0.));
#5975=CARTESIAN_POINT('',(-0.00295634997482475,-0.0421320151826175,0.));
#5976=CARTESIAN_POINT('',(-0.00295634997482475,-0.0421320151826175,0.002));
#5977=CARTESIAN_POINT('',(-0.00295634997482475,-0.0421320151826175,0.002));
#5978=CARTESIAN_POINT('',(-0.00295634997482475,-0.0421320151826175,0.002));
#5979=CARTESIAN_POINT('',(-0.00295634997482475,-0.0417330841628258,0.002));
#5980=CARTESIAN_POINT('',(-0.00283395948719935,-0.0415332313412603,0.002));
#5981=CARTESIAN_POINT('',(-0.00245981641426857,-0.0429507920523646,0.002));
#5982=CARTESIAN_POINT('',(-0.00245981641426857,-0.0429507920523646,0.));
#5983=CARTESIAN_POINT('',(-0.00279083878797269,-0.0429507920523646,0.002));
#5984=CARTESIAN_POINT('',(-0.00279083878797269,-0.0429507920523646,0.));
#5985=CARTESIAN_POINT('',(-0.00295634997482475,-0.0426778664291155,0.002));
#5986=CARTESIAN_POINT('',(-0.00295634997482475,-0.0426778664291155,0.));
#5987=CARTESIAN_POINT('',(-0.00295634997482475,-0.0421320151826175,0.002));
#5988=CARTESIAN_POINT('',(-0.00295634997482475,-0.0421320151826175,0.));
#5989=CARTESIAN_POINT('',(-0.00245981641426857,-0.0429507920523646,0.));
#5990=CARTESIAN_POINT('',(-0.00295634997482475,-0.0429507920523646,0.));
#5991=CARTESIAN_POINT('',(-0.00295634997482475,-0.0421320151826175,0.));
#5992=CARTESIAN_POINT('',(-0.00245981641426857,-0.0429507920523646,0.));
#5993=CARTESIAN_POINT('',(-0.00245981641426857,-0.0429507920523646,0.002));
#5994=CARTESIAN_POINT('',(-0.00245981641426857,-0.0429507920523646,0.002));
#5995=CARTESIAN_POINT('',(-0.00245981641426857,-0.0429507920523646,0.002));
#5996=CARTESIAN_POINT('',(-0.00295634997482475,-0.0429507920523646,0.002));
#5997=CARTESIAN_POINT('',(-0.00295634997482475,-0.0421320151826175,0.002));
#5998=CARTESIAN_POINT('',(-0.00204965335605562,-0.0427617839575507,0.002));
#5999=CARTESIAN_POINT('',(-0.00204965335605562,-0.0427617839575507,0.));
#6000=CARTESIAN_POINT('',(-0.00213615296228876,-0.0428877893540933,0.002));
#6001=CARTESIAN_POINT('',(-0.00213615296228876,-0.0428877893540933,0.));
#6002=CARTESIAN_POINT('',(-0.00227287398169307,-0.0429507920523646,0.002));
#6003=CARTESIAN_POINT('',(-0.00227287398169307,-0.0429507920523646,0.));
#6004=CARTESIAN_POINT('',(-0.00245981641426857,-0.0429507920523646,0.002));
#6005=CARTESIAN_POINT('',(-0.00245981641426857,-0.0429507920523646,0.));
#6006=CARTESIAN_POINT('',(-0.00204965335605562,-0.0427617839575507,0.));
#6007=CARTESIAN_POINT('',(-0.00217940276540533,-0.0429507920523646,0.));
#6008=CARTESIAN_POINT('',(-0.00245981641426857,-0.0429507920523646,0.));
#6009=CARTESIAN_POINT('',(-0.00204965335605562,-0.0427617839575507,0.));
#6010=CARTESIAN_POINT('',(-0.00204965335605562,-0.0427617839575507,0.002));
#6011=CARTESIAN_POINT('',(-0.00204965335605562,-0.0427617839575507,0.002));
#6012=CARTESIAN_POINT('',(-0.00204965335605562,-0.0427617839575507,0.002));
#6013=CARTESIAN_POINT('',(-0.00217940276540533,-0.0429507920523646,0.002));
#6014=CARTESIAN_POINT('',(-0.00245981641426857,-0.0429507920523646,0.002));
#6015=CARTESIAN_POINT('',(-0.00191990394670591,-0.0421374375459933,0.002));
#6016=CARTESIAN_POINT('',(-0.00191990394670591,-0.0421374375459933,0.));
#6017=CARTESIAN_POINT('',(-0.00191990394670591,-0.0424276630904889,0.002));
#6018=CARTESIAN_POINT('',(-0.00191990394670591,-0.0424276630904889,0.));
#6019=CARTESIAN_POINT('',(-0.00196315374982248,-0.0426357785610081,0.002));
#6020=CARTESIAN_POINT('',(-0.00196315374982248,-0.0426357785610081,0.));
#6021=CARTESIAN_POINT('',(-0.00204965335605562,-0.0427617839575507,0.002));
#6022=CARTESIAN_POINT('',(-0.00204965335605562,-0.0427617839575507,0.));
#6023=CARTESIAN_POINT('',(-0.00191990394670591,-0.0421374375459933,0.));
#6024=CARTESIAN_POINT('',(-0.00191990394670591,-0.0425727758627368,0.));
#6025=CARTESIAN_POINT('',(-0.00204965335605562,-0.0427617839575507,0.));
#6026=CARTESIAN_POINT('',(-0.00191990394670591,-0.0421374375459933,0.));
#6027=CARTESIAN_POINT('',(-0.00191990394670591,-0.0421374375459933,0.002));
#6028=CARTESIAN_POINT('',(-0.00191990394670591,-0.0421374375459933,0.002));
#6029=CARTESIAN_POINT('',(-0.00191990394670591,-0.0421374375459933,0.002));
#6030=CARTESIAN_POINT('',(-0.00191990394670591,-0.0425727758627368,0.002));
#6031=CARTESIAN_POINT('',(-0.00204965335605562,-0.0427617839575507,0.002));
#6032=CARTESIAN_POINT('',(-0.00191990394670591,-0.0420971571323444,0.002));
#6033=CARTESIAN_POINT('',(-0.00191990394670591,-0.0420971571323444,0.));
#6034=CARTESIAN_POINT('',(-0.00191990394670591,-0.0420568767186956,0.));
#6035=CARTESIAN_POINT('',(-0.00191990394670591,-0.0420568767186956,0.002));
#6036=CARTESIAN_POINT('',(-0.00191990394670591,-0.0420568767186956,0.002));
#6037=CARTESIAN_POINT('',(-0.00191990394670591,-0.0420971571323444,0.002));
#6038=CARTESIAN_POINT('',(-0.00266819009256749,-0.0435488012703823,0.002));
#6039=CARTESIAN_POINT('',(-0.00266819009256749,-0.0435488012703823,0.));
#6040=CARTESIAN_POINT('',(-0.0023500781078534,-0.0435488012703823,0.002));
#6041=CARTESIAN_POINT('',(-0.0023500781078534,-0.0435488012703823,0.));
#6042=CARTESIAN_POINT('',(-0.0021006493925662,-0.0434333823928115,0.002));
#6043=CARTESIAN_POINT('',(-0.0021006493925662,-0.0434333823928115,0.));
#6044=CARTESIAN_POINT('',(-0.00191990394670591,-0.0432025446376699,0.002));
#6045=CARTESIAN_POINT('',(-0.00191990394670591,-0.0432025446376699,0.));
#6046=CARTESIAN_POINT('',(-0.00266819009256749,-0.0435488012703823,0.002));
#6047=CARTESIAN_POINT('',(-0.00266819009256749,-0.0435488012703823,0.002));
#6048=CARTESIAN_POINT('',(-0.00266819009256749,-0.0435488012703823,0.002));
#6049=CARTESIAN_POINT('',(-0.00219102211549635,-0.0435488012703823,0.002));
#6050=CARTESIAN_POINT('',(-0.00191990394670591,-0.0432025446376699,0.002));
#6051=CARTESIAN_POINT('',(-0.00191990394670591,-0.0432025446376699,0.002));
#6052=CARTESIAN_POINT('',(-0.00191990394670591,-0.0432025446376699,0.002));
#6053=CARTESIAN_POINT('',(-0.00269121615720702,-0.0426232721227881,0.002));
#6054=CARTESIAN_POINT('',(-0.00321972191022116,-0.0433814826290716,0.002));
#6055=CARTESIAN_POINT('',(-0.00321972191022116,-0.0433814826290716,0.002));
#6056=CARTESIAN_POINT('',(-0.00269121615720702,-0.0426232721227881,0.002));
#6057=CARTESIAN_POINT('',(-0.00358185832139122,-0.042894631860258,0.002));
#6058=CARTESIAN_POINT('',(-0.00358185832139122,-0.042894631860258,0.));
#6059=CARTESIAN_POINT('',(-0.00349690796183689,-0.0431076532785933,0.002));
#6060=CARTESIAN_POINT('',(-0.00349690796183689,-0.0431076532785933,0.));
#6061=CARTESIAN_POINT('',(-0.0033761958247802,-0.0432699368681978,0.002));
#6062=CARTESIAN_POINT('',(-0.0033761958247802,-0.0432699368681978,0.));
#6063=CARTESIAN_POINT('',(-0.00321972191022116,-0.0433814826290716,0.002));
#6064=CARTESIAN_POINT('',(-0.00321972191022116,-0.0433814826290716,0.));
#6065=CARTESIAN_POINT('',(-0.00358185832139122,-0.042894631860258,0.002));
#6066=CARTESIAN_POINT('',(-0.00358185832139122,-0.042894631860258,0.002));
#6067=CARTESIAN_POINT('',(-0.00358185832139122,-0.042894631860258,0.002));
#6068=CARTESIAN_POINT('',(-0.00345443278205972,-0.0432141639877609,0.002));
#6069=CARTESIAN_POINT('',(-0.00321972191022116,-0.0433814826290716,0.002));
#6070=CARTESIAN_POINT('',(-0.00370928386072273,-0.0421420852860297,0.002));
#6071=CARTESIAN_POINT('',(-0.00370928386072273,-0.0421420852860297,0.));
#6072=CARTESIAN_POINT('',(-0.00370928386072273,-0.0424307615838465,0.002));
#6073=CARTESIAN_POINT('',(-0.00370928386072273,-0.0424307615838465,0.));
#6074=CARTESIAN_POINT('',(-0.00366680868094556,-0.0426816104419226,0.002));
#6075=CARTESIAN_POINT('',(-0.00366680868094556,-0.0426816104419226,0.));
#6076=CARTESIAN_POINT('',(-0.00358185832139122,-0.042894631860258,0.002));
#6077=CARTESIAN_POINT('',(-0.00358185832139122,-0.042894631860258,0.));
#6078=CARTESIAN_POINT('',(-0.00370928386072273,-0.0421420852860297,0.002));
#6079=CARTESIAN_POINT('',(-0.00370928386072273,-0.0421420852860297,0.002));
#6080=CARTESIAN_POINT('',(-0.00370928386072273,-0.0421420852860297,0.002));
#6081=CARTESIAN_POINT('',(-0.00370928386072273,-0.042575099732755,0.002));
#6082=CARTESIAN_POINT('',(-0.00358185832139122,-0.042894631860258,0.002));
#6083=CARTESIAN_POINT('',(-0.0034381656919323,-0.0411133854913049,0.002));
#6084=CARTESIAN_POINT('',(-0.0034381656919323,-0.0411133854913049,0.));
#6085=CARTESIAN_POINT('',(-0.00361891113779259,-0.041360232128794,0.002));
#6086=CARTESIAN_POINT('',(-0.00361891113779259,-0.041360232128794,0.));
#6087=CARTESIAN_POINT('',(-0.00370928386072273,-0.041703132060369,0.002));
#6088=CARTESIAN_POINT('',(-0.00370928386072273,-0.041703132060369,0.));
#6089=CARTESIAN_POINT('',(-0.00370928386072273,-0.0421420852860297,0.002));
#6090=CARTESIAN_POINT('',(-0.00370928386072273,-0.0421420852860297,0.));
#6091=CARTESIAN_POINT('',(-0.0034381656919323,-0.0411133854913049,0.002));
#6092=CARTESIAN_POINT('',(-0.0034381656919323,-0.0411133854913049,0.002));
#6093=CARTESIAN_POINT('',(-0.0034381656919323,-0.0411133854913049,0.002));
#6094=CARTESIAN_POINT('',(-0.00370928386072273,-0.0414836554475386,0.002));
#6095=CARTESIAN_POINT('',(-0.00370928386072273,-0.0421420852860297,0.002));
#6096=CARTESIAN_POINT('',(-0.00268755567605252,-0.0407431155350711,0.002));
#6097=CARTESIAN_POINT('',(-0.00268755567605252,-0.0407431155350711,0.));
#6098=CARTESIAN_POINT('',(-0.00300721690744543,-0.0407431155350711,0.002));
#6099=CARTESIAN_POINT('',(-0.00300721690744543,-0.0407431155350711,0.));
#6100=CARTESIAN_POINT('',(-0.00325742024607202,-0.0408665388538157,0.002));
#6101=CARTESIAN_POINT('',(-0.00325742024607202,-0.0408665388538157,0.));
#6102=CARTESIAN_POINT('',(-0.0034381656919323,-0.0411133854913049,0.002));
#6103=CARTESIAN_POINT('',(-0.0034381656919323,-0.0411133854913049,0.));
#6104=CARTESIAN_POINT('',(-0.00268755567605252,-0.0407431155350711,0.002));
#6105=CARTESIAN_POINT('',(-0.00268755567605252,-0.0407431155350711,0.002));
#6106=CARTESIAN_POINT('',(-0.00268755567605252,-0.0407431155350711,0.002));
#6107=CARTESIAN_POINT('',(-0.00316704752314188,-0.0407431155350711,0.002));
#6108=CARTESIAN_POINT('',(-0.0034381656919323,-0.0411133854913049,0.002));
#6109=CARTESIAN_POINT('',(-0.00191990394670591,-0.0411443704248809,0.002));
#6110=CARTESIAN_POINT('',(-0.00191990394670591,-0.0411443704248809,0.));
#6111=CARTESIAN_POINT('',(-0.00209290315917219,-0.0408768671650077,0.002));
#6112=CARTESIAN_POINT('',(-0.00209290315917219,-0.0408768671650077,0.));
#6113=CARTESIAN_POINT('',(-0.00234878706895439,-0.0407431155350711,0.002));
#6114=CARTESIAN_POINT('',(-0.00234878706895439,-0.0407431155350711,0.));
#6115=CARTESIAN_POINT('',(-0.00268755567605252,-0.0407431155350711,0.002));
#6116=CARTESIAN_POINT('',(-0.00268755567605252,-0.0407431155350711,0.));
#6117=CARTESIAN_POINT('',(-0.00191990394670591,-0.0411443704248809,0.002));
#6118=CARTESIAN_POINT('',(-0.00191990394670591,-0.0411443704248809,0.002));
#6119=CARTESIAN_POINT('',(-0.00191990394670591,-0.0411443704248809,0.002));
#6120=CARTESIAN_POINT('',(-0.00217940276540533,-0.0407431155350711,0.002));
#6121=CARTESIAN_POINT('',(-0.00268755567605252,-0.0407431155350711,0.002));
#6122=CARTESIAN_POINT('',(-0.00190286223323909,-0.0411443704248809,0.002));
#6123=CARTESIAN_POINT('',(-0.00188582051977227,-0.0411443704248809,0.002));
#6124=CARTESIAN_POINT('',(-0.00188582051977227,-0.0411443704248809,0.002));
#6125=CARTESIAN_POINT('',(-0.00190286223323909,-0.0411443704248809,0.002));
#6126=CARTESIAN_POINT('',(-0.00183392075603238,-0.0409689182385066,0.002));
#6127=CARTESIAN_POINT('',(-0.0017820209922925,-0.0407934660521322,0.002));
#6128=CARTESIAN_POINT('',(-0.0017820209922925,-0.0407934660521322,0.002));
#6129=CARTESIAN_POINT('',(-0.00183392075603238,-0.0409689182385066,0.002));
#6130=CARTESIAN_POINT('',(-0.00148185444827453,-0.0407934660521322,0.002));
#6131=CARTESIAN_POINT('',(-0.00118168790425656,-0.0407934660521322,0.002));
#6132=CARTESIAN_POINT('',(-0.00118168790425656,-0.0407934660521322,0.002));
#6133=CARTESIAN_POINT('',(-0.00148185444827453,-0.0407934660521322,0.002));
#6134=CARTESIAN_POINT('',(-0.00118168790425656,-0.0427424183740657,0.002));
#6135=CARTESIAN_POINT('',(-0.00118168790425656,-0.0446913706959991,0.002));
#6136=CARTESIAN_POINT('',(-0.00118168790425656,-0.0446913706959991,0.002));
#6137=CARTESIAN_POINT('',(-0.00118168790425656,-0.0427424183740657,0.002));
#6138=CARTESIAN_POINT('',(-0.00155079592548124,-0.0446913706959991,0.002));
#6139=CARTESIAN_POINT('',(-0.00191990394670591,-0.0446913706959991,0.002));
#6140=CARTESIAN_POINT('',(-0.00191990394670591,-0.0446913706959991,0.002));
#6141=CARTESIAN_POINT('',(-0.00155079592548124,-0.0446913706959991,0.002));
#6142=CARTESIAN_POINT('',(-0.00191990394670591,-0.0441429373717031,0.002));
#6143=CARTESIAN_POINT('',(-0.00191990394670591,-0.043594504047407,0.002));
#6144=CARTESIAN_POINT('',(-0.00192030665488888,-0.0435944727011483,0.002));
#6145=CARTESIAN_POINT('',(-0.00191990394670591,-0.0441429373717031,0.002));
#6146=CARTESIAN_POINT('',(0.00626774122782713,-0.0442318192405236,0.002));
#6147=CARTESIAN_POINT('',(-0.001880729023736,-0.0432025446376699,0.002));
#6148=CARTESIAN_POINT('',(-0.00188117277973586,-0.0432025446376699,0.002));
#6149=CARTESIAN_POINT('',(0.00626774122782713,-0.0442318192405236,0.002));
#6150=CARTESIAN_POINT('',(-0.00190053836322089,-0.0432025446376699,0.002));
#6151=CARTESIAN_POINT('',(-0.00190053836322089,-0.0432025446376699,0.002));
#6152=CARTESIAN_POINT('',(-0.00205042797939502,-0.0415014717843449,0.002));
#6153=CARTESIAN_POINT('',(-0.00205042797939502,-0.0415014717843449,0.));
#6154=CARTESIAN_POINT('',(-0.00196651045095989,-0.0416135339607782,0.002));
#6155=CARTESIAN_POINT('',(-0.00196651045095989,-0.0416135339607782,0.));
#6156=CARTESIAN_POINT('',(-0.00192300244006352,-0.0417986689388951,0.002));
#6157=CARTESIAN_POINT('',(-0.00192300244006352,-0.0417986689388951,0.));
#6158=CARTESIAN_POINT('',(-0.00191990394670591,-0.0420568767186956,0.002));
#6159=CARTESIAN_POINT('',(-0.00191990394670591,-0.0420568767186956,0.));
#6160=CARTESIAN_POINT('',(-0.00205042797939502,-0.0415014717843449,0.));
#6161=CARTESIAN_POINT('',(-0.00192455168674232,-0.0416695650489949,0.));
#6162=CARTESIAN_POINT('',(-0.00191990394670591,-0.0420568767186956,0.));
#6163=CARTESIAN_POINT('',(-0.00205042797939502,-0.0415014717843449,0.002));
#6164=CARTESIAN_POINT('',(-0.00192455168674232,-0.0416695650489949,0.002));
#6165=CARTESIAN_POINT('',(-0.00191990394670591,-0.0420568767186956,0.002));
#6166=CARTESIAN_POINT('',(0.,0.,0.002));
#6167=CARTESIAN_POINT('',(0.000454703900228514,-0.0422509198652155,0.002));
#6168=CARTESIAN_POINT('',(0.000454703900228514,-0.0422509198652155,0.));
#6169=CARTESIAN_POINT('',(0.00031178589410899,-0.0422458848135095,0.));
#6170=CARTESIAN_POINT('',(0.000597621906348038,-0.0422559549169217,0.));
#6171=CARTESIAN_POINT('',(0.00031178589410899,-0.0422458848135095,0.002));
#6172=CARTESIAN_POINT('',(0.00031178589410899,-0.0422458848135095,0.002));
#6173=CARTESIAN_POINT('',(0.000454703900228514,-0.0422509198652155,0.002));
#6174=CARTESIAN_POINT('',(0.000597621906348038,-0.0422559549169217,0.002));
#6175=CARTESIAN_POINT('',(0.000597621906348038,-0.0422559549169217,0.002));
#6176=CARTESIAN_POINT('',(0.00031178589410899,-0.0423574305743832,0.002));
#6177=CARTESIAN_POINT('',(0.00031178589410899,-0.0423574305743832,0.));
#6178=CARTESIAN_POINT('',(0.00031178589410899,-0.042468976335257,0.));
#6179=CARTESIAN_POINT('',(0.00031178589410899,-0.042468976335257,0.002));
#6180=CARTESIAN_POINT('',(0.00031178589410899,-0.042468976335257,0.002));
#6181=CARTESIAN_POINT('',(0.00031178589410899,-0.0423574305743832,0.002));
#6182=CARTESIAN_POINT('',(0.000465548626980131,-0.042860935744994,0.002));
#6183=CARTESIAN_POINT('',(0.000465548626980131,-0.042860935744994,0.));
#6184=CARTESIAN_POINT('',(0.00036304013839937,-0.0427623003731103,0.002));
#6185=CARTESIAN_POINT('',(0.00036304013839937,-0.0427623003731103,0.));
#6186=CARTESIAN_POINT('',(0.00031178589410899,-0.0426316472365313,0.002));
#6187=CARTESIAN_POINT('',(0.00031178589410899,-0.0426316472365313,0.));
#6188=CARTESIAN_POINT('',(0.00031178589410899,-0.042468976335257,0.002));
#6189=CARTESIAN_POINT('',(0.00031178589410899,-0.042468976335257,0.));
#6190=CARTESIAN_POINT('',(0.000465548626980131,-0.042860935744994,0.));
#6191=CARTESIAN_POINT('',(0.00031178589410899,-0.0427129826871684,0.));
#6192=CARTESIAN_POINT('',(0.00031178589410899,-0.042468976335257,0.));
#6193=CARTESIAN_POINT('',(0.000465548626980131,-0.042860935744994,0.));
#6194=CARTESIAN_POINT('',(0.000465548626980131,-0.042860935744994,0.002));
#6195=CARTESIAN_POINT('',(0.000465548626980131,-0.042860935744994,0.002));
#6196=CARTESIAN_POINT('',(0.000465548626980131,-0.042860935744994,0.002));
#6197=CARTESIAN_POINT('',(0.00031178589410899,-0.0427129826871684,0.002));
#6198=CARTESIAN_POINT('',(0.00031178589410899,-0.042468976335257,0.002));
#6199=CARTESIAN_POINT('',(0.000876486308532477,-0.0430088888028196,0.002));
#6200=CARTESIAN_POINT('',(0.000876486308532477,-0.0430088888028196,0.));
#6201=CARTESIAN_POINT('',(0.000705036342745008,-0.0430088888028196,0.002));
#6202=CARTESIAN_POINT('',(0.000705036342745008,-0.0430088888028196,0.));
#6203=CARTESIAN_POINT('',(0.000568057115560892,-0.0429595711168778,0.002));
#6204=CARTESIAN_POINT('',(0.000568057115560892,-0.0429595711168778,0.));
#6205=CARTESIAN_POINT('',(0.000465548626980131,-0.042860935744994,0.002));
#6206=CARTESIAN_POINT('',(0.000465548626980131,-0.042860935744994,0.));
#6207=CARTESIAN_POINT('',(0.000876486308532477,-0.0430088888028196,0.));
#6208=CARTESIAN_POINT('',(0.000619311359851273,-0.0430088888028196,0.));
#6209=CARTESIAN_POINT('',(0.000465548626980131,-0.042860935744994,0.));
#6210=CARTESIAN_POINT('',(0.000876486308532477,-0.0430088888028196,0.));
#6211=CARTESIAN_POINT('',(0.000876486308532477,-0.0430088888028196,0.002));
#6212=CARTESIAN_POINT('',(0.000876486308532477,-0.0430088888028196,0.002));
#6213=CARTESIAN_POINT('',(0.000876486308532477,-0.0430088888028196,0.002));
#6214=CARTESIAN_POINT('',(0.000619311359851273,-0.0430088888028196,0.002));
#6215=CARTESIAN_POINT('',(0.000465548626980131,-0.042860935744994,0.002));
#6216=CARTESIAN_POINT('',(0.00123436229133584,-0.0426959409737016,0.002));
#6217=CARTESIAN_POINT('',(0.00123436229133584,-0.0426959409737016,0.));
#6218=CARTESIAN_POINT('',(0.00123436229133584,-0.0429045728597803,0.002));
#6219=CARTESIAN_POINT('',(0.00123436229133584,-0.0429045728597803,0.));
#6220=CARTESIAN_POINT('',(0.00111507029706805,-0.0430088888028196,0.002));
#6221=CARTESIAN_POINT('',(0.00111507029706805,-0.0430088888028196,0.));
#6222=CARTESIAN_POINT('',(0.000876486308532477,-0.0430088888028196,0.002));
#6223=CARTESIAN_POINT('',(0.000876486308532477,-0.0430088888028196,0.));
#6224=CARTESIAN_POINT('',(0.00123436229133584,-0.0426959409737016,0.));
#6225=CARTESIAN_POINT('',(0.00123436229133584,-0.0430088888028196,0.));
#6226=CARTESIAN_POINT('',(0.000876486308532477,-0.0430088888028196,0.));
#6227=CARTESIAN_POINT('',(0.00123436229133584,-0.0426959409737016,0.));
#6228=CARTESIAN_POINT('',(0.00123436229133584,-0.0426959409737016,0.002));
#6229=CARTESIAN_POINT('',(0.00123436229133584,-0.0426959409737016,0.002));
#6230=CARTESIAN_POINT('',(0.00123436229133584,-0.0426959409737016,0.002));
#6231=CARTESIAN_POINT('',(0.00123436229133584,-0.0430088888028196,0.002));
#6232=CARTESIAN_POINT('',(0.000876486308532477,-0.0430088888028196,0.002));
#6233=CARTESIAN_POINT('',(0.00107711375343739,-0.0423717611061621,0.002));
#6234=CARTESIAN_POINT('',(0.00107711375343739,-0.0423717611061621,0.));
#6235=CARTESIAN_POINT('',(0.00118194611203636,-0.0424427682456073,0.002));
#6236=CARTESIAN_POINT('',(0.00118194611203636,-0.0424427682456073,0.));
#6237=CARTESIAN_POINT('',(0.00123436229133584,-0.0425508282014537,0.002));
#6238=CARTESIAN_POINT('',(0.00123436229133584,-0.0425508282014537,0.));
#6239=CARTESIAN_POINT('',(0.00123436229133584,-0.0426959409737016,0.002));
#6240=CARTESIAN_POINT('',(0.00123436229133584,-0.0426959409737016,0.));
#6241=CARTESIAN_POINT('',(0.00107711375343739,-0.0423717611061621,0.));
#6242=CARTESIAN_POINT('',(0.00123436229133584,-0.0424782718153298,0.));
#6243=CARTESIAN_POINT('',(0.00123436229133584,-0.0426959409737016,0.));
#6244=CARTESIAN_POINT('',(0.00107711375343739,-0.0423717611061621,0.));
#6245=CARTESIAN_POINT('',(0.00107711375343739,-0.0423717611061621,0.002));
#6246=CARTESIAN_POINT('',(0.00107711375343739,-0.0423717611061621,0.002));
#6247=CARTESIAN_POINT('',(0.00107711375343739,-0.0423717611061621,0.002));
#6248=CARTESIAN_POINT('',(0.00123436229133584,-0.0424782718153298,0.002));
#6249=CARTESIAN_POINT('',(0.00123436229133584,-0.0426959409737016,0.002));
#6250=CARTESIAN_POINT('',(0.00016576939463186,-0.0433160269568922,0.002));
#6251=CARTESIAN_POINT('',(9.41167357372472E-5,-0.0435,0.002));
#6252=CARTESIAN_POINT('',(9.41167357372472E-5,-0.0435,0.002));
#6253=CARTESIAN_POINT('',(0.00016576939463186,-0.0433160269568922,0.002));
#6254=CARTESIAN_POINT('',(0.000237422053526472,-0.0431320539137845,0.002));
#6255=CARTESIAN_POINT('',(0.000237422053526472,-0.0431320539137845,0.002));
#6256=CARTESIAN_POINT('',(-0.000163445524613657,-0.0435,0.002));
#6257=CARTESIAN_POINT('',(-0.000421007784964561,-0.0435,0.002));
#6258=CARTESIAN_POINT('',(-0.000421007784964561,-0.0435,0.002));
#6259=CARTESIAN_POINT('',(-0.000163445524613657,-0.0435,0.002));
#6260=CARTESIAN_POINT('',(-0.000421007784964561,-0.042598338432937,0.002));
#6261=CARTESIAN_POINT('',(-0.000421007784964561,-0.041696676865874,0.002));
#6262=CARTESIAN_POINT('',(-0.000421007784964561,-0.041696676865874,0.002));
#6263=CARTESIAN_POINT('',(-0.000421007784964561,-0.042598338432937,0.002));
#6264=CARTESIAN_POINT('',(-0.000130524032689105,-0.0409751152252218,0.002));
#6265=CARTESIAN_POINT('',(-0.000130524032689105,-0.0409751152252218,0.));
#6266=CARTESIAN_POINT('',(-0.000324179867539409,-0.0411333965942394,0.002));
#6267=CARTESIAN_POINT('',(-0.000324179867539409,-0.0411333965942394,0.));
#6268=CARTESIAN_POINT('',(-0.000421007784964562,-0.0413739171411235,0.002));
#6269=CARTESIAN_POINT('',(-0.000421007784964562,-0.0413739171411235,0.));
#6270=CARTESIAN_POINT('',(-0.000421007784964561,-0.041696676865874,0.002));
#6271=CARTESIAN_POINT('',(-0.000421007784964561,-0.041696676865874,0.));
#6272=CARTESIAN_POINT('',(-0.000130524032689105,-0.0409751152252218,0.002));
#6273=CARTESIAN_POINT('',(-0.000130524032689105,-0.0409751152252218,0.002));
#6274=CARTESIAN_POINT('',(-0.000130524032689105,-0.0409751152252218,0.002));
#6275=CARTESIAN_POINT('',(-0.000421007784964561,-0.0412125372787482,0.002));
#6276=CARTESIAN_POINT('',(-0.000421007784964561,-0.041696676865874,0.002));
#6277=CARTESIAN_POINT('',(0.000704519927185406,-0.0407376931716953,0.002));
#6278=CARTESIAN_POINT('',(0.000704519927185406,-0.0407376931716953,0.));
#6279=CARTESIAN_POINT('',(0.000341479788786037,-0.0407376931716953,0.002));
#6280=CARTESIAN_POINT('',(0.000341479788786037,-0.0407376931716953,0.));
#6281=CARTESIAN_POINT('',(6.31318021611997E-5,-0.0408168338562041,0.002));
#6282=CARTESIAN_POINT('',(6.31318021611997E-5,-0.0408168338562041,0.));
#6283=CARTESIAN_POINT('',(-0.000130524032689105,-0.0409751152252218,0.002));
#6284=CARTESIAN_POINT('',(-0.000130524032689105,-0.0409751152252218,0.));
#6285=CARTESIAN_POINT('',(0.000704519927185406,-0.0407376931716953,0.002));
#6286=CARTESIAN_POINT('',(0.000704519927185406,-0.0407376931716953,0.002));
#6287=CARTESIAN_POINT('',(0.000704519927185406,-0.0407376931716953,0.002));
#6288=CARTESIAN_POINT('',(0.000159959719586352,-0.0407376931716953,0.002));
#6289=CARTESIAN_POINT('',(-0.000130524032689105,-0.0409751152252218,0.002));
#6290=CARTESIAN_POINT('',(0.00174019133196484,-0.0409824741469461,0.002));
#6291=CARTESIAN_POINT('',(0.00174019133196484,-0.0409824741469461,0.));
#6292=CARTESIAN_POINT('',(0.00142879274952555,-0.0408192868301122,0.002));
#6293=CARTESIAN_POINT('',(0.00142879274952555,-0.0408192868301122,0.));
#6294=CARTESIAN_POINT('',(0.0010835689479324,-0.0407376931716953,0.002));
#6295=CARTESIAN_POINT('',(0.0010835689479324,-0.0407376931716953,0.));
#6296=CARTESIAN_POINT('',(0.000704519927185406,-0.0407376931716953,0.002));
#6297=CARTESIAN_POINT('',(0.000704519927185406,-0.0407376931716953,0.));
#6298=CARTESIAN_POINT('',(0.00174019133196484,-0.0409824741469461,0.002));
#6299=CARTESIAN_POINT('',(0.00174019133196484,-0.0409824741469461,0.002));
#6300=CARTESIAN_POINT('',(0.00174019133196484,-0.0409824741469461,0.002));
#6301=CARTESIAN_POINT('',(0.0012730934583059,-0.0407376931716953,0.002));
#6302=CARTESIAN_POINT('',(0.000704519927185406,-0.0407376931716953,0.002));
#6303=CARTESIAN_POINT('',(0.00161818815600914,-0.0412319028622333,0.002));
#6304=CARTESIAN_POINT('',(0.00149618498005345,-0.0414813315775205,0.002));
#6305=CARTESIAN_POINT('',(0.00149618498005345,-0.0414813315775205,0.002));
#6306=CARTESIAN_POINT('',(0.00161818815600914,-0.0412319028622333,0.002));
#6307=CARTESIAN_POINT('',(0.000733180990743251,-0.0412853518726519,0.002));
#6308=CARTESIAN_POINT('',(0.000733180990743251,-0.0412853518726519,0.));
#6309=CARTESIAN_POINT('',(0.000949559110215992,-0.0412853518726519,0.002));
#6310=CARTESIAN_POINT('',(0.000949559110215992,-0.0412853518726519,0.));
#6311=CARTESIAN_POINT('',(0.00120389377331939,-0.0413506784409414,0.002));
#6312=CARTESIAN_POINT('',(0.00120389377331939,-0.0413506784409414,0.));
#6313=CARTESIAN_POINT('',(0.00149618498005345,-0.0414813315775205,0.002));
#6314=CARTESIAN_POINT('',(0.00149618498005345,-0.0414813315775205,0.));
#6315=CARTESIAN_POINT('',(0.000733180990743251,-0.0412853518726519,0.002));
#6316=CARTESIAN_POINT('',(0.000733180990743251,-0.0412853518726519,0.002));
#6317=CARTESIAN_POINT('',(0.000733180990743251,-0.0412853518726519,0.002));
#6318=CARTESIAN_POINT('',(0.00105774816995236,-0.0412853518726519,0.002));
#6319=CARTESIAN_POINT('',(0.00149618498005345,-0.0414813315775205,0.002));
#6320=CARTESIAN_POINT('',(0.00031178589410899,-0.041696676865874,0.002));
#6321=CARTESIAN_POINT('',(0.00031178589410899,-0.041696676865874,0.));
#6322=CARTESIAN_POINT('',(0.00031178589410899,-0.041422460203726,0.002));
#6323=CARTESIAN_POINT('',(0.00031178589410899,-0.041422460203726,0.));
#6324=CARTESIAN_POINT('',(0.00045225092632041,-0.0412853518726519,0.002));
#6325=CARTESIAN_POINT('',(0.00045225092632041,-0.0412853518726519,0.));
#6326=CARTESIAN_POINT('',(0.000733180990743251,-0.0412853518726519,0.002));
#6327=CARTESIAN_POINT('',(0.000733180990743251,-0.0412853518726519,0.));
#6328=CARTESIAN_POINT('',(0.00031178589410899,-0.041696676865874,0.002));
#6329=CARTESIAN_POINT('',(0.00031178589410899,-0.041696676865874,0.002));
#6330=CARTESIAN_POINT('',(0.00031178589410899,-0.041696676865874,0.002));
#6331=CARTESIAN_POINT('',(0.00031178589410899,-0.0412853518726519,0.002));
#6332=CARTESIAN_POINT('',(0.000733180990743251,-0.0412853518726519,0.002));
#6333=CARTESIAN_POINT('',(0.00031178589410899,-0.0417559355513381,0.002));
#6334=CARTESIAN_POINT('',(0.00031178589410899,-0.0418151942368024,0.002));
#6335=CARTESIAN_POINT('',(0.00031178589410899,-0.0418151942368024,0.002));
#6336=CARTESIAN_POINT('',(0.00031178589410899,-0.0417559355513381,0.002));
#6337=CARTESIAN_POINT('',(0.000546884077617259,-0.0418225531585267,0.002));
#6338=CARTESIAN_POINT('',(0.000781982261125528,-0.041829912080251,0.002));
#6339=CARTESIAN_POINT('',(0.000781982261125528,-0.041829912080251,0.002));
#6340=CARTESIAN_POINT('',(0.000546884077617259,-0.0418225531585267,0.002));
#6341=CARTESIAN_POINT('',(0.00169061543824316,-0.0420561020953561,0.002));
#6342=CARTESIAN_POINT('',(0.00169061543824316,-0.0420561020953561,0.));
#6343=CARTESIAN_POINT('',(0.00148972978555844,-0.0419197683876215,0.002));
#6344=CARTESIAN_POINT('',(0.00148972978555844,-0.0419197683876215,0.));
#6345=CARTESIAN_POINT('',(0.00118685205985256,-0.0418443717159198,0.002));
#6346=CARTESIAN_POINT('',(0.00118685205985256,-0.0418443717159198,0.));
#6347=CARTESIAN_POINT('',(0.000781982261125528,-0.041829912080251,0.002));
#6348=CARTESIAN_POINT('',(0.000781982261125528,-0.041829912080251,0.));
#6349=CARTESIAN_POINT('',(0.00169061543824316,-0.0420561020953561,0.002));
#6350=CARTESIAN_POINT('',(0.00169061543824316,-0.0420561020953561,0.002));
#6351=CARTESIAN_POINT('',(0.00169061543824316,-0.0420561020953561,0.002));
#6352=CARTESIAN_POINT('',(0.00138928695921608,-0.0418516015337543,0.002));
#6353=CARTESIAN_POINT('',(0.000781982261125528,-0.041829912080251,0.002));
#6354=CARTESIAN_POINT('',(0.00199194391727023,-0.0426912932336651,0.002));
#6355=CARTESIAN_POINT('',(0.00199194391727023,-0.0426912932336651,0.));
#6356=CARTESIAN_POINT('',(0.00199194391727023,-0.0424041661825271,0.002));
#6357=CARTESIAN_POINT('',(0.00199194391727023,-0.0424041661825271,0.));
#6358=CARTESIAN_POINT('',(0.00189150109092787,-0.0421924358030908,0.002));
#6359=CARTESIAN_POINT('',(0.00189150109092787,-0.0421924358030908,0.));
#6360=CARTESIAN_POINT('',(0.00169061543824316,-0.0420561020953561,0.002));
#6361=CARTESIAN_POINT('',(0.00169061543824316,-0.0420561020953561,0.));
#6362=CARTESIAN_POINT('',(0.00199194391727023,-0.0426912932336651,0.002));
#6363=CARTESIAN_POINT('',(0.00199194391727023,-0.0426912932336651,0.002));
#6364=CARTESIAN_POINT('',(0.00199194391727023,-0.0426912932336651,0.002));
#6365=CARTESIAN_POINT('',(0.00199194391727023,-0.0422606026569581,0.002));
#6366=CARTESIAN_POINT('',(0.00169061543824316,-0.0420561020953561,0.002));
#6367=CARTESIAN_POINT('',(0.00176807777218328,-0.0433257097486347,0.002));
#6368=CARTESIAN_POINT('',(0.00176807777218328,-0.0433257097486347,0.));
#6369=CARTESIAN_POINT('',(0.00191732186890791,-0.0431769820674697,0.002));
#6370=CARTESIAN_POINT('',(0.00191732186890791,-0.0431769820674697,0.));
#6371=CARTESIAN_POINT('',(0.00199194391727023,-0.0429655098958132,0.002));
#6372=CARTESIAN_POINT('',(0.00199194391727023,-0.0429655098958132,0.));
#6373=CARTESIAN_POINT('',(0.00199194391727023,-0.0426912932336651,0.002));
#6374=CARTESIAN_POINT('',(0.00199194391727023,-0.0426912932336651,0.));
#6375=CARTESIAN_POINT('',(0.00176807777218328,-0.0433257097486347,0.002));
#6376=CARTESIAN_POINT('',(0.00176807777218328,-0.0433257097486347,0.002));
#6377=CARTESIAN_POINT('',(0.00176807777218328,-0.0433257097486347,0.002));
#6378=CARTESIAN_POINT('',(0.00199194391727023,-0.0431026182268872,0.002));
#6379=CARTESIAN_POINT('',(0.00199194391727023,-0.0426912932336651,0.002));
#6380=CARTESIAN_POINT('',(0.00115457608737751,-0.0435488012703823,0.002));
#6381=CARTESIAN_POINT('',(0.00115457608737751,-0.0435488012703823,0.));
#6382=CARTESIAN_POINT('',(0.00141433311385672,-0.0435488012703823,0.002));
#6383=CARTESIAN_POINT('',(0.00141433311385672,-0.0435488012703823,0.));
#6384=CARTESIAN_POINT('',(0.00161883367545864,-0.0434744374297998,0.002));
#6385=CARTESIAN_POINT('',(0.00161883367545864,-0.0434744374297998,0.));
#6386=CARTESIAN_POINT('',(0.00176807777218328,-0.0433257097486347,0.002));
#6387=CARTESIAN_POINT('',(0.00176807777218328,-0.0433257097486347,0.));
#6388=CARTESIAN_POINT('',(0.00115457608737751,-0.0435488012703823,0.002));
#6389=CARTESIAN_POINT('',(0.00115457608737751,-0.0435488012703823,0.002));
#6390=CARTESIAN_POINT('',(0.00115457608737751,-0.0435488012703823,0.002));
#6391=CARTESIAN_POINT('',(0.00154421162709633,-0.0435488012703823,0.002));
#6392=CARTESIAN_POINT('',(0.00176807777218328,-0.0433257097486347,0.002));
#6393=CARTESIAN_POINT('',(0.000640226190015105,-0.0434577830280026,0.002));
#6394=CARTESIAN_POINT('',(0.000640226190015105,-0.0434577830280026,0.));
#6395=CARTESIAN_POINT('',(0.000771912157713312,-0.0435184618562557,0.002));
#6396=CARTESIAN_POINT('',(0.000771912157713312,-0.0435184618562557,0.));
#6397=CARTESIAN_POINT('',(0.000943362123500781,-0.0435488012703823,0.002));
#6398=CARTESIAN_POINT('',(0.000943362123500781,-0.0435488012703823,0.));
#6399=CARTESIAN_POINT('',(0.00115457608737751,-0.0435488012703823,0.002));
#6400=CARTESIAN_POINT('',(0.00115457608737751,-0.0435488012703823,0.));
#6401=CARTESIAN_POINT('',(0.000640226190015105,-0.0434577830280026,0.002));
#6402=CARTESIAN_POINT('',(0.000640226190015105,-0.0434577830280026,0.002));
#6403=CARTESIAN_POINT('',(0.000640226190015105,-0.0434577830280026,0.002));
#6404=CARTESIAN_POINT('',(0.000837755141562415,-0.0435488012703823,0.002));
#6405=CARTESIAN_POINT('',(0.00115457608737751,-0.0435488012703823,0.002));
#6406=CARTESIAN_POINT('',(0.000256787637011502,-0.0431320539137845,0.002));
#6407=CARTESIAN_POINT('',(0.000256787637011502,-0.0431320539137845,0.));
#6408=CARTESIAN_POINT('',(0.000380727371315697,-0.0432885278283435,0.002));
#6409=CARTESIAN_POINT('',(0.000380727371315697,-0.0432885278283435,0.));
#6410=CARTESIAN_POINT('',(0.000508540222316898,-0.0433971041997495,0.002));
#6411=CARTESIAN_POINT('',(0.000508540222316898,-0.0433971041997495,0.));
#6412=CARTESIAN_POINT('',(0.000640226190015105,-0.0434577830280026,0.002));
#6413=CARTESIAN_POINT('',(0.000640226190015105,-0.0434577830280026,0.));
#6414=CARTESIAN_POINT('',(0.000256787637011502,-0.0431320539137845,0.002));
#6415=CARTESIAN_POINT('',(0.000256787637011502,-0.0431320539137845,0.002));
#6416=CARTESIAN_POINT('',(0.000256787637011502,-0.0431320539137845,0.002));
#6417=CARTESIAN_POINT('',(0.000442697238467794,-0.043366764785623,0.002));
#6418=CARTESIAN_POINT('',(0.000640226190015105,-0.0434577830280026,0.002));
#6419=CARTESIAN_POINT('',(0.000247104845268988,-0.0431320539137845,0.002));
#6420=CARTESIAN_POINT('',(0.000247104845268988,-0.0431320539137845,0.002));
#6421=CARTESIAN_POINT('',(0.000597621906348038,-0.0422559549169217,0.002));
#6422=CARTESIAN_POINT('',(0.000597621906348038,-0.0422559549169217,0.));
#6423=CARTESIAN_POINT('',(0.000812450779141976,-0.0422621519036369,0.002));
#6424=CARTESIAN_POINT('',(0.000812450779141976,-0.0422621519036369,0.));
#6425=CARTESIAN_POINT('',(0.000972281394838427,-0.042300753966717,0.002));
#6426=CARTESIAN_POINT('',(0.000972281394838427,-0.042300753966717,0.));
#6427=CARTESIAN_POINT('',(0.00107711375343739,-0.0423717611061621,0.002));
#6428=CARTESIAN_POINT('',(0.00107711375343739,-0.0423717611061621,0.));
#6429=CARTESIAN_POINT('',(0.000597621906348038,-0.0422559549169217,0.));
#6430=CARTESIAN_POINT('',(0.000919865215538945,-0.0422652503969944,0.));
#6431=CARTESIAN_POINT('',(0.00107711375343739,-0.0423717611061621,0.));
#6432=CARTESIAN_POINT('',(0.000597621906348038,-0.0422559549169217,0.002));
#6433=CARTESIAN_POINT('',(0.000919865215538945,-0.0422652503969944,0.002));
#6434=CARTESIAN_POINT('',(0.00107711375343739,-0.0423717611061621,0.002));
#6435=CARTESIAN_POINT('',(0.,0.,0.002));
#6436=CARTESIAN_POINT('',(0.00295673728649445,-0.0435,0.002));
#6437=CARTESIAN_POINT('',(0.00258762926526977,-0.0435,0.002));
#6438=CARTESIAN_POINT('',(0.00258762926526977,-0.0435,0.002));
#6439=CARTESIAN_POINT('',(0.00295673728649445,-0.0435,0.002));
#6440=CARTESIAN_POINT('',(0.00332584530771912,-0.0435,0.002));
#6441=CARTESIAN_POINT('',(0.00332584530771912,-0.0435,0.002));
#6442=CARTESIAN_POINT('',(0.00258762926526977,-0.041616503350246,0.002));
#6443=CARTESIAN_POINT('',(0.00258762926526977,-0.0397330067004919,0.002));
#6444=CARTESIAN_POINT('',(0.00258762926526977,-0.0397330067004919,0.002));
#6445=CARTESIAN_POINT('',(0.00258762926526977,-0.041616503350246,0.002));
#6446=CARTESIAN_POINT('',(0.00295673728649445,-0.0397330067004919,0.002));
#6447=CARTESIAN_POINT('',(0.00332584530771912,-0.0397330067004919,0.002));
#6448=CARTESIAN_POINT('',(0.00332584530771912,-0.0397330067004919,0.002));
#6449=CARTESIAN_POINT('',(0.00295673728649445,-0.0397330067004919,0.002));
#6450=CARTESIAN_POINT('',(0.00332584530771912,-0.041616503350246,0.002));
#6451=CARTESIAN_POINT('',(0.00332584530771912,-0.041616503350246,0.002));
#6452=CARTESIAN_POINT('',(0.,0.,0.002));
#6453=CARTESIAN_POINT('',(0.0049622371122042,-0.0422509198652155,0.002));
#6454=CARTESIAN_POINT('',(0.0049622371122042,-0.0422509198652155,0.));
#6455=CARTESIAN_POINT('',(0.00481931910608467,-0.0422458848135095,0.));
#6456=CARTESIAN_POINT('',(0.00510515511832372,-0.0422559549169217,0.));
#6457=CARTESIAN_POINT('',(0.00481931910608467,-0.0422458848135095,0.002));
#6458=CARTESIAN_POINT('',(0.00481931910608467,-0.0422458848135095,0.002));
#6459=CARTESIAN_POINT('',(0.0049622371122042,-0.0422509198652155,0.002));
#6460=CARTESIAN_POINT('',(0.00510515511832372,-0.0422559549169217,0.002));
#6461=CARTESIAN_POINT('',(0.00510515511832372,-0.0422559549169217,0.002));
#6462=CARTESIAN_POINT('',(0.00481931910608467,-0.0423574305743832,0.002));
#6463=CARTESIAN_POINT('',(0.00481931910608467,-0.0423574305743832,0.));
#6464=CARTESIAN_POINT('',(0.00481931910608467,-0.042468976335257,0.));
#6465=CARTESIAN_POINT('',(0.00481931910608467,-0.042468976335257,0.002));
#6466=CARTESIAN_POINT('',(0.00481931910608467,-0.042468976335257,0.002));
#6467=CARTESIAN_POINT('',(0.00481931910608467,-0.0423574305743832,0.002));
#6468=CARTESIAN_POINT('',(0.00497308183895581,-0.042860935744994,0.002));
#6469=CARTESIAN_POINT('',(0.00497308183895581,-0.042860935744994,0.));
#6470=CARTESIAN_POINT('',(0.00487057335037505,-0.0427623003731103,0.002));
#6471=CARTESIAN_POINT('',(0.00487057335037505,-0.0427623003731103,0.));
#6472=CARTESIAN_POINT('',(0.00481931910608467,-0.0426316472365313,0.002));
#6473=CARTESIAN_POINT('',(0.00481931910608467,-0.0426316472365313,0.));
#6474=CARTESIAN_POINT('',(0.00481931910608467,-0.042468976335257,0.002));
#6475=CARTESIAN_POINT('',(0.00481931910608467,-0.042468976335257,0.));
#6476=CARTESIAN_POINT('',(0.00497308183895581,-0.042860935744994,0.));
#6477=CARTESIAN_POINT('',(0.00481931910608467,-0.0427129826871684,0.));
#6478=CARTESIAN_POINT('',(0.00481931910608467,-0.042468976335257,0.));
#6479=CARTESIAN_POINT('',(0.00497308183895581,-0.042860935744994,0.));
#6480=CARTESIAN_POINT('',(0.00497308183895581,-0.042860935744994,0.002));
#6481=CARTESIAN_POINT('',(0.00497308183895581,-0.042860935744994,0.002));
#6482=CARTESIAN_POINT('',(0.00497308183895581,-0.042860935744994,0.002));
#6483=CARTESIAN_POINT('',(0.00481931910608467,-0.0427129826871684,0.002));
#6484=CARTESIAN_POINT('',(0.00481931910608467,-0.042468976335257,0.002));
#6485=CARTESIAN_POINT('',(0.00538401952050816,-0.0430088888028196,0.002));
#6486=CARTESIAN_POINT('',(0.00538401952050816,-0.0430088888028196,0.));
#6487=CARTESIAN_POINT('',(0.00521256955472069,-0.0430088888028196,0.002));
#6488=CARTESIAN_POINT('',(0.00521256955472069,-0.0430088888028196,0.));
#6489=CARTESIAN_POINT('',(0.00507559032753657,-0.0429595711168778,0.002));
#6490=CARTESIAN_POINT('',(0.00507559032753657,-0.0429595711168778,0.));
#6491=CARTESIAN_POINT('',(0.00497308183895581,-0.042860935744994,0.002));
#6492=CARTESIAN_POINT('',(0.00497308183895581,-0.042860935744994,0.));
#6493=CARTESIAN_POINT('',(0.00538401952050816,-0.0430088888028196,0.));
#6494=CARTESIAN_POINT('',(0.00512684457182695,-0.0430088888028196,0.));
#6495=CARTESIAN_POINT('',(0.00497308183895581,-0.042860935744994,0.));
#6496=CARTESIAN_POINT('',(0.00538401952050816,-0.0430088888028196,0.));
#6497=CARTESIAN_POINT('',(0.00538401952050816,-0.0430088888028196,0.002));
#6498=CARTESIAN_POINT('',(0.00538401952050816,-0.0430088888028196,0.002));
#6499=CARTESIAN_POINT('',(0.00538401952050816,-0.0430088888028196,0.002));
#6500=CARTESIAN_POINT('',(0.00512684457182695,-0.0430088888028196,0.002));
#6501=CARTESIAN_POINT('',(0.00497308183895581,-0.042860935744994,0.002));
#6502=CARTESIAN_POINT('',(0.00574189550331152,-0.0426959409737016,0.002));
#6503=CARTESIAN_POINT('',(0.00574189550331152,-0.0426959409737016,0.));
#6504=CARTESIAN_POINT('',(0.00574189550331152,-0.0429045728597803,0.002));
#6505=CARTESIAN_POINT('',(0.00574189550331152,-0.0429045728597803,0.));
#6506=CARTESIAN_POINT('',(0.00562260350904373,-0.0430088888028196,0.002));
#6507=CARTESIAN_POINT('',(0.00562260350904373,-0.0430088888028196,0.));
#6508=CARTESIAN_POINT('',(0.00538401952050816,-0.0430088888028196,0.002));
#6509=CARTESIAN_POINT('',(0.00538401952050816,-0.0430088888028196,0.));
#6510=CARTESIAN_POINT('',(0.00574189550331152,-0.0426959409737016,0.));
#6511=CARTESIAN_POINT('',(0.00574189550331152,-0.0430088888028196,0.));
#6512=CARTESIAN_POINT('',(0.00538401952050816,-0.0430088888028196,0.));
#6513=CARTESIAN_POINT('',(0.00574189550331152,-0.0426959409737016,0.));
#6514=CARTESIAN_POINT('',(0.00574189550331152,-0.0426959409737016,0.002));
#6515=CARTESIAN_POINT('',(0.00574189550331152,-0.0426959409737016,0.002));
#6516=CARTESIAN_POINT('',(0.00574189550331152,-0.0426959409737016,0.002));
#6517=CARTESIAN_POINT('',(0.00574189550331152,-0.0430088888028196,0.002));
#6518=CARTESIAN_POINT('',(0.00538401952050816,-0.0430088888028196,0.002));
#6519=CARTESIAN_POINT('',(0.00558464696541307,-0.0423717611061621,0.002));
#6520=CARTESIAN_POINT('',(0.00558464696541307,-0.0423717611061621,0.));
#6521=CARTESIAN_POINT('',(0.00568947932401204,-0.0424427682456073,0.002));
#6522=CARTESIAN_POINT('',(0.00568947932401204,-0.0424427682456073,0.));
#6523=CARTESIAN_POINT('',(0.00574189550331152,-0.0425508282014537,0.002));
#6524=CARTESIAN_POINT('',(0.00574189550331152,-0.0425508282014537,0.));
#6525=CARTESIAN_POINT('',(0.00574189550331152,-0.0426959409737016,0.002));
#6526=CARTESIAN_POINT('',(0.00574189550331152,-0.0426959409737016,0.));
#6527=CARTESIAN_POINT('',(0.00558464696541307,-0.0423717611061621,0.));
#6528=CARTESIAN_POINT('',(0.00574189550331152,-0.0424782718153298,0.));
#6529=CARTESIAN_POINT('',(0.00574189550331152,-0.0426959409737016,0.));
#6530=CARTESIAN_POINT('',(0.00558464696541307,-0.0423717611061621,0.));
#6531=CARTESIAN_POINT('',(0.00558464696541307,-0.0423717611061621,0.002));
#6532=CARTESIAN_POINT('',(0.00558464696541307,-0.0423717611061621,0.002));
#6533=CARTESIAN_POINT('',(0.00558464696541307,-0.0423717611061621,0.002));
#6534=CARTESIAN_POINT('',(0.00574189550331152,-0.0424782718153298,0.002));
#6535=CARTESIAN_POINT('',(0.00574189550331152,-0.0426959409737016,0.002));
#6536=CARTESIAN_POINT('',(0.00467330260660754,-0.0433160269568922,0.002));
#6537=CARTESIAN_POINT('',(0.00460164994771293,-0.0435,0.002));
#6538=CARTESIAN_POINT('',(0.00460164994771293,-0.0435,0.002));
#6539=CARTESIAN_POINT('',(0.00467330260660754,-0.0433160269568922,0.002));
#6540=CARTESIAN_POINT('',(0.00474495526550215,-0.0431320539137845,0.002));
#6541=CARTESIAN_POINT('',(0.00474495526550215,-0.0431320539137845,0.002));
#6542=CARTESIAN_POINT('',(0.00434408768736202,-0.0435,0.002));
#6543=CARTESIAN_POINT('',(0.00408652542701112,-0.0435,0.002));
#6544=CARTESIAN_POINT('',(0.00408652542701112,-0.0435,0.002));
#6545=CARTESIAN_POINT('',(0.00434408768736202,-0.0435,0.002));
#6546=CARTESIAN_POINT('',(0.00408652542701112,-0.042598338432937,0.002));
#6547=CARTESIAN_POINT('',(0.00408652542701112,-0.041696676865874,0.002));
#6548=CARTESIAN_POINT('',(0.00408652542701112,-0.041696676865874,0.002));
#6549=CARTESIAN_POINT('',(0.00408652542701112,-0.042598338432937,0.002));
#6550=CARTESIAN_POINT('',(0.00437700917928657,-0.0409751152252218,0.002));
#6551=CARTESIAN_POINT('',(0.00437700917928657,-0.0409751152252218,0.));
#6552=CARTESIAN_POINT('',(0.00418335334443627,-0.0411333965942394,0.002));
#6553=CARTESIAN_POINT('',(0.00418335334443627,-0.0411333965942394,0.));
#6554=CARTESIAN_POINT('',(0.00408652542701112,-0.0413739171411235,0.002));
#6555=CARTESIAN_POINT('',(0.00408652542701112,-0.0413739171411235,0.));
#6556=CARTESIAN_POINT('',(0.00408652542701112,-0.041696676865874,0.002));
#6557=CARTESIAN_POINT('',(0.00408652542701112,-0.041696676865874,0.));
#6558=CARTESIAN_POINT('',(0.00437700917928657,-0.0409751152252218,0.002));
#6559=CARTESIAN_POINT('',(0.00437700917928657,-0.0409751152252218,0.002));
#6560=CARTESIAN_POINT('',(0.00437700917928657,-0.0409751152252218,0.002));
#6561=CARTESIAN_POINT('',(0.00408652542701112,-0.0412125372787482,0.002));
#6562=CARTESIAN_POINT('',(0.00408652542701112,-0.041696676865874,0.002));
#6563=CARTESIAN_POINT('',(0.00521205313916109,-0.0407376931716953,0.002));
#6564=CARTESIAN_POINT('',(0.00521205313916109,-0.0407376931716953,0.));
#6565=CARTESIAN_POINT('',(0.00484901300076172,-0.0407376931716953,0.002));
#6566=CARTESIAN_POINT('',(0.00484901300076172,-0.0407376931716953,0.));
#6567=CARTESIAN_POINT('',(0.00457066501413688,-0.0408168338562041,0.002));
#6568=CARTESIAN_POINT('',(0.00457066501413688,-0.0408168338562041,0.));
#6569=CARTESIAN_POINT('',(0.00437700917928657,-0.0409751152252218,0.002));
#6570=CARTESIAN_POINT('',(0.00437700917928657,-0.0409751152252218,0.));
#6571=CARTESIAN_POINT('',(0.00521205313916109,-0.0407376931716953,0.002));
#6572=CARTESIAN_POINT('',(0.00521205313916109,-0.0407376931716953,0.002));
#6573=CARTESIAN_POINT('',(0.00521205313916109,-0.0407376931716953,0.002));
#6574=CARTESIAN_POINT('',(0.00466749293156203,-0.0407376931716953,0.002));
#6575=CARTESIAN_POINT('',(0.00437700917928657,-0.0409751152252218,0.002));
#6576=CARTESIAN_POINT('',(0.00624772454394051,-0.0409824741469461,0.002));
#6577=CARTESIAN_POINT('',(0.00624772454394051,-0.0409824741469461,0.));
#6578=CARTESIAN_POINT('',(0.00593632596150122,-0.0408192868301122,0.002));
#6579=CARTESIAN_POINT('',(0.00593632596150122,-0.0408192868301122,0.));
#6580=CARTESIAN_POINT('',(0.00559110215990808,-0.0407376931716953,0.002));
#6581=CARTESIAN_POINT('',(0.00559110215990808,-0.0407376931716953,0.));
#6582=CARTESIAN_POINT('',(0.00521205313916109,-0.0407376931716953,0.002));
#6583=CARTESIAN_POINT('',(0.00521205313916109,-0.0407376931716953,0.));
#6584=CARTESIAN_POINT('',(0.00624772454394051,-0.0409824741469461,0.002));
#6585=CARTESIAN_POINT('',(0.00624772454394051,-0.0409824741469461,0.002));
#6586=CARTESIAN_POINT('',(0.00624772454394051,-0.0409824741469461,0.002));
#6587=CARTESIAN_POINT('',(0.00578062667028158,-0.0407376931716953,0.002));
#6588=CARTESIAN_POINT('',(0.00521205313916109,-0.0407376931716953,0.002));
#6589=CARTESIAN_POINT('',(0.00612572136798482,-0.0412319028622333,0.002));
#6590=CARTESIAN_POINT('',(0.00600371819202913,-0.0414813315775205,0.002));
#6591=CARTESIAN_POINT('',(0.00600371819202913,-0.0414813315775205,0.002));
#6592=CARTESIAN_POINT('',(0.00612572136798482,-0.0412319028622333,0.002));
#6593=CARTESIAN_POINT('',(0.00524071420271893,-0.0412853518726519,0.002));
#6594=CARTESIAN_POINT('',(0.00524071420271893,-0.0412853518726519,0.));
#6595=CARTESIAN_POINT('',(0.00545709232219167,-0.0412853518726519,0.002));
#6596=CARTESIAN_POINT('',(0.00545709232219167,-0.0412853518726519,0.));
#6597=CARTESIAN_POINT('',(0.00571142698529507,-0.0413506784409414,0.002));
#6598=CARTESIAN_POINT('',(0.00571142698529507,-0.0413506784409414,0.));
#6599=CARTESIAN_POINT('',(0.00600371819202913,-0.0414813315775205,0.002));
#6600=CARTESIAN_POINT('',(0.00600371819202913,-0.0414813315775205,0.));
#6601=CARTESIAN_POINT('',(0.00524071420271893,-0.0412853518726519,0.002));
#6602=CARTESIAN_POINT('',(0.00524071420271893,-0.0412853518726519,0.002));
#6603=CARTESIAN_POINT('',(0.00524071420271893,-0.0412853518726519,0.002));
#6604=CARTESIAN_POINT('',(0.00556528138192804,-0.0412853518726519,0.002));
#6605=CARTESIAN_POINT('',(0.00600371819202913,-0.0414813315775205,0.002));
#6606=CARTESIAN_POINT('',(0.00481931910608467,-0.041696676865874,0.002));
#6607=CARTESIAN_POINT('',(0.00481931910608467,-0.041696676865874,0.));
#6608=CARTESIAN_POINT('',(0.00481931910608467,-0.041422460203726,0.002));
#6609=CARTESIAN_POINT('',(0.00481931910608467,-0.041422460203726,0.));
#6610=CARTESIAN_POINT('',(0.00495978413829609,-0.0412853518726519,0.002));
#6611=CARTESIAN_POINT('',(0.00495978413829609,-0.0412853518726519,0.));
#6612=CARTESIAN_POINT('',(0.00524071420271893,-0.0412853518726519,0.002));
#6613=CARTESIAN_POINT('',(0.00524071420271893,-0.0412853518726519,0.));
#6614=CARTESIAN_POINT('',(0.00481931910608467,-0.041696676865874,0.002));
#6615=CARTESIAN_POINT('',(0.00481931910608467,-0.041696676865874,0.002));
#6616=CARTESIAN_POINT('',(0.00481931910608467,-0.041696676865874,0.002));
#6617=CARTESIAN_POINT('',(0.00481931910608467,-0.0412853518726519,0.002));
#6618=CARTESIAN_POINT('',(0.00524071420271893,-0.0412853518726519,0.002));
#6619=CARTESIAN_POINT('',(0.00481931910608467,-0.0417559355513381,0.002));
#6620=CARTESIAN_POINT('',(0.00481931910608467,-0.0418151942368024,0.002));
#6621=CARTESIAN_POINT('',(0.00481931910608467,-0.0418151942368024,0.002));
#6622=CARTESIAN_POINT('',(0.00481931910608467,-0.0417559355513381,0.002));
#6623=CARTESIAN_POINT('',(0.00505441728959294,-0.0418225531585267,0.002));
#6624=CARTESIAN_POINT('',(0.00528951547310121,-0.041829912080251,0.002));
#6625=CARTESIAN_POINT('',(0.00528951547310121,-0.041829912080251,0.002));
#6626=CARTESIAN_POINT('',(0.00505441728959294,-0.0418225531585267,0.002));
#6627=CARTESIAN_POINT('',(0.00619814865021884,-0.0420561020953561,0.002));
#6628=CARTESIAN_POINT('',(0.00619814865021884,-0.0420561020953561,0.));
#6629=CARTESIAN_POINT('',(0.00599726299753412,-0.0419197683876215,0.002));
#6630=CARTESIAN_POINT('',(0.00599726299753412,-0.0419197683876215,0.));
#6631=CARTESIAN_POINT('',(0.00569438527182824,-0.0418443717159198,0.002));
#6632=CARTESIAN_POINT('',(0.00569438527182824,-0.0418443717159198,0.));
#6633=CARTESIAN_POINT('',(0.00528951547310121,-0.041829912080251,0.002));
#6634=CARTESIAN_POINT('',(0.00528951547310121,-0.041829912080251,0.));
#6635=CARTESIAN_POINT('',(0.00619814865021884,-0.0420561020953561,0.002));
#6636=CARTESIAN_POINT('',(0.00619814865021884,-0.0420561020953561,0.002));
#6637=CARTESIAN_POINT('',(0.00619814865021884,-0.0420561020953561,0.002));
#6638=CARTESIAN_POINT('',(0.00589682017119176,-0.0418516015337543,0.002));
#6639=CARTESIAN_POINT('',(0.00528951547310121,-0.041829912080251,0.002));
#6640=CARTESIAN_POINT('',(0.00649947712924591,-0.0426912932336651,0.002));
#6641=CARTESIAN_POINT('',(0.00649947712924591,-0.0426912932336651,0.));
#6642=CARTESIAN_POINT('',(0.00649947712924591,-0.0424041661825271,0.002));
#6643=CARTESIAN_POINT('',(0.00649947712924591,-0.0424041661825271,0.));
#6644=CARTESIAN_POINT('',(0.00639903430290355,-0.0421924358030908,0.002));
#6645=CARTESIAN_POINT('',(0.00639903430290355,-0.0421924358030908,0.));
#6646=CARTESIAN_POINT('',(0.00619814865021884,-0.0420561020953561,0.002));
#6647=CARTESIAN_POINT('',(0.00619814865021884,-0.0420561020953561,0.));
#6648=CARTESIAN_POINT('',(0.00649947712924591,-0.0426912932336651,0.002));
#6649=CARTESIAN_POINT('',(0.00649947712924591,-0.0426912932336651,0.002));
#6650=CARTESIAN_POINT('',(0.00649947712924591,-0.0426912932336651,0.002));
#6651=CARTESIAN_POINT('',(0.00649947712924591,-0.0422606026569581,0.002));
#6652=CARTESIAN_POINT('',(0.00619814865021884,-0.0420561020953561,0.002));
#6653=CARTESIAN_POINT('',(0.00627561098415896,-0.0433257097486347,0.002));
#6654=CARTESIAN_POINT('',(0.00627561098415896,-0.0433257097486347,0.));
#6655=CARTESIAN_POINT('',(0.00642485508088359,-0.0431769820674697,0.002));
#6656=CARTESIAN_POINT('',(0.00642485508088359,-0.0431769820674697,0.));
#6657=CARTESIAN_POINT('',(0.00649947712924591,-0.0429655098958132,0.002));
#6658=CARTESIAN_POINT('',(0.00649947712924591,-0.0429655098958132,0.));
#6659=CARTESIAN_POINT('',(0.00649947712924591,-0.0426912932336651,0.002));
#6660=CARTESIAN_POINT('',(0.00649947712924591,-0.0426912932336651,0.));
#6661=CARTESIAN_POINT('',(0.00627561098415896,-0.0433257097486347,0.002));
#6662=CARTESIAN_POINT('',(0.00627561098415896,-0.0433257097486347,0.002));
#6663=CARTESIAN_POINT('',(0.00627561098415896,-0.0433257097486347,0.002));
#6664=CARTESIAN_POINT('',(0.00649947712924591,-0.0431026182268872,0.002));
#6665=CARTESIAN_POINT('',(0.00649947712924591,-0.0426912932336651,0.002));
#6666=CARTESIAN_POINT('',(0.00566210929935319,-0.0435488012703823,0.002));
#6667=CARTESIAN_POINT('',(0.00566210929935319,-0.0435488012703823,0.));
#6668=CARTESIAN_POINT('',(0.0059218663258324,-0.0435488012703823,0.002));
#6669=CARTESIAN_POINT('',(0.0059218663258324,-0.0435488012703823,0.));
#6670=CARTESIAN_POINT('',(0.00612636688743433,-0.0434744374297998,0.002));
#6671=CARTESIAN_POINT('',(0.00612636688743433,-0.0434744374297998,0.));
#6672=CARTESIAN_POINT('',(0.00627561098415896,-0.0433257097486347,0.002));
#6673=CARTESIAN_POINT('',(0.00627561098415896,-0.0433257097486347,0.));
#6674=CARTESIAN_POINT('',(0.00566210929935319,-0.0435488012703823,0.002));
#6675=CARTESIAN_POINT('',(0.00566210929935319,-0.0435488012703823,0.002));
#6676=CARTESIAN_POINT('',(0.00566210929935319,-0.0435488012703823,0.002));
#6677=CARTESIAN_POINT('',(0.00605174483907201,-0.0435488012703823,0.002));
#6678=CARTESIAN_POINT('',(0.00627561098415896,-0.0433257097486347,0.002));
#6679=CARTESIAN_POINT('',(0.00514775940199079,-0.0434577830280026,0.002));
#6680=CARTESIAN_POINT('',(0.00514775940199079,-0.0434577830280026,0.));
#6681=CARTESIAN_POINT('',(0.005279445369689,-0.0435184618562557,0.002));
#6682=CARTESIAN_POINT('',(0.005279445369689,-0.0435184618562557,0.));
#6683=CARTESIAN_POINT('',(0.00545089533547646,-0.0435488012703823,0.002));
#6684=CARTESIAN_POINT('',(0.00545089533547646,-0.0435488012703823,0.));
#6685=CARTESIAN_POINT('',(0.00566210929935319,-0.0435488012703823,0.002));
#6686=CARTESIAN_POINT('',(0.00566210929935319,-0.0435488012703823,0.));
#6687=CARTESIAN_POINT('',(0.00514775940199079,-0.0434577830280026,0.002));
#6688=CARTESIAN_POINT('',(0.00514775940199079,-0.0434577830280026,0.002));
#6689=CARTESIAN_POINT('',(0.00514775940199079,-0.0434577830280026,0.002));
#6690=CARTESIAN_POINT('',(0.0053452883535381,-0.0435488012703823,0.002));
#6691=CARTESIAN_POINT('',(0.00566210929935319,-0.0435488012703823,0.002));
#6692=CARTESIAN_POINT('',(0.00476432084898718,-0.0431320539137845,0.002));
#6693=CARTESIAN_POINT('',(0.00476432084898718,-0.0431320539137845,0.));
#6694=CARTESIAN_POINT('',(0.00488826058329138,-0.0432885278283435,0.002));
#6695=CARTESIAN_POINT('',(0.00488826058329138,-0.0432885278283435,0.));
#6696=CARTESIAN_POINT('',(0.00501607343429258,-0.0433971041997495,0.002));
#6697=CARTESIAN_POINT('',(0.00501607343429258,-0.0433971041997495,0.));
#6698=CARTESIAN_POINT('',(0.00514775940199079,-0.0434577830280026,0.002));
#6699=CARTESIAN_POINT('',(0.00514775940199079,-0.0434577830280026,0.));
#6700=CARTESIAN_POINT('',(0.00476432084898718,-0.0431320539137845,0.002));
#6701=CARTESIAN_POINT('',(0.00476432084898718,-0.0431320539137845,0.002));
#6702=CARTESIAN_POINT('',(0.00476432084898718,-0.0431320539137845,0.002));
#6703=CARTESIAN_POINT('',(0.00495023045044348,-0.043366764785623,0.002));
#6704=CARTESIAN_POINT('',(0.00514775940199079,-0.0434577830280026,0.002));
#6705=CARTESIAN_POINT('',(0.00475463805724467,-0.0431320539137845,0.002));
#6706=CARTESIAN_POINT('',(0.00475463805724467,-0.0431320539137845,0.002));
#6707=CARTESIAN_POINT('',(0.00510515511832372,-0.0422559549169217,0.002));
#6708=CARTESIAN_POINT('',(0.00510515511832372,-0.0422559549169217,0.));
#6709=CARTESIAN_POINT('',(0.00531998399111766,-0.0422621519036369,0.002));
#6710=CARTESIAN_POINT('',(0.00531998399111766,-0.0422621519036369,0.));
#6711=CARTESIAN_POINT('',(0.00547981460681411,-0.042300753966717,0.002));
#6712=CARTESIAN_POINT('',(0.00547981460681411,-0.042300753966717,0.));
#6713=CARTESIAN_POINT('',(0.00558464696541307,-0.0423717611061621,0.002));
#6714=CARTESIAN_POINT('',(0.00558464696541307,-0.0423717611061621,0.));
#6715=CARTESIAN_POINT('',(0.00510515511832372,-0.0422559549169217,0.));
#6716=CARTESIAN_POINT('',(0.00542739842751463,-0.0422652503969944,0.));
#6717=CARTESIAN_POINT('',(0.00558464696541307,-0.0423717611061621,0.));
#6718=CARTESIAN_POINT('',(0.00510515511832372,-0.0422559549169217,0.002));
#6719=CARTESIAN_POINT('',(0.00542739842751463,-0.0422652503969944,0.002));
#6720=CARTESIAN_POINT('',(0.00558464696541307,-0.0423717611061621,0.002));
#6721=CARTESIAN_POINT('',(0.,0.,0.002));
#6722=CARTESIAN_POINT('',(0.00713389364421551,-0.0435,0.002));
#6723=CARTESIAN_POINT('',(0.00670785080754484,-0.0435,0.002));
#6724=CARTESIAN_POINT('',(0.00670785080754484,-0.0435,0.002));
#6725=CARTESIAN_POINT('',(0.00713389364421551,-0.0435,0.002));
#6726=CARTESIAN_POINT('',(0.00755993648088618,-0.0435,0.002));
#6727=CARTESIAN_POINT('',(0.00755993648088618,-0.0435,0.002));
#6728=CARTESIAN_POINT('',(0.00732987334908401,-0.0425135171772726,0.002));
#6729=CARTESIAN_POINT('',(0.00795189589062319,-0.0415270343545451,0.002));
#6730=CARTESIAN_POINT('',(0.00795189589062319,-0.0415270343545451,0.002));
#6731=CARTESIAN_POINT('',(0.00732987334908401,-0.0425135171772726,0.002));
#6732=CARTESIAN_POINT('',(0.00733452108912042,-0.0407438901584105,0.002));
#6733=CARTESIAN_POINT('',(0.00671714628761765,-0.0399607459622758,0.002));
#6734=CARTESIAN_POINT('',(0.00671714628761765,-0.0399607459622758,0.002));
#6735=CARTESIAN_POINT('',(0.00733452108912042,-0.0407438901584105,0.002));
#6736=CARTESIAN_POINT('',(0.00713350633254581,-0.0399607459622758,0.002));
#6737=CARTESIAN_POINT('',(0.00754986637747396,-0.0399607459622758,0.002));
#6738=CARTESIAN_POINT('',(0.00754986637747396,-0.0399607459622758,0.002));
#6739=CARTESIAN_POINT('',(0.00713350633254581,-0.0399607459622758,0.002));
#6740=CARTESIAN_POINT('',(0.00802935822456331,-0.0405622409853209,0.002));
#6741=CARTESIAN_POINT('',(0.00850885007165267,-0.0411637360083659,0.002));
#6742=CARTESIAN_POINT('',(0.00850885007165267,-0.0411637360083659,0.002));
#6743=CARTESIAN_POINT('',(0.00802935822456331,-0.0405622409853209,0.002));
#6744=CARTESIAN_POINT('',(0.0086564158178086,-0.0413721096866648,0.002));
#6745=CARTESIAN_POINT('',(0.00880398156396453,-0.0415804833649638,0.002));
#6746=CARTESIAN_POINT('',(0.00880398156396453,-0.0415804833649638,0.002));
#6747=CARTESIAN_POINT('',(0.0086564158178086,-0.0413721096866648,0.002));
#6748=CARTESIAN_POINT('',(0.00880398156396453,-0.0407706146636198,0.002));
#6749=CARTESIAN_POINT('',(0.00880398156396453,-0.0399607459622758,0.002));
#6750=CARTESIAN_POINT('',(0.00880398156396453,-0.0399607459622758,0.002));
#6751=CARTESIAN_POINT('',(0.00880398156396453,-0.0407706146636198,0.002));
#6752=CARTESIAN_POINT('',(0.00917928657190442,-0.0399607459622758,0.002));
#6753=CARTESIAN_POINT('',(0.00955459157984431,-0.0399607459622758,0.002));
#6754=CARTESIAN_POINT('',(0.00955459157984431,-0.0399607459622758,0.002));
#6755=CARTESIAN_POINT('',(0.00917928657190442,-0.0399607459622758,0.002));
#6756=CARTESIAN_POINT('',(0.00955459157984431,-0.041730372981138,0.002));
#6757=CARTESIAN_POINT('',(0.00955459157984431,-0.0435,0.002));
#6758=CARTESIAN_POINT('',(0.00955459157984431,-0.0435,0.002));
#6759=CARTESIAN_POINT('',(0.00955459157984431,-0.041730372981138,0.002));
#6760=CARTESIAN_POINT('',(0.00917928657190442,-0.0435,0.002));
#6761=CARTESIAN_POINT('',(0.00880398156396453,-0.0435,0.002));
#6762=CARTESIAN_POINT('',(0.00880398156396453,-0.0435,0.002));
#6763=CARTESIAN_POINT('',(0.00917928657190442,-0.0435,0.002));
#6764=CARTESIAN_POINT('',(0.00880398156396453,-0.0428682946667183,0.002));
#6765=CARTESIAN_POINT('',(0.00880398156396453,-0.0422365893334367,0.002));
#6766=CARTESIAN_POINT('',(0.00880398156396453,-0.0422365893334367,0.002));
#6767=CARTESIAN_POINT('',(0.00880398156396453,-0.0428682946667183,0.002));
#6768=CARTESIAN_POINT('',(0.00864557109105698,-0.0421227197025447,0.002));
#6769=CARTESIAN_POINT('',(0.00848716061814943,-0.0420088500716526,0.002));
#6770=CARTESIAN_POINT('',(0.00848716061814943,-0.0420088500716526,0.002));
#6771=CARTESIAN_POINT('',(0.00864557109105698,-0.0421227197025447,0.002));
#6772=CARTESIAN_POINT('',(0.00802354854951781,-0.0427544250358263,0.002));
#6773=CARTESIAN_POINT('',(0.00802354854951781,-0.0427544250358263,0.002));
#6774=CARTESIAN_POINT('',(0.,0.,0.002));
#6775=CARTESIAN_POINT('',(0.,0.,0.));
#6776=CARTESIAN_POINT('',(0.,0.,0.));
#6777=CARTESIAN_POINT('',(0.,0.,0.));
#6778=CARTESIAN_POINT('',(0.,0.,0.));
#6779=CARTESIAN_POINT('',(0.,0.,0.));
#6780=CARTESIAN_POINT('',(-0.03,0.0425,0.001));
#6781=CARTESIAN_POINT('',(-0.034,0.0425,0.001));
#6782=CARTESIAN_POINT('',(-0.03,0.0465,0.001));
#6783=CARTESIAN_POINT('',(7.13714801544743E-18,0.0465,0.001));
#6784=CARTESIAN_POINT('',(0.03,0.0465,0.001));
#6785=CARTESIAN_POINT('',(-0.034,2.48339360771416E-18,0.001));
#6786=CARTESIAN_POINT('',(-0.034,-0.0425,0.001));
#6787=CARTESIAN_POINT('',(0.03,0.0425,0.001));
#6788=CARTESIAN_POINT('',(0.034,0.0425,0.001));
#6789=CARTESIAN_POINT('',(-0.03,-0.0425,0.001));
#6790=CARTESIAN_POINT('',(-0.03,-0.0465,0.001));
#6791=CARTESIAN_POINT('',(0.034,7.30409884621814E-20,0.001));
#6792=CARTESIAN_POINT('',(0.034,-0.0425,0.001));
#6793=CARTESIAN_POINT('',(9.2188161866196E-18,-0.0465,0.001));
#6794=CARTESIAN_POINT('',(0.03,-0.0465,0.001));
#6795=CARTESIAN_POINT('',(0.03,-0.0425,0.001));
#6796=MECHANICAL_DESIGN_GEOMETRIC_PRESENTATION_REPRESENTATION('',(#3881),
#6797);
#6797=(
GEOMETRIC_REPRESENTATION_CONTEXT(3)
GLOBAL_UNCERTAINTY_ASSIGNED_CONTEXT((#6798))
GLOBAL_UNIT_ASSIGNED_CONTEXT((#6801,#6800,#6799))
REPRESENTATION_CONTEXT('Bottom','TOP_LEVEL_ASSEMBLY_PART')
);
#6798=UNCERTAINTY_MEASURE_WITH_UNIT(LENGTH_MEASURE(2.E-5),#6801,
'DISTANCE_ACCURACY_VALUE','Maximum Tolerance applied to model');
#6799=(
NAMED_UNIT(*)
SI_UNIT($,.STERADIAN.)
SOLID_ANGLE_UNIT()
);
#6800=(
NAMED_UNIT(*)
PLANE_ANGLE_UNIT()
SI_UNIT($,.RADIAN.)
);
#6801=(
LENGTH_UNIT()
NAMED_UNIT(*)
SI_UNIT($,.METRE.)
);
#6802=PRODUCT_DEFINITION_SHAPE('','',#6803);
#6803=PRODUCT_DEFINITION('','',#6805,#6804);
#6804=PRODUCT_DEFINITION_CONTEXT('',#6811,'design');
#6805=PRODUCT_DEFINITION_FORMATION_WITH_SPECIFIED_SOURCE('','',#6807,
 .NOT_KNOWN.);
#6806=PRODUCT_RELATED_PRODUCT_CATEGORY('','',(#6807));
#6807=PRODUCT('Bottom','Bottom','Bottom',(#6809));
#6808=PRODUCT_CATEGORY('','');
#6809=PRODUCT_CONTEXT('',#6811,'mechanical');
#6810=APPLICATION_PROTOCOL_DEFINITION('international standard',
'ap242_managed_model_based_3d_engineering',2011,#6811);
#6811=APPLICATION_CONTEXT('managed model based 3d engineering');
ENDSEC;
END-ISO-10303-21;
